[{"country": "LIE - Liechtenstein", "index": "GII - Gender Inequality Index", "indicator": "abr - Adolescent Birth Rate (births per 1,000 women ages 15-19)", "year": "1990", "value": "6.884"}, {"country": "LIE - Liechtenstein", "index": "GII - Gender Inequality Index", "indicator": "abr - Adolescent Birth Rate (births per 1,000 women ages 15-19)", "year": "1991", "value": "6.934"}, {"country": "LIE - Liechtenstein", "index": "GII - Gender Inequality Index", "indicator": "abr - Adolescent Birth Rate (births per 1,000 women ages 15-19)", "year": "1992", "value": "6.874"}, {"country": "LIE - Liechtenstein", "index": "GII - Gender Inequality Index", "indicator": "abr - Adolescent Birth Rate (births per 1,000 women ages 15-19)", "year": "1993", "value": "6.604"}, {"country": "LIE - Liechtenstein", "index": "GII - Gender Inequality Index", "indicator": "abr - Adolescent Birth Rate (births per 1,000 women ages 15-19)", "year": "1994", "value": "6.554"}, {"country": "LIE - Liechtenstein", "index": "GII - Gender Inequality Index", "indicator": "abr - Adolescent Birth Rate (births per 1,000 women ages 15-19)", "year": "1995", "value": "6.371"}, {"country": "LIE - Liechtenstein", "index": "GII - Gender Inequality Index", "indicator": "abr - Adolescent Birth Rate (births per 1,000 women ages 15-19)", "year": "1996", "value": "6.603"}, {"country": "LIE - Liechtenstein", "index": "GII - Gender Inequality Index", "indicator": "abr - Adolescent Birth Rate (births per 1,000 women ages 15-19)", "year": "1997", "value": "6.756"}, {"country": "LIE - Liechtenstein", "index": "GII - Gender Inequality Index", "indicator": "abr - Adolescent Birth Rate (births per 1,000 women ages 15-19)", "year": "1998", "value": "6.583"}, {"country": "LIE - Liechtenstein", "index": "GII - Gender Inequality Index", "indicator": "abr - Adolescent Birth Rate (births per 1,000 women ages 15-19)", "year": "1999", "value": "6.725"}, {"country": "LIE - Liechtenstein", "index": "GII - Gender Inequality Index", "indicator": "abr - Adolescent Birth Rate (births per 1,000 women ages 15-19)", "year": "2000", "value": "6.663"}, {"country": "LIE - Liechtenstein", "index": "GII - Gender Inequality Index", "indicator": "abr - Adolescent Birth Rate (births per 1,000 women ages 15-19)", "year": "2001", "value": "6.239"}, {"country": "LIE - Liechtenstein", "index": "GII - Gender Inequality Index", "indicator": "abr - Adolescent Birth Rate (births per 1,000 women ages 15-19)", "year": "2002", "value": "5.686"}, {"country": "LIE - Liechtenstein", "index": "GII - Gender Inequality Index", "indicator": "abr - Adolescent Birth Rate (births per 1,000 women ages 15-19)", "year": "2003", "value": "5.014"}, {"country": "LIE - Liechtenstein", "index": "GII - Gender Inequality Index", "indicator": "abr - Adolescent Birth Rate (births per 1,000 women ages 15-19)", "year": "2004", "value": "5.088"}, {"country": "LIE - Liechtenstein", "index": "GII - Gender Inequality Index", "indicator": "abr - Adolescent Birth Rate (births per 1,000 women ages 15-19)", "year": "2005", "value": "4.979"}, {"country": "LIE - Liechtenstein", "index": "GII - Gender Inequality Index", "indicator": "abr - Adolescent Birth Rate (births per 1,000 women ages 15-19)", "year": "2006", "value": "4.381"}, {"country": "LIE - Liechtenstein", "index": "GII - Gender Inequality Index", "indicator": "abr - Adolescent Birth Rate (births per 1,000 women ages 15-19)", "year": "2007", "value": "4.093"}, {"country": "LIE - Liechtenstein", "index": "GII - Gender Inequality Index", "indicator": "abr - Adolescent Birth Rate (births per 1,000 women ages 15-19)", "year": "2008", "value": "3.936"}, {"country": "LIE - Liechtenstein", "index": "GII - Gender Inequality Index", "indicator": "abr - Adolescent Birth Rate (births per 1,000 women ages 15-19)", "year": "2009", "value": "4.766"}, {"country": "LIE - Liechtenstein", "index": "GII - Gender Inequality Index", "indicator": "abr - Adolescent Birth Rate (births per 1,000 women ages 15-19)", "year": "2010", "value": "3.669"}, {"country": "LIE - Liechtenstein", "index": "GII - Gender Inequality Index", "indicator": "abr - Adolescent Birth Rate (births per 1,000 women ages 15-19)", "year": "2011", "value": "4.308"}, {"country": "LIE - Liechtenstein", "index": "GII - Gender Inequality Index", "indicator": "abr - Adolescent Birth Rate (births per 1,000 women ages 15-19)", "year": "2012", "value": "3.601"}, {"country": "LIE - Liechtenstein", "index": "GII - Gender Inequality Index", "indicator": "abr - Adolescent Birth Rate (births per 1,000 women ages 15-19)", "year": "2013", "value": "3.203"}, {"country": "LIE - Liechtenstein", "index": "GII - Gender Inequality Index", "indicator": "abr - Adolescent Birth Rate (births per 1,000 women ages 15-19)", "year": "2014", "value": "3.502"}, {"country": "LIE - Liechtenstein", "index": "GII - Gender Inequality Index", "indicator": "abr - Adolescent Birth Rate (births per 1,000 women ages 15-19)", "year": "2015", "value": "3.089"}, {"country": "LIE - Liechtenstein", "index": "GII - Gender Inequality Index", "indicator": "abr - Adolescent Birth Rate (births per 1,000 women ages 15-19)", "year": "2016", "value": "3.587"}, {"country": "LIE - Liechtenstein", "index": "GII - Gender Inequality Index", "indicator": "abr - Adolescent Birth Rate (births per 1,000 women ages 15-19)", "year": "2017", "value": "3.136"}, {"country": "LIE - Liechtenstein", "index": "GII - Gender Inequality Index", "indicator": "abr - Adolescent Birth Rate (births per 1,000 women ages 15-19)", "year": "2018", "value": "3.455"}, {"country": "LIE - Liechtenstein", "index": "GII - Gender Inequality Index", "indicator": "abr - Adolescent Birth Rate (births per 1,000 women ages 15-19)", "year": "2019", "value": "3.151"}, {"country": "LIE - Liechtenstein", "index": "GII - Gender Inequality Index", "indicator": "abr - Adolescent Birth Rate (births per 1,000 women ages 15-19)", "year": "2020", "value": "3.052"}, {"country": "LIE - Liechtenstein", "index": "GII - Gender Inequality Index", "indicator": "abr - Adolescent Birth Rate (births per 1,000 women ages 15-19)", "year": "2021", "value": "3.019"}, {"country": "LIE - Liechtenstein", "index": "PHDI - Planetary pressures\u2013adjusted Human Development Index", "indicator": "co2_prod - Carbon dioxide emissions per capita (production) (tonnes)", "year": "1990", "value": "6.911320296"}, {"country": "LIE - Liechtenstein", "index": "PHDI - Planetary pressures\u2013adjusted Human Development Index", "indicator": "co2_prod - Carbon dioxide emissions per capita (production) (tonnes)", "year": "1991", "value": "7.076031414"}, {"country": "LIE - Liechtenstein", "index": "PHDI - Planetary pressures\u2013adjusted Human Development Index", "indicator": "co2_prod - Carbon dioxide emissions per capita (production) (tonnes)", "year": "1992", "value": "7.002673163"}, {"country": "LIE - Liechtenstein", "index": "PHDI - Planetary pressures\u2013adjusted Human Development Index", "indicator": "co2_prod - Carbon dioxide emissions per capita (production) (tonnes)", "year": "1993", "value": "7.173644704"}, {"country": "LIE - Liechtenstein", "index": "PHDI - Planetary pressures\u2013adjusted Human Development Index", "indicator": "co2_prod - Carbon dioxide emissions per capita (production) (tonnes)", "year": "1994", "value": "6.609807402"}, {"country": "LIE - Liechtenstein", "index": "PHDI - Planetary pressures\u2013adjusted Human Development Index", "indicator": "co2_prod - Carbon dioxide emissions per capita (production) (tonnes)", "year": "1995", "value": "6.612694301"}, {"country": "LIE - Liechtenstein", "index": "PHDI - Planetary pressures\u2013adjusted Human Development Index", "indicator": "co2_prod - Carbon dioxide emissions per capita (production) (tonnes)", "year": "1996", "value": "6.570116116"}, {"country": "LIE - Liechtenstein", "index": "PHDI - Planetary pressures\u2013adjusted Human Development Index", "indicator": "co2_prod - Carbon dioxide emissions per capita (production) (tonnes)", "year": "1997", "value": "6.860508954"}, {"country": "LIE - Liechtenstein", "index": "PHDI - Planetary pressures\u2013adjusted Human Development Index", "indicator": "co2_prod - Carbon dioxide emissions per capita (production) (tonnes)", "year": "1998", "value": "7.094487945"}, {"country": "LIE - Liechtenstein", "index": "PHDI - Planetary pressures\u2013adjusted Human Development Index", "indicator": "co2_prod - Carbon dioxide emissions per capita (production) (tonnes)", "year": "1999", "value": "6.913851506"}, {"country": "LIE - Liechtenstein", "index": "PHDI - Planetary pressures\u2013adjusted Human Development Index", "indicator": "co2_prod - Carbon dioxide emissions per capita (production) (tonnes)", "year": "2000", "value": "6.534775796"}, {"country": "LIE - Liechtenstein", "index": "PHDI - Planetary pressures\u2013adjusted Human Development Index", "indicator": "co2_prod - Carbon dioxide emissions per capita (production) (tonnes)", "year": "2001", "value": "6.397830234"}, {"country": "LIE - Liechtenstein", "index": "PHDI - Planetary pressures\u2013adjusted Human Development Index", "indicator": "co2_prod - Carbon dioxide emissions per capita (production) (tonnes)", "year": "2002", "value": "6.493993329"}, {"country": "LIE - Liechtenstein", "index": "PHDI - Planetary pressures\u2013adjusted Human Development Index", "indicator": "co2_prod - Carbon dioxide emissions per capita (production) (tonnes)", "year": "2003", "value": "6.710753475"}, {"country": "LIE - Liechtenstein", "index": "PHDI - Planetary pressures\u2013adjusted Human Development Index", "indicator": "co2_prod - Carbon dioxide emissions per capita (production) (tonnes)", "year": "2004", "value": "6.65766864"}, {"country": "LIE - Liechtenstein", "index": "PHDI - Planetary pressures\u2013adjusted Human Development Index", "indicator": "co2_prod - Carbon dioxide emissions per capita (production) (tonnes)", "year": "2005", "value": "6.595511768"}, {"country": "LIE - Liechtenstein", "index": "PHDI - Planetary pressures\u2013adjusted Human Development Index", "indicator": "co2_prod - Carbon dioxide emissions per capita (production) (tonnes)", "year": "2006", "value": "6.607663712"}, {"country": "LIE - Liechtenstein", "index": "PHDI - Planetary pressures\u2013adjusted Human Development Index", "indicator": "co2_prod - Carbon dioxide emissions per capita (production) (tonnes)", "year": "2007", "value": "5.700088026"}, {"country": "LIE - Liechtenstein", "index": "PHDI - Planetary pressures\u2013adjusted Human Development Index", "indicator": "co2_prod - Carbon dioxide emissions per capita (production) (tonnes)", "year": "2008", "value": "6.187307942"}, {"country": "LIE - Liechtenstein", "index": "PHDI - Planetary pressures\u2013adjusted Human Development Index", "indicator": "co2_prod - Carbon dioxide emissions per capita (production) (tonnes)", "year": "2009", "value": "5.747193999"}, {"country": "LIE - Liechtenstein", "index": "PHDI - Planetary pressures\u2013adjusted Human Development Index", "indicator": "co2_prod - Carbon dioxide emissions per capita (production) (tonnes)", "year": "2010", "value": "5.300327832"}, {"country": "LIE - Liechtenstein", "index": "PHDI - Planetary pressures\u2013adjusted Human Development Index", "indicator": "co2_prod - Carbon dioxide emissions per capita (production) (tonnes)", "year": "2011", "value": "4.869809605"}, {"country": "LIE - Liechtenstein", "index": "PHDI - Planetary pressures\u2013adjusted Human Development Index", "indicator": "co2_prod - Carbon dioxide emissions per capita (production) (tonnes)", "year": "2012", "value": "5.059948109"}, {"country": "LIE - Liechtenstein", "index": "PHDI - Planetary pressures\u2013adjusted Human Development Index", "indicator": "co2_prod - Carbon dioxide emissions per capita (production) (tonnes)", "year": "2013", "value": "5.211999783"}, {"country": "LIE - Liechtenstein", "index": "PHDI - Planetary pressures\u2013adjusted Human Development Index", "indicator": "co2_prod - Carbon dioxide emissions per capita (production) (tonnes)", "year": "2014", "value": "4.330118475"}, {"country": "LIE - Liechtenstein", "index": "PHDI - Planetary pressures\u2013adjusted Human Development Index", "indicator": "co2_prod - Carbon dioxide emissions per capita (production) (tonnes)", "year": "2015", "value": "4.259941286"}, {"country": "LIE - Liechtenstein", "index": "PHDI - Planetary pressures\u2013adjusted Human Development Index", "indicator": "co2_prod - Carbon dioxide emissions per capita (production) (tonnes)", "year": "2016", "value": "3.971267725"}, {"country": "LIE - Liechtenstein", "index": "PHDI - Planetary pressures\u2013adjusted Human Development Index", "indicator": "co2_prod - Carbon dioxide emissions per capita (production) (tonnes)", "year": "2017", "value": "4.107936508"}, {"country": "LIE - Liechtenstein", "index": "PHDI - Planetary pressures\u2013adjusted Human Development Index", "indicator": "co2_prod - Carbon dioxide emissions per capita (production) (tonnes)", "year": "2018", "value": "3.753890794"}, {"country": "LIE - Liechtenstein", "index": "PHDI - Planetary pressures\u2013adjusted Human Development Index", "indicator": "co2_prod - Carbon dioxide emissions per capita (production) (tonnes)", "year": "2019", "value": "3.903311502"}, {"country": "LIE - Liechtenstein", "index": "PHDI - Planetary pressures\u2013adjusted Human Development Index", "indicator": "co2_prod - Carbon dioxide emissions per capita (production) (tonnes)", "year": "2020", "value": "3.698331935"}, {"country": "LIE - Liechtenstein", "index": "PHDI - Planetary pressures\u2013adjusted Human Development Index", "indicator": "co2_prod - Carbon dioxide emissions per capita (production) (tonnes)", "year": "2021", "value": "3.698331935"}, {"country": "LIE - Liechtenstein", "index": "HDI - Human Development Index", "indicator": "eys - Expected Years of Schooling (years)", "year": "2000", "value": "13.95551359"}, {"country": "LIE - Liechtenstein", "index": "HDI - Human Development Index", "indicator": "eys - Expected Years of Schooling (years)", "year": "2001", "value": "14.0411227"}, {"country": "LIE - Liechtenstein", "index": "HDI - Human Development Index", "indicator": "eys - Expected Years of Schooling (years)", "year": "2002", "value": "14.12725698"}, {"country": "LIE - Liechtenstein", "index": "HDI - Human Development Index", "indicator": "eys - Expected Years of Schooling (years)", "year": "2003", "value": "14.21391964"}, {"country": "LIE - Liechtenstein", "index": "HDI - Human Development Index", "indicator": "eys - Expected Years of Schooling (years)", "year": "2004", "value": "14.46243"}, {"country": "LIE - Liechtenstein", "index": "HDI - Human Development Index", "indicator": "eys - Expected Years of Schooling (years)", "year": "2005", "value": "14.29856014"}, {"country": "LIE - Liechtenstein", "index": "HDI - Human Development Index", "indicator": "eys - Expected Years of Schooling (years)", "year": "2006", "value": "14.46555042"}, {"country": "LIE - Liechtenstein", "index": "HDI - Human Development Index", "indicator": "eys - Expected Years of Schooling (years)", "year": "2007", "value": "14.42228985"}, {"country": "LIE - Liechtenstein", "index": "HDI - Human Development Index", "indicator": "eys - Expected Years of Schooling (years)", "year": "2008", "value": "14.65060997"}, {"country": "LIE - Liechtenstein", "index": "HDI - Human Development Index", "indicator": "eys - Expected Years of Schooling (years)", "year": "2009", "value": "14.48534966"}, {"country": "LIE - Liechtenstein", "index": "HDI - Human Development Index", "indicator": "eys - Expected Years of Schooling (years)", "year": "2010", "value": "14.51568985"}, {"country": "LIE - Liechtenstein", "index": "HDI - Human Development Index", "indicator": "eys - Expected Years of Schooling (years)", "year": "2011", "value": "14.84086037"}, {"country": "LIE - Liechtenstein", "index": "HDI - Human Development Index", "indicator": "eys - Expected Years of Schooling (years)", "year": "2012", "value": "15.02554035"}, {"country": "LIE - Liechtenstein", "index": "HDI - Human Development Index", "indicator": "eys - Expected Years of Schooling (years)", "year": "2013", "value": "14.83032513"}, {"country": "LIE - Liechtenstein", "index": "HDI - Human Development Index", "indicator": "eys - Expected Years of Schooling (years)", "year": "2014", "value": "14.6351099"}, {"country": "LIE - Liechtenstein", "index": "HDI - Human Development Index", "indicator": "eys - Expected Years of Schooling (years)", "year": "2015", "value": "14.71424007"}, {"country": "LIE - Liechtenstein", "index": "HDI - Human Development Index", "indicator": "eys - Expected Years of Schooling (years)", "year": "2016", "value": "14.7209301"}, {"country": "LIE - Liechtenstein", "index": "HDI - Human Development Index", "indicator": "eys - Expected Years of Schooling (years)", "year": "2017", "value": "14.88391018"}, {"country": "LIE - Liechtenstein", "index": "HDI - Human Development Index", "indicator": "eys - Expected Years of Schooling (years)", "year": "2018", "value": "14.62086964"}, {"country": "LIE - Liechtenstein", "index": "HDI - Human Development Index", "indicator": "eys - Expected Years of Schooling (years)", "year": "2019", "value": "15.18157005"}, {"country": "LIE - Liechtenstein", "index": "HDI - Human Development Index", "indicator": "eys - Expected Years of Schooling (years)", "year": "2020", "value": "15.18157005"}, {"country": "LIE - Liechtenstein", "index": "HDI - Human Development Index", "indicator": "eys - Expected Years of Schooling (years)", "year": "2021", "value": "15.18157005"}, {"country": "LIE - Liechtenstein", "index": "GDI - Gender Development Index", "indicator": "eys_f - Expected Years of Schooling, female (years)", "year": "2000", "value": "12.95607523"}, {"country": "LIE - Liechtenstein", "index": "GDI - Gender Development Index", "indicator": "eys_f - Expected Years of Schooling, female (years)", "year": "2001", "value": "13.02947694"}, {"country": "LIE - Liechtenstein", "index": "GDI - Gender Development Index", "indicator": "eys_f - Expected Years of Schooling, female (years)", "year": "2002", "value": "13.10329451"}, {"country": "LIE - Liechtenstein", "index": "GDI - Gender Development Index", "indicator": "eys_f - Expected Years of Schooling, female (years)", "year": "2003", "value": "13.17753029"}, {"country": "LIE - Liechtenstein", "index": "GDI - Gender Development Index", "indicator": "eys_f - Expected Years of Schooling, female (years)", "year": "2004", "value": "13.39875031"}, {"country": "LIE - Liechtenstein", "index": "GDI - Gender Development Index", "indicator": "eys_f - Expected Years of Schooling, female (years)", "year": "2005", "value": "12.92646027"}, {"country": "LIE - Liechtenstein", "index": "GDI - Gender Development Index", "indicator": "eys_f - Expected Years of Schooling, female (years)", "year": "2006", "value": "13.3913002"}, {"country": "LIE - Liechtenstein", "index": "GDI - Gender Development Index", "indicator": "eys_f - Expected Years of Schooling, female (years)", "year": "2007", "value": "13.40921021"}, {"country": "LIE - Liechtenstein", "index": "GDI - Gender Development Index", "indicator": "eys_f - Expected Years of Schooling, female (years)", "year": "2008", "value": "13.53647041"}, {"country": "LIE - Liechtenstein", "index": "GDI - Gender Development Index", "indicator": "eys_f - Expected Years of Schooling, female (years)", "year": "2009", "value": "13.45590973"}, {"country": "LIE - Liechtenstein", "index": "GDI - Gender Development Index", "indicator": "eys_f - Expected Years of Schooling, female (years)", "year": "2010", "value": "13.39752007"}, {"country": "LIE - Liechtenstein", "index": "GDI - Gender Development Index", "indicator": "eys_f - Expected Years of Schooling, female (years)", "year": "2011", "value": "13.71267986"}, {"country": "LIE - Liechtenstein", "index": "GDI - Gender Development Index", "indicator": "eys_f - Expected Years of Schooling, female (years)", "year": "2012", "value": "13.83992004"}, {"country": "LIE - Liechtenstein", "index": "GDI - Gender Development Index", "indicator": "eys_f - Expected Years of Schooling, female (years)", "year": "2013", "value": "13.65241003"}, {"country": "LIE - Liechtenstein", "index": "GDI - Gender Development Index", "indicator": "eys_f - Expected Years of Schooling, female (years)", "year": "2014", "value": "13.46490002"}, {"country": "LIE - Liechtenstein", "index": "GDI - Gender Development Index", "indicator": "eys_f - Expected Years of Schooling, female (years)", "year": "2015", "value": "13.3551302"}, {"country": "LIE - Liechtenstein", "index": "GDI - Gender Development Index", "indicator": "eys_f - Expected Years of Schooling, female (years)", "year": "2016", "value": "13.41154003"}, {"country": "LIE - Liechtenstein", "index": "GDI - Gender Development Index", "indicator": "eys_f - Expected Years of Schooling, female (years)", "year": "2017", "value": "13.74794006"}, {"country": "LIE - Liechtenstein", "index": "GDI - Gender Development Index", "indicator": "eys_f - Expected Years of Schooling, female (years)", "year": "2018", "value": "13.57310009"}, {"country": "LIE - Liechtenstein", "index": "GDI - Gender Development Index", "indicator": "eys_f - Expected Years of Schooling, female (years)", "year": "2019", "value": "14.16571045"}, {"country": "LIE - Liechtenstein", "index": "GDI - Gender Development Index", "indicator": "eys_f - Expected Years of Schooling, female (years)", "year": "2020", "value": "14.16571045"}, {"country": "LIE - Liechtenstein", "index": "GDI - Gender Development Index", "indicator": "eys_f - Expected Years of Schooling, female (years)", "year": "2021", "value": "14.16571045"}, {"country": "LIE - Liechtenstein", "index": "GDI - Gender Development Index", "indicator": "eys_m - Expected Years of Schooling, male (years)", "year": "2000", "value": "15.00892727"}, {"country": "LIE - Liechtenstein", "index": "GDI - Gender Development Index", "indicator": "eys_m - Expected Years of Schooling, male (years)", "year": "2001", "value": "15.0968653"}, {"country": "LIE - Liechtenstein", "index": "GDI - Gender Development Index", "indicator": "eys_m - Expected Years of Schooling, male (years)", "year": "2002", "value": "15.18531857"}, {"country": "LIE - Liechtenstein", "index": "GDI - Gender Development Index", "indicator": "eys_m - Expected Years of Schooling, male (years)", "year": "2003", "value": "15.27429008"}, {"country": "LIE - Liechtenstein", "index": "GDI - Gender Development Index", "indicator": "eys_m - Expected Years of Schooling, male (years)", "year": "2004", "value": "15.53600025"}, {"country": "LIE - Liechtenstein", "index": "GDI - Gender Development Index", "indicator": "eys_m - Expected Years of Schooling, male (years)", "year": "2005", "value": "15.69711971"}, {"country": "LIE - Liechtenstein", "index": "GDI - Gender Development Index", "indicator": "eys_m - Expected Years of Schooling, male (years)", "year": "2006", "value": "15.51327038"}, {"country": "LIE - Liechtenstein", "index": "GDI - Gender Development Index", "indicator": "eys_m - Expected Years of Schooling, male (years)", "year": "2007", "value": "15.44143963"}, {"country": "LIE - Liechtenstein", "index": "GDI - Gender Development Index", "indicator": "eys_m - Expected Years of Schooling, male (years)", "year": "2008", "value": "15.72144032"}, {"country": "LIE - Liechtenstein", "index": "GDI - Gender Development Index", "indicator": "eys_m - Expected Years of Schooling, male (years)", "year": "2009", "value": "15.4872303"}, {"country": "LIE - Liechtenstein", "index": "GDI - Gender Development Index", "indicator": "eys_m - Expected Years of Schooling, male (years)", "year": "2010", "value": "15.64583015"}, {"country": "LIE - Liechtenstein", "index": "GDI - Gender Development Index", "indicator": "eys_m - Expected Years of Schooling, male (years)", "year": "2011", "value": "15.98398972"}, {"country": "LIE - Liechtenstein", "index": "GDI - Gender Development Index", "indicator": "eys_m - Expected Years of Schooling, male (years)", "year": "2012", "value": "16.21607971"}, {"country": "LIE - Liechtenstein", "index": "GDI - Gender Development Index", "indicator": "eys_m - Expected Years of Schooling, male (years)", "year": "2013", "value": "16.04432487"}, {"country": "LIE - Liechtenstein", "index": "GDI - Gender Development Index", "indicator": "eys_m - Expected Years of Schooling, male (years)", "year": "2014", "value": "15.87257004"}, {"country": "LIE - Liechtenstein", "index": "GDI - Gender Development Index", "indicator": "eys_m - Expected Years of Schooling, male (years)", "year": "2015", "value": "16.07325935"}, {"country": "LIE - Liechtenstein", "index": "GDI - Gender Development Index", "indicator": "eys_m - Expected Years of Schooling, male (years)", "year": "2016", "value": "16.05217934"}, {"country": "LIE - Liechtenstein", "index": "GDI - Gender Development Index", "indicator": "eys_m - Expected Years of Schooling, male (years)", "year": "2017", "value": "16.02539063"}, {"country": "LIE - Liechtenstein", "index": "GDI - Gender Development Index", "indicator": "eys_m - Expected Years of Schooling, male (years)", "year": "2018", "value": "15.66193008"}, {"country": "LIE - Liechtenstein", "index": "GDI - Gender Development Index", "indicator": "eys_m - Expected Years of Schooling, male (years)", "year": "2019", "value": "16.17333984"}, {"country": "LIE - Liechtenstein", "index": "GDI - Gender Development Index", "indicator": "eys_m - Expected Years of Schooling, male (years)", "year": "2020", "value": "16.17333984"}, {"country": "LIE - Liechtenstein", "index": "GDI - Gender Development Index", "indicator": "eys_m - Expected Years of Schooling, male (years)", "year": "2021", "value": "16.17333984"}, {"country": "LIE - Liechtenstein", "index": "HDI - Human Development Index", "indicator": "gnipc - Gross National Income Per Capita (2017 PPP$)", "year": "1990", "value": "86898.22707"}, {"country": "LIE - Liechtenstein", "index": "HDI - Human Development Index", "indicator": "gnipc - Gross National Income Per Capita (2017 PPP$)", "year": "1991", "value": "90463.72151"}, {"country": "LIE - Liechtenstein", "index": "HDI - Human Development Index", "indicator": "gnipc - Gross National Income Per Capita (2017 PPP$)", "year": "1992", "value": "90095.67947"}, {"country": "LIE - Liechtenstein", "index": "HDI - Human Development Index", "indicator": "gnipc - Gross National Income Per Capita (2017 PPP$)", "year": "1993", "value": "89361.04078"}, {"country": "LIE - Liechtenstein", "index": "HDI - Human Development Index", "indicator": "gnipc - Gross National Income Per Capita (2017 PPP$)", "year": "1994", "value": "90233.13581"}, {"country": "LIE - Liechtenstein", "index": "HDI - Human Development Index", "indicator": "gnipc - Gross National Income Per Capita (2017 PPP$)", "year": "1995", "value": "90630.95653"}, {"country": "LIE - Liechtenstein", "index": "HDI - Human Development Index", "indicator": "gnipc - Gross National Income Per Capita (2017 PPP$)", "year": "1996", "value": "93346.84613"}, {"country": "LIE - Liechtenstein", "index": "HDI - Human Development Index", "indicator": "gnipc - Gross National Income Per Capita (2017 PPP$)", "year": "1997", "value": "101287.7941"}, {"country": "LIE - Liechtenstein", "index": "HDI - Human Development Index", "indicator": "gnipc - Gross National Income Per Capita (2017 PPP$)", "year": "1998", "value": "112134.1456"}, {"country": "LIE - Liechtenstein", "index": "HDI - Human Development Index", "indicator": "gnipc - Gross National Income Per Capita (2017 PPP$)", "year": "1999", "value": "120086.953"}, {"country": "LIE - Liechtenstein", "index": "HDI - Human Development Index", "indicator": "gnipc - Gross National Income Per Capita (2017 PPP$)", "year": "2000", "value": "124090.482"}, {"country": "LIE - Liechtenstein", "index": "HDI - Human Development Index", "indicator": "gnipc - Gross National Income Per Capita (2017 PPP$)", "year": "2001", "value": "111780.8032"}, {"country": "LIE - Liechtenstein", "index": "HDI - Human Development Index", "indicator": "gnipc - Gross National Income Per Capita (2017 PPP$)", "year": "2002", "value": "107554.8731"}, {"country": "LIE - Liechtenstein", "index": "HDI - Human Development Index", "indicator": "gnipc - Gross National Income Per Capita (2017 PPP$)", "year": "2003", "value": "101360.7635"}, {"country": "LIE - Liechtenstein", "index": "HDI - Human Development Index", "indicator": "gnipc - Gross National Income Per Capita (2017 PPP$)", "year": "2004", "value": "100188.7953"}, {"country": "LIE - Liechtenstein", "index": "HDI - Human Development Index", "indicator": "gnipc - Gross National Income Per Capita (2017 PPP$)", "year": "2005", "value": "107644.6536"}, {"country": "LIE - Liechtenstein", "index": "HDI - Human Development Index", "indicator": "gnipc - Gross National Income Per Capita (2017 PPP$)", "year": "2006", "value": "119446.3713"}, {"country": "LIE - Liechtenstein", "index": "HDI - Human Development Index", "indicator": "gnipc - Gross National Income Per Capita (2017 PPP$)", "year": "2007", "value": "132438.9834"}, {"country": "LIE - Liechtenstein", "index": "HDI - Human Development Index", "indicator": "gnipc - Gross National Income Per Capita (2017 PPP$)", "year": "2008", "value": "128464.7415"}, {"country": "LIE - Liechtenstein", "index": "HDI - Human Development Index", "indicator": "gnipc - Gross National Income Per Capita (2017 PPP$)", "year": "2009", "value": "109025.1935"}, {"country": "LIE - Liechtenstein", "index": "HDI - Human Development Index", "indicator": "gnipc - Gross National Income Per Capita (2017 PPP$)", "year": "2010", "value": "114105.8603"}, {"country": "LIE - Liechtenstein", "index": "HDI - Human Development Index", "indicator": "gnipc - Gross National Income Per Capita (2017 PPP$)", "year": "2011", "value": "101656.9339"}, {"country": "LIE - Liechtenstein", "index": "HDI - Human Development Index", "indicator": "gnipc - Gross National Income Per Capita (2017 PPP$)", "year": "2012", "value": "90018.01203"}, {"country": "LIE - Liechtenstein", "index": "HDI - Human Development Index", "indicator": "gnipc - Gross National Income Per Capita (2017 PPP$)", "year": "2013", "value": "102002.0218"}, {"country": "LIE - Liechtenstein", "index": "HDI - Human Development Index", "indicator": "gnipc - Gross National Income Per Capita (2017 PPP$)", "year": "2014", "value": "105224.7206"}, {"country": "LIE - Liechtenstein", "index": "HDI - Human Development Index", "indicator": "gnipc - Gross National Income Per Capita (2017 PPP$)", "year": "2015", "value": "106691.3759"}, {"country": "LIE - Liechtenstein", "index": "HDI - Human Development Index", "indicator": "gnipc - Gross National Income Per Capita (2017 PPP$)", "year": "2016", "value": "126592.3497"}, {"country": "LIE - Liechtenstein", "index": "HDI - Human Development Index", "indicator": "gnipc - Gross National Income Per Capita (2017 PPP$)", "year": "2017", "value": "141328.1835"}, {"country": "LIE - Liechtenstein", "index": "HDI - Human Development Index", "indicator": "gnipc - Gross National Income Per Capita (2017 PPP$)", "year": "2018", "value": "144933.8638"}, {"country": "LIE - Liechtenstein", "index": "HDI - Human Development Index", "indicator": "gnipc - Gross National Income Per Capita (2017 PPP$)", "year": "2019", "value": "146186.9796"}, {"country": "LIE - Liechtenstein", "index": "HDI - Human Development Index", "indicator": "gnipc - Gross National Income Per Capita (2017 PPP$)", "year": "2020", "value": "142613.9109"}, {"country": "LIE - Liechtenstein", "index": "HDI - Human Development Index", "indicator": "gnipc - Gross National Income Per Capita (2017 PPP$)", "year": "2021", "value": "146829.7006"}, {"country": "LIE - Liechtenstein", "index": "HDI - Human Development Index", "indicator": "hdi - Human Development Index (value)", "year": "2000", "value": "0.873"}, {"country": "LIE - Liechtenstein", "index": "HDI - Human Development Index", "indicator": "hdi - Human Development Index (value)", "year": "2001", "value": "0.888"}, {"country": "LIE - Liechtenstein", "index": "HDI - Human Development Index", "indicator": "hdi - Human Development Index (value)", "year": "2002", "value": "0.891"}, {"country": "LIE - Liechtenstein", "index": "HDI - Human Development Index", "indicator": "hdi - Human Development Index (value)", "year": "2003", "value": "0.895"}, {"country": "LIE - Liechtenstein", "index": "HDI - Human Development Index", "indicator": "hdi - Human Development Index (value)", "year": "2004", "value": "0.907"}, {"country": "LIE - Liechtenstein", "index": "HDI - Human Development Index", "indicator": "hdi - Human Development Index (value)", "year": "2005", "value": "0.901"}, {"country": "LIE - Liechtenstein", "index": "HDI - Human Development Index", "indicator": "hdi - Human Development Index (value)", "year": "2006", "value": "0.905"}, {"country": "LIE - Liechtenstein", "index": "HDI - Human Development Index", "indicator": "hdi - Human Development Index (value)", "year": "2007", "value": "0.907"}, {"country": "LIE - Liechtenstein", "index": "HDI - Human Development Index", "indicator": "hdi - Human Development Index (value)", "year": "2008", "value": "0.917"}, {"country": "LIE - Liechtenstein", "index": "HDI - Human Development Index", "indicator": "hdi - Human Development Index (value)", "year": "2009", "value": "0.911"}, {"country": "LIE - Liechtenstein", "index": "HDI - Human Development Index", "indicator": "hdi - Human Development Index (value)", "year": "2010", "value": "0.913"}, {"country": "LIE - Liechtenstein", "index": "HDI - Human Development Index", "indicator": "hdi - Human Development Index (value)", "year": "2011", "value": "0.918"}, {"country": "LIE - Liechtenstein", "index": "HDI - Human Development Index", "indicator": "hdi - Human Development Index (value)", "year": "2012", "value": "0.923"}, {"country": "LIE - Liechtenstein", "index": "HDI - Human Development Index", "indicator": "hdi - Human Development Index (value)", "year": "2013", "value": "0.922"}, {"country": "LIE - Liechtenstein", "index": "HDI - Human Development Index", "indicator": "hdi - Human Development Index (value)", "year": "2014", "value": "0.92"}, {"country": "LIE - Liechtenstein", "index": "HDI - Human Development Index", "indicator": "hdi - Human Development Index (value)", "year": "2015", "value": "0.924"}, {"country": "LIE - Liechtenstein", "index": "HDI - Human Development Index", "indicator": "hdi - Human Development Index (value)", "year": "2016", "value": "0.923"}, {"country": "LIE - Liechtenstein", "index": "HDI - Human Development Index", "indicator": "hdi - Human Development Index (value)", "year": "2017", "value": "0.933"}, {"country": "LIE - Liechtenstein", "index": "HDI - Human Development Index", "indicator": "hdi - Human Development Index (value)", "year": "2018", "value": "0.928"}, {"country": "LIE - Liechtenstein", "index": "HDI - Human Development Index", "indicator": "hdi - Human Development Index (value)", "year": "2019", "value": "0.94"}, {"country": "LIE - Liechtenstein", "index": "HDI - Human Development Index", "indicator": "hdi - Human Development Index (value)", "year": "2020", "value": "0.933"}, {"country": "LIE - Liechtenstein", "index": "HDI - Human Development Index", "indicator": "hdi - Human Development Index (value)", "year": "2021", "value": "0.935"}, {"country": "LIE - Liechtenstein", "index": "HDI - Human Development Index", "indicator": "hdi_rank - HDI Rank", "year": "2021", "value": "16"}, {"country": "LIE - Liechtenstein", "index": "IHDI - Inequality-adjusted Human Development Index", "indicator": "ineq_le - Inequality in life expectancy", "year": "2010", "value": "5.764305115"}, {"country": "LIE - Liechtenstein", "index": "IHDI - Inequality-adjusted Human Development Index", "indicator": "ineq_le - Inequality in life expectancy", "year": "2011", "value": "5.784716606"}, {"country": "LIE - Liechtenstein", "index": "IHDI - Inequality-adjusted Human Development Index", "indicator": "ineq_le - Inequality in life expectancy", "year": "2012", "value": "5.519098282"}, {"country": "LIE - Liechtenstein", "index": "IHDI - Inequality-adjusted Human Development Index", "indicator": "ineq_le - Inequality in life expectancy", "year": "2013", "value": "5.517054558"}, {"country": "LIE - Liechtenstein", "index": "IHDI - Inequality-adjusted Human Development Index", "indicator": "ineq_le - Inequality in life expectancy", "year": "2014", "value": "5.603754997"}, {"country": "LIE - Liechtenstein", "index": "IHDI - Inequality-adjusted Human Development Index", "indicator": "ineq_le - Inequality in life expectancy", "year": "2015", "value": "5.33055687"}, {"country": "LIE - Liechtenstein", "index": "IHDI - Inequality-adjusted Human Development Index", "indicator": "ineq_le - Inequality in life expectancy", "year": "2016", "value": "5.517644882"}, {"country": "LIE - Liechtenstein", "index": "IHDI - Inequality-adjusted Human Development Index", "indicator": "ineq_le - Inequality in life expectancy", "year": "2017", "value": "4.83685112"}, {"country": "LIE - Liechtenstein", "index": "IHDI - Inequality-adjusted Human Development Index", "indicator": "ineq_le - Inequality in life expectancy", "year": "2018", "value": "5.168003082"}, {"country": "LIE - Liechtenstein", "index": "IHDI - Inequality-adjusted Human Development Index", "indicator": "ineq_le - Inequality in life expectancy", "year": "2019", "value": "4.640066147"}, {"country": "LIE - Liechtenstein", "index": "IHDI - Inequality-adjusted Human Development Index", "indicator": "ineq_le - Inequality in life expectancy", "year": "2020", "value": "4.56967926"}, {"country": "LIE - Liechtenstein", "index": "IHDI - Inequality-adjusted Human Development Index", "indicator": "ineq_le - Inequality in life expectancy", "year": "2021", "value": "4.739531994"}, {"country": "LIE - Liechtenstein", "index": "HDI - Human Development Index", "indicator": "le - Life Expectancy at Birth (years)", "year": "1990", "value": "75.8628"}, {"country": "LIE - Liechtenstein", "index": "HDI - Human Development Index", "indicator": "le - Life Expectancy at Birth (years)", "year": "1991", "value": "76.5068"}, {"country": "LIE - Liechtenstein", "index": "HDI - Human Development Index", "indicator": "le - Life Expectancy at Birth (years)", "year": "1992", "value": "77.2209"}, {"country": "LIE - Liechtenstein", "index": "HDI - Human Development Index", "indicator": "le - Life Expectancy at Birth (years)", "year": "1993", "value": "76.6858"}, {"country": "LIE - Liechtenstein", "index": "HDI - Human Development Index", "indicator": "le - Life Expectancy at Birth (years)", "year": "1994", "value": "78.6279"}, {"country": "LIE - Liechtenstein", "index": "HDI - Human Development Index", "indicator": "le - Life Expectancy at Birth (years)", "year": "1995", "value": "77.5759"}, {"country": "LIE - Liechtenstein", "index": "HDI - Human Development Index", "indicator": "le - Life Expectancy at Birth (years)", "year": "1996", "value": "76.8357"}, {"country": "LIE - Liechtenstein", "index": "HDI - Human Development Index", "indicator": "le - Life Expectancy at Birth (years)", "year": "1997", "value": "76.0915"}, {"country": "LIE - Liechtenstein", "index": "HDI - Human Development Index", "indicator": "le - Life Expectancy at Birth (years)", "year": "1998", "value": "77.8321"}, {"country": "LIE - Liechtenstein", "index": "HDI - Human Development Index", "indicator": "le - Life Expectancy at Birth (years)", "year": "1999", "value": "79.2801"}, {"country": "LIE - Liechtenstein", "index": "HDI - Human Development Index", "indicator": "le - Life Expectancy at Birth (years)", "year": "2000", "value": "76.9804"}, {"country": "LIE - Liechtenstein", "index": "HDI - Human Development Index", "indicator": "le - Life Expectancy at Birth (years)", "year": "2001", "value": "79.4788"}, {"country": "LIE - Liechtenstein", "index": "HDI - Human Development Index", "indicator": "le - Life Expectancy at Birth (years)", "year": "2002", "value": "79.8533"}, {"country": "LIE - Liechtenstein", "index": "HDI - Human Development Index", "indicator": "le - Life Expectancy at Birth (years)", "year": "2003", "value": "80.1791"}, {"country": "LIE - Liechtenstein", "index": "HDI - Human Development Index", "indicator": "le - Life Expectancy at Birth (years)", "year": "2004", "value": "82"}, {"country": "LIE - Liechtenstein", "index": "HDI - Human Development Index", "indicator": "le - Life Expectancy at Birth (years)", "year": "2005", "value": "80.8225"}, {"country": "LIE - Liechtenstein", "index": "HDI - Human Development Index", "indicator": "le - Life Expectancy at Birth (years)", "year": "2006", "value": "81.16"}, {"country": "LIE - Liechtenstein", "index": "HDI - Human Development Index", "indicator": "le - Life Expectancy at Birth (years)", "year": "2007", "value": "81.5032"}, {"country": "LIE - Liechtenstein", "index": "HDI - Human Development Index", "indicator": "le - Life Expectancy at Birth (years)", "year": "2008", "value": "82.8849"}, {"country": "LIE - Liechtenstein", "index": "HDI - Human Development Index", "indicator": "le - Life Expectancy at Birth (years)", "year": "2009", "value": "81.6802"}, {"country": "LIE - Liechtenstein", "index": "HDI - Human Development Index", "indicator": "le - Life Expectancy at Birth (years)", "year": "2010", "value": "81.9987"}, {"country": "LIE - Liechtenstein", "index": "HDI - Human Development Index", "indicator": "le - Life Expectancy at Birth (years)", "year": "2011", "value": "81.9326"}, {"country": "LIE - Liechtenstein", "index": "HDI - Human Development Index", "indicator": "le - Life Expectancy at Birth (years)", "year": "2012", "value": "82.4981"}, {"country": "LIE - Liechtenstein", "index": "HDI - Human Development Index", "indicator": "le - Life Expectancy at Birth (years)", "year": "2013", "value": "82.425"}, {"country": "LIE - Liechtenstein", "index": "HDI - Human Development Index", "indicator": "le - Life Expectancy at Birth (years)", "year": "2014", "value": "82.2187"}, {"country": "LIE - Liechtenstein", "index": "HDI - Human Development Index", "indicator": "le - Life Expectancy at Birth (years)", "year": "2015", "value": "82.8061"}, {"country": "LIE - Liechtenstein", "index": "HDI - Human Development Index", "indicator": "le - Life Expectancy at Birth (years)", "year": "2016", "value": "82.3932"}, {"country": "LIE - Liechtenstein", "index": "HDI - Human Development Index", "indicator": "le - Life Expectancy at Birth (years)", "year": "2017", "value": "83.8916"}, {"country": "LIE - Liechtenstein", "index": "HDI - Human Development Index", "indicator": "le - Life Expectancy at Birth (years)", "year": "2018", "value": "83.1462"}, {"country": "LIE - Liechtenstein", "index": "HDI - Human Development Index", "indicator": "le - Life Expectancy at Birth (years)", "year": "2019", "value": "84.3094"}, {"country": "LIE - Liechtenstein", "index": "HDI - Human Development Index", "indicator": "le - Life Expectancy at Birth (years)", "year": "2020", "value": "82.797"}, {"country": "LIE - Liechtenstein", "index": "HDI - Human Development Index", "indicator": "le - Life Expectancy at Birth (years)", "year": "2021", "value": "83.2575"}, {"country": "LIE - Liechtenstein", "index": "GDI - Gender Development Index", "indicator": "le_f - Life Expectancy at Birth, female (years)", "year": "1990", "value": "79.5099"}, {"country": "LIE - Liechtenstein", "index": "GDI - Gender Development Index", "indicator": "le_f - Life Expectancy at Birth, female (years)", "year": "1991", "value": "79.0821"}, {"country": "LIE - Liechtenstein", "index": "GDI - Gender Development Index", "indicator": "le_f - Life Expectancy at Birth, female (years)", "year": "1992", "value": "79.3768"}, {"country": "LIE - Liechtenstein", "index": "GDI - Gender Development Index", "indicator": "le_f - Life Expectancy at Birth, female (years)", "year": "1993", "value": "79.1835"}, {"country": "LIE - Liechtenstein", "index": "GDI - Gender Development Index", "indicator": "le_f - Life Expectancy at Birth, female (years)", "year": "1994", "value": "81.7195"}, {"country": "LIE - Liechtenstein", "index": "GDI - Gender Development Index", "indicator": "le_f - Life Expectancy at Birth, female (years)", "year": "1995", "value": "79.9036"}, {"country": "LIE - Liechtenstein", "index": "GDI - Gender Development Index", "indicator": "le_f - Life Expectancy at Birth, female (years)", "year": "1996", "value": "81.6206"}, {"country": "LIE - Liechtenstein", "index": "GDI - Gender Development Index", "indicator": "le_f - Life Expectancy at Birth, female (years)", "year": "1997", "value": "80.4117"}, {"country": "LIE - Liechtenstein", "index": "GDI - Gender Development Index", "indicator": "le_f - Life Expectancy at Birth, female (years)", "year": "1998", "value": "82.1123"}, {"country": "LIE - Liechtenstein", "index": "GDI - Gender Development Index", "indicator": "le_f - Life Expectancy at Birth, female (years)", "year": "1999", "value": "82.9128"}, {"country": "LIE - Liechtenstein", "index": "GDI - Gender Development Index", "indicator": "le_f - Life Expectancy at Birth, female (years)", "year": "2000", "value": "79.9036"}, {"country": "LIE - Liechtenstein", "index": "GDI - Gender Development Index", "indicator": "le_f - Life Expectancy at Birth, female (years)", "year": "2001", "value": "82.4041"}, {"country": "LIE - Liechtenstein", "index": "GDI - Gender Development Index", "indicator": "le_f - Life Expectancy at Birth, female (years)", "year": "2002", "value": "82.3071"}, {"country": "LIE - Liechtenstein", "index": "GDI - Gender Development Index", "indicator": "le_f - Life Expectancy at Birth, female (years)", "year": "2003", "value": "81.6206"}, {"country": "LIE - Liechtenstein", "index": "GDI - Gender Development Index", "indicator": "le_f - Life Expectancy at Birth, female (years)", "year": "2004", "value": "85.1031"}, {"country": "LIE - Liechtenstein", "index": "GDI - Gender Development Index", "indicator": "le_f - Life Expectancy at Birth, female (years)", "year": "2005", "value": "84.1228"}, {"country": "LIE - Liechtenstein", "index": "GDI - Gender Development Index", "indicator": "le_f - Life Expectancy at Birth, female (years)", "year": "2006", "value": "83.1177"}, {"country": "LIE - Liechtenstein", "index": "GDI - Gender Development Index", "indicator": "le_f - Life Expectancy at Birth, female (years)", "year": "2007", "value": "83.6242"}, {"country": "LIE - Liechtenstein", "index": "GDI - Gender Development Index", "indicator": "le_f - Life Expectancy at Birth, female (years)", "year": "2008", "value": "85.5161"}, {"country": "LIE - Liechtenstein", "index": "GDI - Gender Development Index", "indicator": "le_f - Life Expectancy at Birth, female (years)", "year": "2009", "value": "83.6242"}, {"country": "LIE - Liechtenstein", "index": "GDI - Gender Development Index", "indicator": "le_f - Life Expectancy at Birth, female (years)", "year": "2010", "value": "84.3201"}, {"country": "LIE - Liechtenstein", "index": "GDI - Gender Development Index", "indicator": "le_f - Life Expectancy at Birth, female (years)", "year": "2011", "value": "84.2216"}, {"country": "LIE - Liechtenstein", "index": "GDI - Gender Development Index", "indicator": "le_f - Life Expectancy at Birth, female (years)", "year": "2012", "value": "85.2069"}, {"country": "LIE - Liechtenstein", "index": "GDI - Gender Development Index", "indicator": "le_f - Life Expectancy at Birth, female (years)", "year": "2013", "value": "83.9243"}, {"country": "LIE - Liechtenstein", "index": "GDI - Gender Development Index", "indicator": "le_f - Life Expectancy at Birth, female (years)", "year": "2014", "value": "83.2197"}, {"country": "LIE - Liechtenstein", "index": "GDI - Gender Development Index", "indicator": "le_f - Life Expectancy at Birth, female (years)", "year": "2015", "value": "84.5161"}, {"country": "LIE - Liechtenstein", "index": "GDI - Gender Development Index", "indicator": "le_f - Life Expectancy at Birth, female (years)", "year": "2016", "value": "84.0237"}, {"country": "LIE - Liechtenstein", "index": "GDI - Gender Development Index", "indicator": "le_f - Life Expectancy at Birth, female (years)", "year": "2017", "value": "86.0246"}, {"country": "LIE - Liechtenstein", "index": "GDI - Gender Development Index", "indicator": "le_f - Life Expectancy at Birth, female (years)", "year": "2018", "value": "85.5161"}, {"country": "LIE - Liechtenstein", "index": "GDI - Gender Development Index", "indicator": "le_f - Life Expectancy at Birth, female (years)", "year": "2019", "value": "85.8222"}, {"country": "LIE - Liechtenstein", "index": "GDI - Gender Development Index", "indicator": "le_f - Life Expectancy at Birth, female (years)", "year": "2020", "value": "85.0059"}, {"country": "LIE - Liechtenstein", "index": "GDI - Gender Development Index", "indicator": "le_f - Life Expectancy at Birth, female (years)", "year": "2021", "value": "85.35"}, {"country": "LIE - Liechtenstein", "index": "GDI - Gender Development Index", "indicator": "le_m - Life Expectancy at Birth, male (years)", "year": "1990", "value": "72.1768"}, {"country": "LIE - Liechtenstein", "index": "GDI - Gender Development Index", "indicator": "le_m - Life Expectancy at Birth, male (years)", "year": "1991", "value": "73.705"}, {"country": "LIE - Liechtenstein", "index": "GDI - Gender Development Index", "indicator": "le_m - Life Expectancy at Birth, male (years)", "year": "1992", "value": "74.7767"}, {"country": "LIE - Liechtenstein", "index": "GDI - Gender Development Index", "indicator": "le_m - Life Expectancy at Birth, male (years)", "year": "1993", "value": "73.9699"}, {"country": "LIE - Liechtenstein", "index": "GDI - Gender Development Index", "indicator": "le_m - Life Expectancy at Birth, male (years)", "year": "1994", "value": "75.3125"}, {"country": "LIE - Liechtenstein", "index": "GDI - Gender Development Index", "indicator": "le_m - Life Expectancy at Birth, male (years)", "year": "1995", "value": "75.0008"}, {"country": "LIE - Liechtenstein", "index": "GDI - Gender Development Index", "indicator": "le_m - Life Expectancy at Birth, male (years)", "year": "1996", "value": "72.3169"}, {"country": "LIE - Liechtenstein", "index": "GDI - Gender Development Index", "indicator": "le_m - Life Expectancy at Birth, male (years)", "year": "1997", "value": "71.945"}, {"country": "LIE - Liechtenstein", "index": "GDI - Gender Development Index", "indicator": "le_m - Life Expectancy at Birth, male (years)", "year": "1998", "value": "73.6454"}, {"country": "LIE - Liechtenstein", "index": "GDI - Gender Development Index", "indicator": "le_m - Life Expectancy at Birth, male (years)", "year": "1999", "value": "75.5192"}, {"country": "LIE - Liechtenstein", "index": "GDI - Gender Development Index", "indicator": "le_m - Life Expectancy at Birth, male (years)", "year": "2000", "value": "73.9449"}, {"country": "LIE - Liechtenstein", "index": "GDI - Gender Development Index", "indicator": "le_m - Life Expectancy at Birth, male (years)", "year": "2001", "value": "76.3308"}, {"country": "LIE - Liechtenstein", "index": "GDI - Gender Development Index", "indicator": "le_m - Life Expectancy at Birth, male (years)", "year": "2002", "value": "77.1185"}, {"country": "LIE - Liechtenstein", "index": "GDI - Gender Development Index", "indicator": "le_m - Life Expectancy at Birth, male (years)", "year": "2003", "value": "78.4175"}, {"country": "LIE - Liechtenstein", "index": "GDI - Gender Development Index", "indicator": "le_m - Life Expectancy at Birth, male (years)", "year": "2004", "value": "78.6191"}, {"country": "LIE - Liechtenstein", "index": "GDI - Gender Development Index", "indicator": "le_m - Life Expectancy at Birth, male (years)", "year": "2005", "value": "77.408"}, {"country": "LIE - Liechtenstein", "index": "GDI - Gender Development Index", "indicator": "le_m - Life Expectancy at Birth, male (years)", "year": "2006", "value": "78.9193"}, {"country": "LIE - Liechtenstein", "index": "GDI - Gender Development Index", "indicator": "le_m - Life Expectancy at Birth, male (years)", "year": "2007", "value": "79.1181"}, {"country": "LIE - Liechtenstein", "index": "GDI - Gender Development Index", "indicator": "le_m - Life Expectancy at Birth, male (years)", "year": "2008", "value": "80.0006"}, {"country": "LIE - Liechtenstein", "index": "GDI - Gender Development Index", "indicator": "le_m - Life Expectancy at Birth, male (years)", "year": "2009", "value": "79.5124"}, {"country": "LIE - Liechtenstein", "index": "GDI - Gender Development Index", "indicator": "le_m - Life Expectancy at Birth, male (years)", "year": "2010", "value": "79.5124"}, {"country": "LIE - Liechtenstein", "index": "GDI - Gender Development Index", "indicator": "le_m - Life Expectancy at Birth, male (years)", "year": "2011", "value": "79.5124"}, {"country": "LIE - Liechtenstein", "index": "GDI - Gender Development Index", "indicator": "le_m - Life Expectancy at Birth, male (years)", "year": "2012", "value": "79.708"}, {"country": "LIE - Liechtenstein", "index": "GDI - Gender Development Index", "indicator": "le_m - Life Expectancy at Birth, male (years)", "year": "2013", "value": "80.7172"}, {"country": "LIE - Liechtenstein", "index": "GDI - Gender Development Index", "indicator": "le_m - Life Expectancy at Birth, male (years)", "year": "2014", "value": "81.0203"}, {"country": "LIE - Liechtenstein", "index": "GDI - Gender Development Index", "indicator": "le_m - Life Expectancy at Birth, male (years)", "year": "2015", "value": "80.9196"}, {"country": "LIE - Liechtenstein", "index": "GDI - Gender Development Index", "indicator": "le_m - Life Expectancy at Birth, male (years)", "year": "2016", "value": "80.6157"}, {"country": "LIE - Liechtenstein", "index": "GDI - Gender Development Index", "indicator": "le_m - Life Expectancy at Birth, male (years)", "year": "2017", "value": "81.6193"}, {"country": "LIE - Liechtenstein", "index": "GDI - Gender Development Index", "indicator": "le_m - Life Expectancy at Birth, male (years)", "year": "2018", "value": "80.7172"}, {"country": "LIE - Liechtenstein", "index": "GDI - Gender Development Index", "indicator": "le_m - Life Expectancy at Birth, male (years)", "year": "2019", "value": "82.6034"}, {"country": "LIE - Liechtenstein", "index": "GDI - Gender Development Index", "indicator": "le_m - Life Expectancy at Birth, male (years)", "year": "2020", "value": "80.5651"}, {"country": "LIE - Liechtenstein", "index": "GDI - Gender Development Index", "indicator": "le_m - Life Expectancy at Birth, male (years)", "year": "2021", "value": "81.101"}, {"country": "LIE - Liechtenstein", "index": "HDI - Human Development Index", "indicator": "mys - Mean Years of Schooling (years)", "year": "1990", "value": "10.44884215"}, {"country": "LIE - Liechtenstein", "index": "HDI - Human Development Index", "indicator": "mys - Mean Years of Schooling (years)", "year": "1991", "value": "10.51662174"}, {"country": "LIE - Liechtenstein", "index": "HDI - Human Development Index", "indicator": "mys - Mean Years of Schooling (years)", "year": "1992", "value": "10.584841"}, {"country": "LIE - Liechtenstein", "index": "HDI - Human Development Index", "indicator": "mys - Mean Years of Schooling (years)", "year": "1993", "value": "10.6535028"}, {"country": "LIE - Liechtenstein", "index": "HDI - Human Development Index", "indicator": "mys - Mean Years of Schooling (years)", "year": "1994", "value": "10.72260998"}, {"country": "LIE - Liechtenstein", "index": "HDI - Human Development Index", "indicator": "mys - Mean Years of Schooling (years)", "year": "1995", "value": "10.79216545"}, {"country": "LIE - Liechtenstein", "index": "HDI - Human Development Index", "indicator": "mys - Mean Years of Schooling (years)", "year": "1996", "value": "10.86217212"}, {"country": "LIE - Liechtenstein", "index": "HDI - Human Development Index", "indicator": "mys - Mean Years of Schooling (years)", "year": "1997", "value": "10.9326329"}, {"country": "LIE - Liechtenstein", "index": "HDI - Human Development Index", "indicator": "mys - Mean Years of Schooling (years)", "year": "1998", "value": "11.00355075"}, {"country": "LIE - Liechtenstein", "index": "HDI - Human Development Index", "indicator": "mys - Mean Years of Schooling (years)", "year": "1999", "value": "11.07492863"}, {"country": "LIE - Liechtenstein", "index": "HDI - Human Development Index", "indicator": "mys - Mean Years of Schooling (years)", "year": "2000", "value": "11.14676952"}, {"country": "LIE - Liechtenstein", "index": "HDI - Human Development Index", "indicator": "mys - Mean Years of Schooling (years)", "year": "2001", "value": "11.2200206"}, {"country": "LIE - Liechtenstein", "index": "HDI - Human Development Index", "indicator": "mys - Mean Years of Schooling (years)", "year": "2002", "value": "11.29327168"}, {"country": "LIE - Liechtenstein", "index": "HDI - Human Development Index", "indicator": "mys - Mean Years of Schooling (years)", "year": "2003", "value": "11.36652276"}, {"country": "LIE - Liechtenstein", "index": "HDI - Human Development Index", "indicator": "mys - Mean Years of Schooling (years)", "year": "2004", "value": "11.43977383"}, {"country": "LIE - Liechtenstein", "index": "HDI - Human Development Index", "indicator": "mys - Mean Years of Schooling (years)", "year": "2005", "value": "11.51302491"}, {"country": "LIE - Liechtenstein", "index": "HDI - Human Development Index", "indicator": "mys - Mean Years of Schooling (years)", "year": "2006", "value": "11.58627599"}, {"country": "LIE - Liechtenstein", "index": "HDI - Human Development Index", "indicator": "mys - Mean Years of Schooling (years)", "year": "2007", "value": "11.65952707"}, {"country": "LIE - Liechtenstein", "index": "HDI - Human Development Index", "indicator": "mys - Mean Years of Schooling (years)", "year": "2008", "value": "11.73277815"}, {"country": "LIE - Liechtenstein", "index": "HDI - Human Development Index", "indicator": "mys - Mean Years of Schooling (years)", "year": "2009", "value": "11.80602922"}, {"country": "LIE - Liechtenstein", "index": "HDI - Human Development Index", "indicator": "mys - Mean Years of Schooling (years)", "year": "2010", "value": "11.8792803"}, {"country": "LIE - Liechtenstein", "index": "HDI - Human Development Index", "indicator": "mys - Mean Years of Schooling (years)", "year": "2011", "value": "11.95253138"}, {"country": "LIE - Liechtenstein", "index": "HDI - Human Development Index", "indicator": "mys - Mean Years of Schooling (years)", "year": "2012", "value": "12.02578246"}, {"country": "LIE - Liechtenstein", "index": "HDI - Human Development Index", "indicator": "mys - Mean Years of Schooling (years)", "year": "2013", "value": "12.09903353"}, {"country": "LIE - Liechtenstein", "index": "HDI - Human Development Index", "indicator": "mys - Mean Years of Schooling (years)", "year": "2014", "value": "12.17228461"}, {"country": "LIE - Liechtenstein", "index": "HDI - Human Development Index", "indicator": "mys - Mean Years of Schooling (years)", "year": "2015", "value": "12.24553569"}, {"country": "LIE - Liechtenstein", "index": "HDI - Human Development Index", "indicator": "mys - Mean Years of Schooling (years)", "year": "2016", "value": "12.31878677"}, {"country": "LIE - Liechtenstein", "index": "HDI - Human Development Index", "indicator": "mys - Mean Years of Schooling (years)", "year": "2017", "value": "12.39203784"}, {"country": "LIE - Liechtenstein", "index": "HDI - Human Development Index", "indicator": "mys - Mean Years of Schooling (years)", "year": "2018", "value": "12.46528892"}, {"country": "LIE - Liechtenstein", "index": "HDI - Human Development Index", "indicator": "mys - Mean Years of Schooling (years)", "year": "2019", "value": "12.53854"}, {"country": "LIE - Liechtenstein", "index": "HDI - Human Development Index", "indicator": "mys - Mean Years of Schooling (years)", "year": "2020", "value": "12.53854"}, {"country": "LIE - Liechtenstein", "index": "HDI - Human Development Index", "indicator": "mys - Mean Years of Schooling (years)", "year": "2021", "value": "12.53854"}, {"country": "LIE - Liechtenstein", "index": "GII - Gender Inequality Index", "indicator": "pr_f - Share of seats in parliament, female (% held by women)", "year": "1990", "value": "4"}, {"country": "LIE - Liechtenstein", "index": "GII - Gender Inequality Index", "indicator": "pr_f - Share of seats in parliament, female (% held by women)", "year": "1991", "value": "4"}, {"country": "LIE - Liechtenstein", "index": "GII - Gender Inequality Index", "indicator": "pr_f - Share of seats in parliament, female (% held by women)", "year": "1992", "value": "4"}, {"country": "LIE - Liechtenstein", "index": "GII - Gender Inequality Index", "indicator": "pr_f - Share of seats in parliament, female (% held by women)", "year": "1993", "value": "4"}, {"country": "LIE - Liechtenstein", "index": "GII - Gender Inequality Index", "indicator": "pr_f - Share of seats in parliament, female (% held by women)", "year": "1994", "value": "4"}, {"country": "LIE - Liechtenstein", "index": "GII - Gender Inequality Index", "indicator": "pr_f - Share of seats in parliament, female (% held by women)", "year": "1995", "value": "4"}, {"country": "LIE - Liechtenstein", "index": "GII - Gender Inequality Index", "indicator": "pr_f - Share of seats in parliament, female (% held by women)", "year": "1996", "value": "4"}, {"country": "LIE - Liechtenstein", "index": "GII - Gender Inequality Index", "indicator": "pr_f - Share of seats in parliament, female (% held by women)", "year": "1997", "value": "4"}, {"country": "LIE - Liechtenstein", "index": "GII - Gender Inequality Index", "indicator": "pr_f - Share of seats in parliament, female (% held by women)", "year": "1998", "value": "4"}, {"country": "LIE - Liechtenstein", "index": "GII - Gender Inequality Index", "indicator": "pr_f - Share of seats in parliament, female (% held by women)", "year": "1999", "value": "4"}, {"country": "LIE - Liechtenstein", "index": "GII - Gender Inequality Index", "indicator": "pr_f - Share of seats in parliament, female (% held by women)", "year": "2000", "value": "4"}, {"country": "LIE - Liechtenstein", "index": "GII - Gender Inequality Index", "indicator": "pr_f - Share of seats in parliament, female (% held by women)", "year": "2001", "value": "12"}, {"country": "LIE - Liechtenstein", "index": "GII - Gender Inequality Index", "indicator": "pr_f - Share of seats in parliament, female (% held by women)", "year": "2002", "value": "12"}, {"country": "LIE - Liechtenstein", "index": "GII - Gender Inequality Index", "indicator": "pr_f - Share of seats in parliament, female (% held by women)", "year": "2003", "value": "12"}, {"country": "LIE - Liechtenstein", "index": "GII - Gender Inequality Index", "indicator": "pr_f - Share of seats in parliament, female (% held by women)", "year": "2004", "value": "12"}, {"country": "LIE - Liechtenstein", "index": "GII - Gender Inequality Index", "indicator": "pr_f - Share of seats in parliament, female (% held by women)", "year": "2005", "value": "24"}, {"country": "LIE - Liechtenstein", "index": "GII - Gender Inequality Index", "indicator": "pr_f - Share of seats in parliament, female (% held by women)", "year": "2006", "value": "24"}, {"country": "LIE - Liechtenstein", "index": "GII - Gender Inequality Index", "indicator": "pr_f - Share of seats in parliament, female (% held by women)", "year": "2007", "value": "24"}, {"country": "LIE - Liechtenstein", "index": "GII - Gender Inequality Index", "indicator": "pr_f - Share of seats in parliament, female (% held by women)", "year": "2008", "value": "24"}, {"country": "LIE - Liechtenstein", "index": "GII - Gender Inequality Index", "indicator": "pr_f - Share of seats in parliament, female (% held by women)", "year": "2009", "value": "24"}, {"country": "LIE - Liechtenstein", "index": "GII - Gender Inequality Index", "indicator": "pr_f - Share of seats in parliament, female (% held by women)", "year": "2010", "value": "24"}, {"country": "LIE - Liechtenstein", "index": "GII - Gender Inequality Index", "indicator": "pr_f - Share of seats in parliament, female (% held by women)", "year": "2011", "value": "24"}, {"country": "LIE - Liechtenstein", "index": "GII - Gender Inequality Index", "indicator": "pr_f - Share of seats in parliament, female (% held by women)", "year": "2012", "value": "24"}, {"country": "LIE - Liechtenstein", "index": "GII - Gender Inequality Index", "indicator": "pr_f - Share of seats in parliament, female (% held by women)", "year": "2013", "value": "20"}, {"country": "LIE - Liechtenstein", "index": "GII - Gender Inequality Index", "indicator": "pr_f - Share of seats in parliament, female (% held by women)", "year": "2014", "value": "20"}, {"country": "LIE - Liechtenstein", "index": "GII - Gender Inequality Index", "indicator": "pr_f - Share of seats in parliament, female (% held by women)", "year": "2015", "value": "20"}, {"country": "LIE - Liechtenstein", "index": "GII - Gender Inequality Index", "indicator": "pr_f - Share of seats in parliament, female (% held by women)", "year": "2016", "value": "20"}, {"country": "LIE - Liechtenstein", "index": "GII - Gender Inequality Index", "indicator": "pr_f - Share of seats in parliament, female (% held by women)", "year": "2017", "value": "12"}, {"country": "LIE - Liechtenstein", "index": "GII - Gender Inequality Index", "indicator": "pr_f - Share of seats in parliament, female (% held by women)", "year": "2018", "value": "12"}, {"country": "LIE - Liechtenstein", "index": "GII - Gender Inequality Index", "indicator": "pr_f - Share of seats in parliament, female (% held by women)", "year": "2019", "value": "12"}, {"country": "LIE - Liechtenstein", "index": "GII - Gender Inequality Index", "indicator": "pr_f - Share of seats in parliament, female (% held by women)", "year": "2020", "value": "12"}, {"country": "LIE - Liechtenstein", "index": "GII - Gender Inequality Index", "indicator": "pr_f - Share of seats in parliament, female (% held by women)", "year": "2021", "value": "28"}, {"country": "LIE - Liechtenstein", "index": "GII - Gender Inequality Index", "indicator": "pr_m - Share of seats in parliament, male (% held by men)", "year": "1990", "value": "96"}, {"country": "LIE - Liechtenstein", "index": "GII - Gender Inequality Index", "indicator": "pr_m - Share of seats in parliament, male (% held by men)", "year": "1991", "value": "96"}, {"country": "LIE - Liechtenstein", "index": "GII - Gender Inequality Index", "indicator": "pr_m - Share of seats in parliament, male (% held by men)", "year": "1992", "value": "96"}, {"country": "LIE - Liechtenstein", "index": "GII - Gender Inequality Index", "indicator": "pr_m - Share of seats in parliament, male (% held by men)", "year": "1993", "value": "96"}, {"country": "LIE - Liechtenstein", "index": "GII - Gender Inequality Index", "indicator": "pr_m - Share of seats in parliament, male (% held by men)", "year": "1994", "value": "96"}, {"country": "LIE - Liechtenstein", "index": "GII - Gender Inequality Index", "indicator": "pr_m - Share of seats in parliament, male (% held by men)", "year": "1995", "value": "96"}, {"country": "LIE - Liechtenstein", "index": "GII - Gender Inequality Index", "indicator": "pr_m - Share of seats in parliament, male (% held by men)", "year": "1996", "value": "96"}, {"country": "LIE - Liechtenstein", "index": "GII - Gender Inequality Index", "indicator": "pr_m - Share of seats in parliament, male (% held by men)", "year": "1997", "value": "96"}, {"country": "LIE - Liechtenstein", "index": "GII - Gender Inequality Index", "indicator": "pr_m - Share of seats in parliament, male (% held by men)", "year": "1998", "value": "96"}, {"country": "LIE - Liechtenstein", "index": "GII - Gender Inequality Index", "indicator": "pr_m - Share of seats in parliament, male (% held by men)", "year": "1999", "value": "96"}, {"country": "LIE - Liechtenstein", "index": "GII - Gender Inequality Index", "indicator": "pr_m - Share of seats in parliament, male (% held by men)", "year": "2000", "value": "96"}, {"country": "LIE - Liechtenstein", "index": "GII - Gender Inequality Index", "indicator": "pr_m - Share of seats in parliament, male (% held by men)", "year": "2001", "value": "88"}, {"country": "LIE - Liechtenstein", "index": "GII - Gender Inequality Index", "indicator": "pr_m - Share of seats in parliament, male (% held by men)", "year": "2002", "value": "88"}, {"country": "LIE - Liechtenstein", "index": "GII - Gender Inequality Index", "indicator": "pr_m - Share of seats in parliament, male (% held by men)", "year": "2003", "value": "88"}, {"country": "LIE - Liechtenstein", "index": "GII - Gender Inequality Index", "indicator": "pr_m - Share of seats in parliament, male (% held by men)", "year": "2004", "value": "88"}, {"country": "LIE - Liechtenstein", "index": "GII - Gender Inequality Index", "indicator": "pr_m - Share of seats in parliament, male (% held by men)", "year": "2005", "value": "76"}, {"country": "LIE - Liechtenstein", "index": "GII - Gender Inequality Index", "indicator": "pr_m - Share of seats in parliament, male (% held by men)", "year": "2006", "value": "76"}, {"country": "LIE - Liechtenstein", "index": "GII - Gender Inequality Index", "indicator": "pr_m - Share of seats in parliament, male (% held by men)", "year": "2007", "value": "76"}, {"country": "LIE - Liechtenstein", "index": "GII - Gender Inequality Index", "indicator": "pr_m - Share of seats in parliament, male (% held by men)", "year": "2008", "value": "76"}, {"country": "LIE - Liechtenstein", "index": "GII - Gender Inequality Index", "indicator": "pr_m - Share of seats in parliament, male (% held by men)", "year": "2009", "value": "76"}, {"country": "LIE - Liechtenstein", "index": "GII - Gender Inequality Index", "indicator": "pr_m - Share of seats in parliament, male (% held by men)", "year": "2010", "value": "76"}, {"country": "LIE - Liechtenstein", "index": "GII - Gender Inequality Index", "indicator": "pr_m - Share of seats in parliament, male (% held by men)", "year": "2011", "value": "76"}, {"country": "LIE - Liechtenstein", "index": "GII - Gender Inequality Index", "indicator": "pr_m - Share of seats in parliament, male (% held by men)", "year": "2012", "value": "76"}, {"country": "LIE - Liechtenstein", "index": "GII - Gender Inequality Index", "indicator": "pr_m - Share of seats in parliament, male (% held by men)", "year": "2013", "value": "80"}, {"country": "LIE - Liechtenstein", "index": "GII - Gender Inequality Index", "indicator": "pr_m - Share of seats in parliament, male (% held by men)", "year": "2014", "value": "80"}, {"country": "LIE - Liechtenstein", "index": "GII - Gender Inequality Index", "indicator": "pr_m - Share of seats in parliament, male (% held by men)", "year": "2015", "value": "80"}, {"country": "LIE - Liechtenstein", "index": "GII - Gender Inequality Index", "indicator": "pr_m - Share of seats in parliament, male (% held by men)", "year": "2016", "value": "80"}, {"country": "LIE - Liechtenstein", "index": "GII - Gender Inequality Index", "indicator": "pr_m - Share of seats in parliament, male (% held by men)", "year": "2017", "value": "88"}, {"country": "LIE - Liechtenstein", "index": "GII - Gender Inequality Index", "indicator": "pr_m - Share of seats in parliament, male (% held by men)", "year": "2018", "value": "88"}, {"country": "LIE - Liechtenstein", "index": "GII - Gender Inequality Index", "indicator": "pr_m - Share of seats in parliament, male (% held by men)", "year": "2019", "value": "88"}, {"country": "LIE - Liechtenstein", "index": "GII - Gender Inequality Index", "indicator": "pr_m - Share of seats in parliament, male (% held by men)", "year": "2020", "value": "88"}, {"country": "LIE - Liechtenstein", "index": "GII - Gender Inequality Index", "indicator": "pr_m - Share of seats in parliament, male (% held by men)", "year": "2021", "value": "72"}]