[{"country": "DMA - Dominica", "index": "GII - Gender Inequality Index", "indicator": "abr - Adolescent Birth Rate (births per 1,000 women ages 15-19)", "year": "1990", "value": "91.477"}, {"country": "DMA - Dominica", "index": "GII - Gender Inequality Index", "indicator": "abr - Adolescent Birth Rate (births per 1,000 women ages 15-19)", "year": "1991", "value": "88.766"}, {"country": "DMA - Dominica", "index": "GII - Gender Inequality Index", "indicator": "abr - Adolescent Birth Rate (births per 1,000 women ages 15-19)", "year": "1992", "value": "90.066"}, {"country": "DMA - Dominica", "index": "GII - Gender Inequality Index", "indicator": "abr - Adolescent Birth Rate (births per 1,000 women ages 15-19)", "year": "1993", "value": "84.307"}, {"country": "DMA - Dominica", "index": "GII - Gender Inequality Index", "indicator": "abr - Adolescent Birth Rate (births per 1,000 women ages 15-19)", "year": "1994", "value": "74.741"}, {"country": "DMA - Dominica", "index": "GII - Gender Inequality Index", "indicator": "abr - Adolescent Birth Rate (births per 1,000 women ages 15-19)", "year": "1995", "value": "62.072"}, {"country": "DMA - Dominica", "index": "GII - Gender Inequality Index", "indicator": "abr - Adolescent Birth Rate (births per 1,000 women ages 15-19)", "year": "1996", "value": "59.427"}, {"country": "DMA - Dominica", "index": "GII - Gender Inequality Index", "indicator": "abr - Adolescent Birth Rate (births per 1,000 women ages 15-19)", "year": "1997", "value": "61.651"}, {"country": "DMA - Dominica", "index": "GII - Gender Inequality Index", "indicator": "abr - Adolescent Birth Rate (births per 1,000 women ages 15-19)", "year": "1998", "value": "59.445"}, {"country": "DMA - Dominica", "index": "GII - Gender Inequality Index", "indicator": "abr - Adolescent Birth Rate (births per 1,000 women ages 15-19)", "year": "1999", "value": "64.542"}, {"country": "DMA - Dominica", "index": "GII - Gender Inequality Index", "indicator": "abr - Adolescent Birth Rate (births per 1,000 women ages 15-19)", "year": "2000", "value": "59.459"}, {"country": "DMA - Dominica", "index": "GII - Gender Inequality Index", "indicator": "abr - Adolescent Birth Rate (births per 1,000 women ages 15-19)", "year": "2001", "value": "62.726"}, {"country": "DMA - Dominica", "index": "GII - Gender Inequality Index", "indicator": "abr - Adolescent Birth Rate (births per 1,000 women ages 15-19)", "year": "2002", "value": "56.67"}, {"country": "DMA - Dominica", "index": "GII - Gender Inequality Index", "indicator": "abr - Adolescent Birth Rate (births per 1,000 women ages 15-19)", "year": "2003", "value": "54.04"}, {"country": "DMA - Dominica", "index": "GII - Gender Inequality Index", "indicator": "abr - Adolescent Birth Rate (births per 1,000 women ages 15-19)", "year": "2004", "value": "53.232"}, {"country": "DMA - Dominica", "index": "GII - Gender Inequality Index", "indicator": "abr - Adolescent Birth Rate (births per 1,000 women ages 15-19)", "year": "2005", "value": "51.08"}, {"country": "DMA - Dominica", "index": "GII - Gender Inequality Index", "indicator": "abr - Adolescent Birth Rate (births per 1,000 women ages 15-19)", "year": "2006", "value": "51.981"}, {"country": "DMA - Dominica", "index": "GII - Gender Inequality Index", "indicator": "abr - Adolescent Birth Rate (births per 1,000 women ages 15-19)", "year": "2007", "value": "50.561"}, {"country": "DMA - Dominica", "index": "GII - Gender Inequality Index", "indicator": "abr - Adolescent Birth Rate (births per 1,000 women ages 15-19)", "year": "2008", "value": "48.688"}, {"country": "DMA - Dominica", "index": "GII - Gender Inequality Index", "indicator": "abr - Adolescent Birth Rate (births per 1,000 women ages 15-19)", "year": "2009", "value": "46.926"}, {"country": "DMA - Dominica", "index": "GII - Gender Inequality Index", "indicator": "abr - Adolescent Birth Rate (births per 1,000 women ages 15-19)", "year": "2010", "value": "45.981"}, {"country": "DMA - Dominica", "index": "GII - Gender Inequality Index", "indicator": "abr - Adolescent Birth Rate (births per 1,000 women ages 15-19)", "year": "2011", "value": "45.573"}, {"country": "DMA - Dominica", "index": "GII - Gender Inequality Index", "indicator": "abr - Adolescent Birth Rate (births per 1,000 women ages 15-19)", "year": "2012", "value": "44.585"}, {"country": "DMA - Dominica", "index": "GII - Gender Inequality Index", "indicator": "abr - Adolescent Birth Rate (births per 1,000 women ages 15-19)", "year": "2013", "value": "43.492"}, {"country": "DMA - Dominica", "index": "GII - Gender Inequality Index", "indicator": "abr - Adolescent Birth Rate (births per 1,000 women ages 15-19)", "year": "2014", "value": "42.372"}, {"country": "DMA - Dominica", "index": "GII - Gender Inequality Index", "indicator": "abr - Adolescent Birth Rate (births per 1,000 women ages 15-19)", "year": "2015", "value": "41.114"}, {"country": "DMA - Dominica", "index": "GII - Gender Inequality Index", "indicator": "abr - Adolescent Birth Rate (births per 1,000 women ages 15-19)", "year": "2016", "value": "39.635"}, {"country": "DMA - Dominica", "index": "GII - Gender Inequality Index", "indicator": "abr - Adolescent Birth Rate (births per 1,000 women ages 15-19)", "year": "2017", "value": "39.105"}, {"country": "DMA - Dominica", "index": "GII - Gender Inequality Index", "indicator": "abr - Adolescent Birth Rate (births per 1,000 women ages 15-19)", "year": "2018", "value": "39.348"}, {"country": "DMA - Dominica", "index": "GII - Gender Inequality Index", "indicator": "abr - Adolescent Birth Rate (births per 1,000 women ages 15-19)", "year": "2019", "value": "39.325"}, {"country": "DMA - Dominica", "index": "GII - Gender Inequality Index", "indicator": "abr - Adolescent Birth Rate (births per 1,000 women ages 15-19)", "year": "2020", "value": "39.022"}, {"country": "DMA - Dominica", "index": "GII - Gender Inequality Index", "indicator": "abr - Adolescent Birth Rate (births per 1,000 women ages 15-19)", "year": "2021", "value": "38.49"}, {"country": "DMA - Dominica", "index": "PHDI - Planetary pressures\u2013adjusted Human Development Index", "indicator": "co2_prod - Carbon dioxide emissions per capita (production) (tonnes)", "year": "1990", "value": "0.832502592"}, {"country": "DMA - Dominica", "index": "PHDI - Planetary pressures\u2013adjusted Human Development Index", "indicator": "co2_prod - Carbon dioxide emissions per capita (production) (tonnes)", "year": "1991", "value": "0.833034928"}, {"country": "DMA - Dominica", "index": "PHDI - Planetary pressures\u2013adjusted Human Development Index", "indicator": "co2_prod - Carbon dioxide emissions per capita (production) (tonnes)", "year": "1992", "value": "0.831027444"}, {"country": "DMA - Dominica", "index": "PHDI - Planetary pressures\u2013adjusted Human Development Index", "indicator": "co2_prod - Carbon dioxide emissions per capita (production) (tonnes)", "year": "1993", "value": "0.879388968"}, {"country": "DMA - Dominica", "index": "PHDI - Planetary pressures\u2013adjusted Human Development Index", "indicator": "co2_prod - Carbon dioxide emissions per capita (production) (tonnes)", "year": "1994", "value": "0.928339175"}, {"country": "DMA - Dominica", "index": "PHDI - Planetary pressures\u2013adjusted Human Development Index", "indicator": "co2_prod - Carbon dioxide emissions per capita (production) (tonnes)", "year": "1995", "value": "1.133759037"}, {"country": "DMA - Dominica", "index": "PHDI - Planetary pressures\u2013adjusted Human Development Index", "indicator": "co2_prod - Carbon dioxide emissions per capita (production) (tonnes)", "year": "1996", "value": "1.033043871"}, {"country": "DMA - Dominica", "index": "PHDI - Planetary pressures\u2013adjusted Human Development Index", "indicator": "co2_prod - Carbon dioxide emissions per capita (production) (tonnes)", "year": "1997", "value": "1.141772546"}, {"country": "DMA - Dominica", "index": "PHDI - Planetary pressures\u2013adjusted Human Development Index", "indicator": "co2_prod - Carbon dioxide emissions per capita (production) (tonnes)", "year": "1998", "value": "1.096302629"}, {"country": "DMA - Dominica", "index": "PHDI - Planetary pressures\u2013adjusted Human Development Index", "indicator": "co2_prod - Carbon dioxide emissions per capita (production) (tonnes)", "year": "1999", "value": "1.154263621"}, {"country": "DMA - Dominica", "index": "PHDI - Planetary pressures\u2013adjusted Human Development Index", "indicator": "co2_prod - Carbon dioxide emissions per capita (production) (tonnes)", "year": "2000", "value": "1.472936109"}, {"country": "DMA - Dominica", "index": "PHDI - Planetary pressures\u2013adjusted Human Development Index", "indicator": "co2_prod - Carbon dioxide emissions per capita (production) (tonnes)", "year": "2001", "value": "1.577927391"}, {"country": "DMA - Dominica", "index": "PHDI - Planetary pressures\u2013adjusted Human Development Index", "indicator": "co2_prod - Carbon dioxide emissions per capita (production) (tonnes)", "year": "2002", "value": "1.468992082"}, {"country": "DMA - Dominica", "index": "PHDI - Planetary pressures\u2013adjusted Human Development Index", "indicator": "co2_prod - Carbon dioxide emissions per capita (production) (tonnes)", "year": "2003", "value": "1.672610556"}, {"country": "DMA - Dominica", "index": "PHDI - Planetary pressures\u2013adjusted Human Development Index", "indicator": "co2_prod - Carbon dioxide emissions per capita (production) (tonnes)", "year": "2004", "value": "2.030348669"}, {"country": "DMA - Dominica", "index": "PHDI - Planetary pressures\u2013adjusted Human Development Index", "indicator": "co2_prod - Carbon dioxide emissions per capita (production) (tonnes)", "year": "2005", "value": "2.024394736"}, {"country": "DMA - Dominica", "index": "PHDI - Planetary pressures\u2013adjusted Human Development Index", "indicator": "co2_prod - Carbon dioxide emissions per capita (production) (tonnes)", "year": "2006", "value": "2.020701943"}, {"country": "DMA - Dominica", "index": "PHDI - Planetary pressures\u2013adjusted Human Development Index", "indicator": "co2_prod - Carbon dioxide emissions per capita (production) (tonnes)", "year": "2007", "value": "2.587753372"}, {"country": "DMA - Dominica", "index": "PHDI - Planetary pressures\u2013adjusted Human Development Index", "indicator": "co2_prod - Carbon dioxide emissions per capita (production) (tonnes)", "year": "2008", "value": "2.327925791"}, {"country": "DMA - Dominica", "index": "PHDI - Planetary pressures\u2013adjusted Human Development Index", "indicator": "co2_prod - Carbon dioxide emissions per capita (production) (tonnes)", "year": "2009", "value": "2.275479527"}, {"country": "DMA - Dominica", "index": "PHDI - Planetary pressures\u2013adjusted Human Development Index", "indicator": "co2_prod - Carbon dioxide emissions per capita (production) (tonnes)", "year": "2010", "value": "2.42966788"}, {"country": "DMA - Dominica", "index": "PHDI - Planetary pressures\u2013adjusted Human Development Index", "indicator": "co2_prod - Carbon dioxide emissions per capita (production) (tonnes)", "year": "2011", "value": "2.170032151"}, {"country": "DMA - Dominica", "index": "PHDI - Planetary pressures\u2013adjusted Human Development Index", "indicator": "co2_prod - Carbon dioxide emissions per capita (production) (tonnes)", "year": "2012", "value": "2.323398859"}, {"country": "DMA - Dominica", "index": "PHDI - Planetary pressures\u2013adjusted Human Development Index", "indicator": "co2_prod - Carbon dioxide emissions per capita (production) (tonnes)", "year": "2013", "value": "2.373267996"}, {"country": "DMA - Dominica", "index": "PHDI - Planetary pressures\u2013adjusted Human Development Index", "indicator": "co2_prod - Carbon dioxide emissions per capita (production) (tonnes)", "year": "2014", "value": "2.474080326"}, {"country": "DMA - Dominica", "index": "PHDI - Planetary pressures\u2013adjusted Human Development Index", "indicator": "co2_prod - Carbon dioxide emissions per capita (production) (tonnes)", "year": "2015", "value": "2.470674178"}, {"country": "DMA - Dominica", "index": "PHDI - Planetary pressures\u2013adjusted Human Development Index", "indicator": "co2_prod - Carbon dioxide emissions per capita (production) (tonnes)", "year": "2016", "value": "2.517845373"}, {"country": "DMA - Dominica", "index": "PHDI - Planetary pressures\u2013adjusted Human Development Index", "indicator": "co2_prod - Carbon dioxide emissions per capita (production) (tonnes)", "year": "2017", "value": "2.256150466"}, {"country": "DMA - Dominica", "index": "PHDI - Planetary pressures\u2013adjusted Human Development Index", "indicator": "co2_prod - Carbon dioxide emissions per capita (production) (tonnes)", "year": "2018", "value": "2.250890052"}, {"country": "DMA - Dominica", "index": "PHDI - Planetary pressures\u2013adjusted Human Development Index", "indicator": "co2_prod - Carbon dioxide emissions per capita (production) (tonnes)", "year": "2019", "value": "2.191399287"}, {"country": "DMA - Dominica", "index": "PHDI - Planetary pressures\u2013adjusted Human Development Index", "indicator": "co2_prod - Carbon dioxide emissions per capita (production) (tonnes)", "year": "2020", "value": "1.934403912"}, {"country": "DMA - Dominica", "index": "PHDI - Planetary pressures\u2013adjusted Human Development Index", "indicator": "co2_prod - Carbon dioxide emissions per capita (production) (tonnes)", "year": "2021", "value": "1.934403912"}, {"country": "DMA - Dominica", "index": "HDI - Human Development Index", "indicator": "eys - Expected Years of Schooling (years)", "year": "2000", "value": "12.72753188"}, {"country": "DMA - Dominica", "index": "HDI - Human Development Index", "indicator": "eys - Expected Years of Schooling (years)", "year": "2001", "value": "12.75800689"}, {"country": "DMA - Dominica", "index": "HDI - Human Development Index", "indicator": "eys - Expected Years of Schooling (years)", "year": "2002", "value": "12.78855487"}, {"country": "DMA - Dominica", "index": "HDI - Human Development Index", "indicator": "eys - Expected Years of Schooling (years)", "year": "2003", "value": "12.819176"}, {"country": "DMA - Dominica", "index": "HDI - Human Development Index", "indicator": "eys - Expected Years of Schooling (years)", "year": "2004", "value": "12.84987045"}, {"country": "DMA - Dominica", "index": "HDI - Human Development Index", "indicator": "eys - Expected Years of Schooling (years)", "year": "2005", "value": "12.88063839"}, {"country": "DMA - Dominica", "index": "HDI - Human Development Index", "indicator": "eys - Expected Years of Schooling (years)", "year": "2006", "value": "12.91148"}, {"country": "DMA - Dominica", "index": "HDI - Human Development Index", "indicator": "eys - Expected Years of Schooling (years)", "year": "2007", "value": "12.94752"}, {"country": "DMA - Dominica", "index": "HDI - Human Development Index", "indicator": "eys - Expected Years of Schooling (years)", "year": "2008", "value": "12.98356"}, {"country": "DMA - Dominica", "index": "HDI - Human Development Index", "indicator": "eys - Expected Years of Schooling (years)", "year": "2009", "value": "13.0196"}, {"country": "DMA - Dominica", "index": "HDI - Human Development Index", "indicator": "eys - Expected Years of Schooling (years)", "year": "2010", "value": "13.05564"}, {"country": "DMA - Dominica", "index": "HDI - Human Development Index", "indicator": "eys - Expected Years of Schooling (years)", "year": "2011", "value": "13.06678"}, {"country": "DMA - Dominica", "index": "HDI - Human Development Index", "indicator": "eys - Expected Years of Schooling (years)", "year": "2012", "value": "13.09806731"}, {"country": "DMA - Dominica", "index": "HDI - Human Development Index", "indicator": "eys - Expected Years of Schooling (years)", "year": "2013", "value": "13.12942954"}, {"country": "DMA - Dominica", "index": "HDI - Human Development Index", "indicator": "eys - Expected Years of Schooling (years)", "year": "2014", "value": "13.16086686"}, {"country": "DMA - Dominica", "index": "HDI - Human Development Index", "indicator": "eys - Expected Years of Schooling (years)", "year": "2015", "value": "13.19237946"}, {"country": "DMA - Dominica", "index": "HDI - Human Development Index", "indicator": "eys - Expected Years of Schooling (years)", "year": "2016", "value": "13.22396751"}, {"country": "DMA - Dominica", "index": "HDI - Human Development Index", "indicator": "eys - Expected Years of Schooling (years)", "year": "2017", "value": "13.2556312"}, {"country": "DMA - Dominica", "index": "HDI - Human Development Index", "indicator": "eys - Expected Years of Schooling (years)", "year": "2018", "value": "13.2873707"}, {"country": "DMA - Dominica", "index": "HDI - Human Development Index", "indicator": "eys - Expected Years of Schooling (years)", "year": "2019", "value": "13.3191862"}, {"country": "DMA - Dominica", "index": "HDI - Human Development Index", "indicator": "eys - Expected Years of Schooling (years)", "year": "2020", "value": "13.3191862"}, {"country": "DMA - Dominica", "index": "HDI - Human Development Index", "indicator": "eys - Expected Years of Schooling (years)", "year": "2021", "value": "13.3191862"}, {"country": "DMA - Dominica", "index": "GDI - Gender Development Index", "indicator": "eys_f - Expected Years of Schooling, female (years)", "year": "2000", "value": "13.33588693"}, {"country": "DMA - Dominica", "index": "GDI - Gender Development Index", "indicator": "eys_f - Expected Years of Schooling, female (years)", "year": "2001", "value": "13.40027196"}, {"country": "DMA - Dominica", "index": "GDI - Gender Development Index", "indicator": "eys_f - Expected Years of Schooling, female (years)", "year": "2002", "value": "13.46496785"}, {"country": "DMA - Dominica", "index": "GDI - Gender Development Index", "indicator": "eys_f - Expected Years of Schooling, female (years)", "year": "2003", "value": "13.52997609"}, {"country": "DMA - Dominica", "index": "GDI - Gender Development Index", "indicator": "eys_f - Expected Years of Schooling, female (years)", "year": "2004", "value": "13.59529818"}, {"country": "DMA - Dominica", "index": "GDI - Gender Development Index", "indicator": "eys_f - Expected Years of Schooling, female (years)", "year": "2005", "value": "13.66093564"}, {"country": "DMA - Dominica", "index": "GDI - Gender Development Index", "indicator": "eys_f - Expected Years of Schooling, female (years)", "year": "2006", "value": "13.72689"}, {"country": "DMA - Dominica", "index": "GDI - Gender Development Index", "indicator": "eys_f - Expected Years of Schooling, female (years)", "year": "2007", "value": "13.722345"}, {"country": "DMA - Dominica", "index": "GDI - Gender Development Index", "indicator": "eys_f - Expected Years of Schooling, female (years)", "year": "2008", "value": "13.7178"}, {"country": "DMA - Dominica", "index": "GDI - Gender Development Index", "indicator": "eys_f - Expected Years of Schooling, female (years)", "year": "2009", "value": "13.713255"}, {"country": "DMA - Dominica", "index": "GDI - Gender Development Index", "indicator": "eys_f - Expected Years of Schooling, female (years)", "year": "2010", "value": "13.70871"}, {"country": "DMA - Dominica", "index": "GDI - Gender Development Index", "indicator": "eys_f - Expected Years of Schooling, female (years)", "year": "2011", "value": "14.0578"}, {"country": "DMA - Dominica", "index": "GDI - Gender Development Index", "indicator": "eys_f - Expected Years of Schooling, female (years)", "year": "2012", "value": "14.1256704"}, {"country": "DMA - Dominica", "index": "GDI - Gender Development Index", "indicator": "eys_f - Expected Years of Schooling, female (years)", "year": "2013", "value": "14.19386848"}, {"country": "DMA - Dominica", "index": "GDI - Gender Development Index", "indicator": "eys_f - Expected Years of Schooling, female (years)", "year": "2014", "value": "14.26239581"}, {"country": "DMA - Dominica", "index": "GDI - Gender Development Index", "indicator": "eys_f - Expected Years of Schooling, female (years)", "year": "2015", "value": "14.33125399"}, {"country": "DMA - Dominica", "index": "GDI - Gender Development Index", "indicator": "eys_f - Expected Years of Schooling, female (years)", "year": "2016", "value": "14.40044461"}, {"country": "DMA - Dominica", "index": "GDI - Gender Development Index", "indicator": "eys_f - Expected Years of Schooling, female (years)", "year": "2017", "value": "14.46996929"}, {"country": "DMA - Dominica", "index": "GDI - Gender Development Index", "indicator": "eys_f - Expected Years of Schooling, female (years)", "year": "2018", "value": "14.53982962"}, {"country": "DMA - Dominica", "index": "GDI - Gender Development Index", "indicator": "eys_f - Expected Years of Schooling, female (years)", "year": "2019", "value": "14.61002724"}, {"country": "DMA - Dominica", "index": "GDI - Gender Development Index", "indicator": "eys_f - Expected Years of Schooling, female (years)", "year": "2020", "value": "14.61002724"}, {"country": "DMA - Dominica", "index": "GDI - Gender Development Index", "indicator": "eys_f - Expected Years of Schooling, female (years)", "year": "2021", "value": "14.61002724"}, {"country": "DMA - Dominica", "index": "GDI - Gender Development Index", "indicator": "eys_m - Expected Years of Schooling, male (years)", "year": "2000", "value": "12.1387237"}, {"country": "DMA - Dominica", "index": "GDI - Gender Development Index", "indicator": "eys_m - Expected Years of Schooling, male (years)", "year": "2001", "value": "12.13989113"}, {"country": "DMA - Dominica", "index": "GDI - Gender Development Index", "indicator": "eys_m - Expected Years of Schooling, male (years)", "year": "2002", "value": "12.14105868"}, {"country": "DMA - Dominica", "index": "GDI - Gender Development Index", "indicator": "eys_m - Expected Years of Schooling, male (years)", "year": "2003", "value": "12.14222634"}, {"country": "DMA - Dominica", "index": "GDI - Gender Development Index", "indicator": "eys_m - Expected Years of Schooling, male (years)", "year": "2004", "value": "12.14339412"}, {"country": "DMA - Dominica", "index": "GDI - Gender Development Index", "indicator": "eys_m - Expected Years of Schooling, male (years)", "year": "2005", "value": "12.144562"}, {"country": "DMA - Dominica", "index": "GDI - Gender Development Index", "indicator": "eys_m - Expected Years of Schooling, male (years)", "year": "2006", "value": "12.14573"}, {"country": "DMA - Dominica", "index": "GDI - Gender Development Index", "indicator": "eys_m - Expected Years of Schooling, male (years)", "year": "2007", "value": "12.2216525"}, {"country": "DMA - Dominica", "index": "GDI - Gender Development Index", "indicator": "eys_m - Expected Years of Schooling, male (years)", "year": "2008", "value": "12.297575"}, {"country": "DMA - Dominica", "index": "GDI - Gender Development Index", "indicator": "eys_m - Expected Years of Schooling, male (years)", "year": "2009", "value": "12.3734975"}, {"country": "DMA - Dominica", "index": "GDI - Gender Development Index", "indicator": "eys_m - Expected Years of Schooling, male (years)", "year": "2010", "value": "12.44942"}, {"country": "DMA - Dominica", "index": "GDI - Gender Development Index", "indicator": "eys_m - Expected Years of Schooling, male (years)", "year": "2011", "value": "12.147"}, {"country": "DMA - Dominica", "index": "GDI - Gender Development Index", "indicator": "eys_m - Expected Years of Schooling, male (years)", "year": "2012", "value": "12.14816823"}, {"country": "DMA - Dominica", "index": "GDI - Gender Development Index", "indicator": "eys_m - Expected Years of Schooling, male (years)", "year": "2013", "value": "12.14933658"}, {"country": "DMA - Dominica", "index": "GDI - Gender Development Index", "indicator": "eys_m - Expected Years of Schooling, male (years)", "year": "2014", "value": "12.15050503"}, {"country": "DMA - Dominica", "index": "GDI - Gender Development Index", "indicator": "eys_m - Expected Years of Schooling, male (years)", "year": "2015", "value": "12.1516736"}, {"country": "DMA - Dominica", "index": "GDI - Gender Development Index", "indicator": "eys_m - Expected Years of Schooling, male (years)", "year": "2016", "value": "12.15284228"}, {"country": "DMA - Dominica", "index": "GDI - Gender Development Index", "indicator": "eys_m - Expected Years of Schooling, male (years)", "year": "2017", "value": "12.15401108"}, {"country": "DMA - Dominica", "index": "GDI - Gender Development Index", "indicator": "eys_m - Expected Years of Schooling, male (years)", "year": "2018", "value": "12.15517998"}, {"country": "DMA - Dominica", "index": "GDI - Gender Development Index", "indicator": "eys_m - Expected Years of Schooling, male (years)", "year": "2019", "value": "12.156349"}, {"country": "DMA - Dominica", "index": "GDI - Gender Development Index", "indicator": "eys_m - Expected Years of Schooling, male (years)", "year": "2020", "value": "12.156349"}, {"country": "DMA - Dominica", "index": "GDI - Gender Development Index", "indicator": "eys_m - Expected Years of Schooling, male (years)", "year": "2021", "value": "12.156349"}, {"country": "DMA - Dominica", "index": "HDI - Human Development Index", "indicator": "gnipc - Gross National Income Per Capita (2017 PPP$)", "year": "1990", "value": "8659.548361"}, {"country": "DMA - Dominica", "index": "HDI - Human Development Index", "indicator": "gnipc - Gross National Income Per Capita (2017 PPP$)", "year": "1991", "value": "8532.133123"}, {"country": "DMA - Dominica", "index": "HDI - Human Development Index", "indicator": "gnipc - Gross National Income Per Capita (2017 PPP$)", "year": "1992", "value": "8650.469562"}, {"country": "DMA - Dominica", "index": "HDI - Human Development Index", "indicator": "gnipc - Gross National Income Per Capita (2017 PPP$)", "year": "1993", "value": "8755.249351"}, {"country": "DMA - Dominica", "index": "HDI - Human Development Index", "indicator": "gnipc - Gross National Income Per Capita (2017 PPP$)", "year": "1994", "value": "8165.658711"}, {"country": "DMA - Dominica", "index": "HDI - Human Development Index", "indicator": "gnipc - Gross National Income Per Capita (2017 PPP$)", "year": "1995", "value": "8268.568307"}, {"country": "DMA - Dominica", "index": "HDI - Human Development Index", "indicator": "gnipc - Gross National Income Per Capita (2017 PPP$)", "year": "1996", "value": "8417.721178"}, {"country": "DMA - Dominica", "index": "HDI - Human Development Index", "indicator": "gnipc - Gross National Income Per Capita (2017 PPP$)", "year": "1997", "value": "8747.436009"}, {"country": "DMA - Dominica", "index": "HDI - Human Development Index", "indicator": "gnipc - Gross National Income Per Capita (2017 PPP$)", "year": "1998", "value": "9186.386446"}, {"country": "DMA - Dominica", "index": "HDI - Human Development Index", "indicator": "gnipc - Gross National Income Per Capita (2017 PPP$)", "year": "1999", "value": "8926.625756"}, {"country": "DMA - Dominica", "index": "HDI - Human Development Index", "indicator": "gnipc - Gross National Income Per Capita (2017 PPP$)", "year": "2000", "value": "8853.514443"}, {"country": "DMA - Dominica", "index": "HDI - Human Development Index", "indicator": "gnipc - Gross National Income Per Capita (2017 PPP$)", "year": "2001", "value": "9288.801447"}, {"country": "DMA - Dominica", "index": "HDI - Human Development Index", "indicator": "gnipc - Gross National Income Per Capita (2017 PPP$)", "year": "2002", "value": "8905.835"}, {"country": "DMA - Dominica", "index": "HDI - Human Development Index", "indicator": "gnipc - Gross National Income Per Capita (2017 PPP$)", "year": "2003", "value": "9489.095199"}, {"country": "DMA - Dominica", "index": "HDI - Human Development Index", "indicator": "gnipc - Gross National Income Per Capita (2017 PPP$)", "year": "2004", "value": "9611.612747"}, {"country": "DMA - Dominica", "index": "HDI - Human Development Index", "indicator": "gnipc - Gross National Income Per Capita (2017 PPP$)", "year": "2005", "value": "9765.248771"}, {"country": "DMA - Dominica", "index": "HDI - Human Development Index", "indicator": "gnipc - Gross National Income Per Capita (2017 PPP$)", "year": "2006", "value": "10657.23036"}, {"country": "DMA - Dominica", "index": "HDI - Human Development Index", "indicator": "gnipc - Gross National Income Per Capita (2017 PPP$)", "year": "2007", "value": "11226.64924"}, {"country": "DMA - Dominica", "index": "HDI - Human Development Index", "indicator": "gnipc - Gross National Income Per Capita (2017 PPP$)", "year": "2008", "value": "12103.08802"}, {"country": "DMA - Dominica", "index": "HDI - Human Development Index", "indicator": "gnipc - Gross National Income Per Capita (2017 PPP$)", "year": "2009", "value": "12108.08812"}, {"country": "DMA - Dominica", "index": "HDI - Human Development Index", "indicator": "gnipc - Gross National Income Per Capita (2017 PPP$)", "year": "2010", "value": "12295.14706"}, {"country": "DMA - Dominica", "index": "HDI - Human Development Index", "indicator": "gnipc - Gross National Income Per Capita (2017 PPP$)", "year": "2011", "value": "12236.06264"}, {"country": "DMA - Dominica", "index": "HDI - Human Development Index", "indicator": "gnipc - Gross National Income Per Capita (2017 PPP$)", "year": "2012", "value": "12114.5372"}, {"country": "DMA - Dominica", "index": "HDI - Human Development Index", "indicator": "gnipc - Gross National Income Per Capita (2017 PPP$)", "year": "2013", "value": "11997.30479"}, {"country": "DMA - Dominica", "index": "HDI - Human Development Index", "indicator": "gnipc - Gross National Income Per Capita (2017 PPP$)", "year": "2014", "value": "12533.22462"}, {"country": "DMA - Dominica", "index": "HDI - Human Development Index", "indicator": "gnipc - Gross National Income Per Capita (2017 PPP$)", "year": "2015", "value": "11929.38956"}, {"country": "DMA - Dominica", "index": "HDI - Human Development Index", "indicator": "gnipc - Gross National Income Per Capita (2017 PPP$)", "year": "2016", "value": "12361.6883"}, {"country": "DMA - Dominica", "index": "HDI - Human Development Index", "indicator": "gnipc - Gross National Income Per Capita (2017 PPP$)", "year": "2017", "value": "11060.97853"}, {"country": "DMA - Dominica", "index": "HDI - Human Development Index", "indicator": "gnipc - Gross National Income Per Capita (2017 PPP$)", "year": "2018", "value": "12211.41123"}, {"country": "DMA - Dominica", "index": "HDI - Human Development Index", "indicator": "gnipc - Gross National Income Per Capita (2017 PPP$)", "year": "2019", "value": "12694.12057"}, {"country": "DMA - Dominica", "index": "HDI - Human Development Index", "indicator": "gnipc - Gross National Income Per Capita (2017 PPP$)", "year": "2020", "value": "11133.41849"}, {"country": "DMA - Dominica", "index": "HDI - Human Development Index", "indicator": "gnipc - Gross National Income Per Capita (2017 PPP$)", "year": "2021", "value": "11487.62422"}, {"country": "DMA - Dominica", "index": "HDI - Human Development Index", "indicator": "hdi - Human Development Index (value)", "year": "2000", "value": "0.695"}, {"country": "DMA - Dominica", "index": "HDI - Human Development Index", "indicator": "hdi - Human Development Index (value)", "year": "2001", "value": "0.694"}, {"country": "DMA - Dominica", "index": "HDI - Human Development Index", "indicator": "hdi - Human Development Index (value)", "year": "2002", "value": "0.695"}, {"country": "DMA - Dominica", "index": "HDI - Human Development Index", "indicator": "hdi - Human Development Index (value)", "year": "2003", "value": "0.695"}, {"country": "DMA - Dominica", "index": "HDI - Human Development Index", "indicator": "hdi - Human Development Index (value)", "year": "2004", "value": "0.7"}, {"country": "DMA - Dominica", "index": "HDI - Human Development Index", "indicator": "hdi - Human Development Index (value)", "year": "2005", "value": "0.701"}, {"country": "DMA - Dominica", "index": "HDI - Human Development Index", "indicator": "hdi - Human Development Index (value)", "year": "2006", "value": "0.708"}, {"country": "DMA - Dominica", "index": "HDI - Human Development Index", "indicator": "hdi - Human Development Index (value)", "year": "2007", "value": "0.707"}, {"country": "DMA - Dominica", "index": "HDI - Human Development Index", "indicator": "hdi - Human Development Index (value)", "year": "2008", "value": "0.717"}, {"country": "DMA - Dominica", "index": "HDI - Human Development Index", "indicator": "hdi - Human Development Index (value)", "year": "2009", "value": "0.713"}, {"country": "DMA - Dominica", "index": "HDI - Human Development Index", "indicator": "hdi - Human Development Index (value)", "year": "2010", "value": "0.711"}, {"country": "DMA - Dominica", "index": "HDI - Human Development Index", "indicator": "hdi - Human Development Index (value)", "year": "2011", "value": "0.702"}, {"country": "DMA - Dominica", "index": "HDI - Human Development Index", "indicator": "hdi - Human Development Index (value)", "year": "2012", "value": "0.706"}, {"country": "DMA - Dominica", "index": "HDI - Human Development Index", "indicator": "hdi - Human Development Index (value)", "year": "2013", "value": "0.699"}, {"country": "DMA - Dominica", "index": "HDI - Human Development Index", "indicator": "hdi - Human Development Index (value)", "year": "2014", "value": "0.705"}, {"country": "DMA - Dominica", "index": "HDI - Human Development Index", "indicator": "hdi - Human Development Index (value)", "year": "2015", "value": "0.7"}, {"country": "DMA - Dominica", "index": "HDI - Human Development Index", "indicator": "hdi - Human Development Index (value)", "year": "2016", "value": "0.709"}, {"country": "DMA - Dominica", "index": "HDI - Human Development Index", "indicator": "hdi - Human Development Index (value)", "year": "2017", "value": "0.692"}, {"country": "DMA - Dominica", "index": "HDI - Human Development Index", "indicator": "hdi - Human Development Index (value)", "year": "2018", "value": "0.726"}, {"country": "DMA - Dominica", "index": "HDI - Human Development Index", "indicator": "hdi - Human Development Index (value)", "year": "2019", "value": "0.729"}, {"country": "DMA - Dominica", "index": "HDI - Human Development Index", "indicator": "hdi - Human Development Index (value)", "year": "2020", "value": "0.722"}, {"country": "DMA - Dominica", "index": "HDI - Human Development Index", "indicator": "hdi - Human Development Index (value)", "year": "2021", "value": "0.72"}, {"country": "DMA - Dominica", "index": "HDI - Human Development Index", "indicator": "hdi_rank - HDI Rank", "year": "2021", "value": "102"}, {"country": "DMA - Dominica", "index": "IHDI - Inequality-adjusted Human Development Index", "indicator": "ineq_le - Inequality in life expectancy", "year": "2010", "value": "14.30051041"}, {"country": "DMA - Dominica", "index": "IHDI - Inequality-adjusted Human Development Index", "indicator": "ineq_le - Inequality in life expectancy", "year": "2011", "value": "18.6509037"}, {"country": "DMA - Dominica", "index": "IHDI - Inequality-adjusted Human Development Index", "indicator": "ineq_le - Inequality in life expectancy", "year": "2012", "value": "17.51012421"}, {"country": "DMA - Dominica", "index": "IHDI - Inequality-adjusted Human Development Index", "indicator": "ineq_le - Inequality in life expectancy", "year": "2013", "value": "21.27141762"}, {"country": "DMA - Dominica", "index": "IHDI - Inequality-adjusted Human Development Index", "indicator": "ineq_le - Inequality in life expectancy", "year": "2014", "value": "20.87308121"}, {"country": "DMA - Dominica", "index": "IHDI - Inequality-adjusted Human Development Index", "indicator": "ineq_le - Inequality in life expectancy", "year": "2015", "value": "21.10400009"}, {"country": "DMA - Dominica", "index": "IHDI - Inequality-adjusted Human Development Index", "indicator": "ineq_le - Inequality in life expectancy", "year": "2016", "value": "18.54019547"}, {"country": "DMA - Dominica", "index": "IHDI - Inequality-adjusted Human Development Index", "indicator": "ineq_le - Inequality in life expectancy", "year": "2017", "value": "22.67356491"}, {"country": "DMA - Dominica", "index": "IHDI - Inequality-adjusted Human Development Index", "indicator": "ineq_le - Inequality in life expectancy", "year": "2018", "value": "9.300085068"}, {"country": "DMA - Dominica", "index": "IHDI - Inequality-adjusted Human Development Index", "indicator": "ineq_le - Inequality in life expectancy", "year": "2019", "value": "9.284256935"}, {"country": "DMA - Dominica", "index": "IHDI - Inequality-adjusted Human Development Index", "indicator": "ineq_le - Inequality in life expectancy", "year": "2020", "value": "9.179593086"}, {"country": "DMA - Dominica", "index": "IHDI - Inequality-adjusted Human Development Index", "indicator": "ineq_le - Inequality in life expectancy", "year": "2021", "value": "8.952466011"}, {"country": "DMA - Dominica", "index": "HDI - Human Development Index", "indicator": "le - Life Expectancy at Birth (years)", "year": "1990", "value": "69.852"}, {"country": "DMA - Dominica", "index": "HDI - Human Development Index", "indicator": "le - Life Expectancy at Birth (years)", "year": "1991", "value": "69.6458"}, {"country": "DMA - Dominica", "index": "HDI - Human Development Index", "indicator": "le - Life Expectancy at Birth (years)", "year": "1992", "value": "70.2817"}, {"country": "DMA - Dominica", "index": "HDI - Human Development Index", "indicator": "le - Life Expectancy at Birth (years)", "year": "1993", "value": "70.9373"}, {"country": "DMA - Dominica", "index": "HDI - Human Development Index", "indicator": "le - Life Expectancy at Birth (years)", "year": "1994", "value": "71.0757"}, {"country": "DMA - Dominica", "index": "HDI - Human Development Index", "indicator": "le - Life Expectancy at Birth (years)", "year": "1995", "value": "71.5203"}, {"country": "DMA - Dominica", "index": "HDI - Human Development Index", "indicator": "le - Life Expectancy at Birth (years)", "year": "1996", "value": "71.194"}, {"country": "DMA - Dominica", "index": "HDI - Human Development Index", "indicator": "le - Life Expectancy at Birth (years)", "year": "1997", "value": "71.6344"}, {"country": "DMA - Dominica", "index": "HDI - Human Development Index", "indicator": "le - Life Expectancy at Birth (years)", "year": "1998", "value": "71.4715"}, {"country": "DMA - Dominica", "index": "HDI - Human Development Index", "indicator": "le - Life Expectancy at Birth (years)", "year": "1999", "value": "70.6314"}, {"country": "DMA - Dominica", "index": "HDI - Human Development Index", "indicator": "le - Life Expectancy at Birth (years)", "year": "2000", "value": "72.6932"}, {"country": "DMA - Dominica", "index": "HDI - Human Development Index", "indicator": "le - Life Expectancy at Birth (years)", "year": "2001", "value": "71.7132"}, {"country": "DMA - Dominica", "index": "HDI - Human Development Index", "indicator": "le - Life Expectancy at Birth (years)", "year": "2002", "value": "72.3395"}, {"country": "DMA - Dominica", "index": "HDI - Human Development Index", "indicator": "le - Life Expectancy at Birth (years)", "year": "2003", "value": "71.4384"}, {"country": "DMA - Dominica", "index": "HDI - Human Development Index", "indicator": "le - Life Expectancy at Birth (years)", "year": "2004", "value": "72.401"}, {"country": "DMA - Dominica", "index": "HDI - Human Development Index", "indicator": "le - Life Expectancy at Birth (years)", "year": "2005", "value": "72.2543"}, {"country": "DMA - Dominica", "index": "HDI - Human Development Index", "indicator": "le - Life Expectancy at Birth (years)", "year": "2006", "value": "72.8479"}, {"country": "DMA - Dominica", "index": "HDI - Human Development Index", "indicator": "le - Life Expectancy at Birth (years)", "year": "2007", "value": "71.9301"}, {"country": "DMA - Dominica", "index": "HDI - Human Development Index", "indicator": "le - Life Expectancy at Birth (years)", "year": "2008", "value": "73.3054"}, {"country": "DMA - Dominica", "index": "HDI - Human Development Index", "indicator": "le - Life Expectancy at Birth (years)", "year": "2009", "value": "72.1702"}, {"country": "DMA - Dominica", "index": "HDI - Human Development Index", "indicator": "le - Life Expectancy at Birth (years)", "year": "2010", "value": "71.5499"}, {"country": "DMA - Dominica", "index": "HDI - Human Development Index", "indicator": "le - Life Expectancy at Birth (years)", "year": "2011", "value": "69.6948"}, {"country": "DMA - Dominica", "index": "HDI - Human Development Index", "indicator": "le - Life Expectancy at Birth (years)", "year": "2012", "value": "70.5383"}, {"country": "DMA - Dominica", "index": "HDI - Human Development Index", "indicator": "le - Life Expectancy at Birth (years)", "year": "2013", "value": "68.8962"}, {"country": "DMA - Dominica", "index": "HDI - Human Development Index", "indicator": "le - Life Expectancy at Birth (years)", "year": "2014", "value": "69.4342"}, {"country": "DMA - Dominica", "index": "HDI - Human Development Index", "indicator": "le - Life Expectancy at Birth (years)", "year": "2015", "value": "68.7266"}, {"country": "DMA - Dominica", "index": "HDI - Human Development Index", "indicator": "le - Life Expectancy at Birth (years)", "year": "2016", "value": "70.1284"}, {"country": "DMA - Dominica", "index": "HDI - Human Development Index", "indicator": "le - Life Expectancy at Birth (years)", "year": "2017", "value": "67.5253"}, {"country": "DMA - Dominica", "index": "HDI - Human Development Index", "indicator": "le - Life Expectancy at Birth (years)", "year": "2018", "value": "73.59"}, {"country": "DMA - Dominica", "index": "HDI - Human Development Index", "indicator": "le - Life Expectancy at Birth (years)", "year": "2019", "value": "73.5588"}, {"country": "DMA - Dominica", "index": "HDI - Human Development Index", "indicator": "le - Life Expectancy at Birth (years)", "year": "2020", "value": "73.649"}, {"country": "DMA - Dominica", "index": "HDI - Human Development Index", "indicator": "le - Life Expectancy at Birth (years)", "year": "2021", "value": "72.814"}, {"country": "DMA - Dominica", "index": "GDI - Gender Development Index", "indicator": "le_f - Life Expectancy at Birth, female (years)", "year": "1990", "value": "72.5102"}, {"country": "DMA - Dominica", "index": "GDI - Gender Development Index", "indicator": "le_f - Life Expectancy at Birth, female (years)", "year": "1991", "value": "71.8731"}, {"country": "DMA - Dominica", "index": "GDI - Gender Development Index", "indicator": "le_f - Life Expectancy at Birth, female (years)", "year": "1992", "value": "73.6164"}, {"country": "DMA - Dominica", "index": "GDI - Gender Development Index", "indicator": "le_f - Life Expectancy at Birth, female (years)", "year": "1993", "value": "73.8561"}, {"country": "DMA - Dominica", "index": "GDI - Gender Development Index", "indicator": "le_f - Life Expectancy at Birth, female (years)", "year": "1994", "value": "73.5424"}, {"country": "DMA - Dominica", "index": "GDI - Gender Development Index", "indicator": "le_f - Life Expectancy at Birth, female (years)", "year": "1995", "value": "74.4381"}, {"country": "DMA - Dominica", "index": "GDI - Gender Development Index", "indicator": "le_f - Life Expectancy at Birth, female (years)", "year": "1996", "value": "74.4791"}, {"country": "DMA - Dominica", "index": "GDI - Gender Development Index", "indicator": "le_f - Life Expectancy at Birth, female (years)", "year": "1997", "value": "74.0741"}, {"country": "DMA - Dominica", "index": "GDI - Gender Development Index", "indicator": "le_f - Life Expectancy at Birth, female (years)", "year": "1998", "value": "73.7969"}, {"country": "DMA - Dominica", "index": "GDI - Gender Development Index", "indicator": "le_f - Life Expectancy at Birth, female (years)", "year": "1999", "value": "73.1655"}, {"country": "DMA - Dominica", "index": "GDI - Gender Development Index", "indicator": "le_f - Life Expectancy at Birth, female (years)", "year": "2000", "value": "75.0508"}, {"country": "DMA - Dominica", "index": "GDI - Gender Development Index", "indicator": "le_f - Life Expectancy at Birth, female (years)", "year": "2001", "value": "74.4928"}, {"country": "DMA - Dominica", "index": "GDI - Gender Development Index", "indicator": "le_f - Life Expectancy at Birth, female (years)", "year": "2002", "value": "75.3895"}, {"country": "DMA - Dominica", "index": "GDI - Gender Development Index", "indicator": "le_f - Life Expectancy at Birth, female (years)", "year": "2003", "value": "73.8384"}, {"country": "DMA - Dominica", "index": "GDI - Gender Development Index", "indicator": "le_f - Life Expectancy at Birth, female (years)", "year": "2004", "value": "74.4619"}, {"country": "DMA - Dominica", "index": "GDI - Gender Development Index", "indicator": "le_f - Life Expectancy at Birth, female (years)", "year": "2005", "value": "75.5289"}, {"country": "DMA - Dominica", "index": "GDI - Gender Development Index", "indicator": "le_f - Life Expectancy at Birth, female (years)", "year": "2006", "value": "76.1134"}, {"country": "DMA - Dominica", "index": "GDI - Gender Development Index", "indicator": "le_f - Life Expectancy at Birth, female (years)", "year": "2007", "value": "74.7391"}, {"country": "DMA - Dominica", "index": "GDI - Gender Development Index", "indicator": "le_f - Life Expectancy at Birth, female (years)", "year": "2008", "value": "76.2139"}, {"country": "DMA - Dominica", "index": "GDI - Gender Development Index", "indicator": "le_f - Life Expectancy at Birth, female (years)", "year": "2009", "value": "74.7259"}, {"country": "DMA - Dominica", "index": "GDI - Gender Development Index", "indicator": "le_f - Life Expectancy at Birth, female (years)", "year": "2010", "value": "74.8889"}, {"country": "DMA - Dominica", "index": "GDI - Gender Development Index", "indicator": "le_f - Life Expectancy at Birth, female (years)", "year": "2011", "value": "72.9735"}, {"country": "DMA - Dominica", "index": "GDI - Gender Development Index", "indicator": "le_f - Life Expectancy at Birth, female (years)", "year": "2012", "value": "73.2151"}, {"country": "DMA - Dominica", "index": "GDI - Gender Development Index", "indicator": "le_f - Life Expectancy at Birth, female (years)", "year": "2013", "value": "71.3096"}, {"country": "DMA - Dominica", "index": "GDI - Gender Development Index", "indicator": "le_f - Life Expectancy at Birth, female (years)", "year": "2014", "value": "72.1177"}, {"country": "DMA - Dominica", "index": "GDI - Gender Development Index", "indicator": "le_f - Life Expectancy at Birth, female (years)", "year": "2015", "value": "71.0817"}, {"country": "DMA - Dominica", "index": "GDI - Gender Development Index", "indicator": "le_f - Life Expectancy at Birth, female (years)", "year": "2016", "value": "73.0191"}, {"country": "DMA - Dominica", "index": "GDI - Gender Development Index", "indicator": "le_f - Life Expectancy at Birth, female (years)", "year": "2017", "value": "69.6472"}, {"country": "DMA - Dominica", "index": "GDI - Gender Development Index", "indicator": "le_f - Life Expectancy at Birth, female (years)", "year": "2018", "value": "77.2471"}, {"country": "DMA - Dominica", "index": "GDI - Gender Development Index", "indicator": "le_f - Life Expectancy at Birth, female (years)", "year": "2019", "value": "77.2054"}, {"country": "DMA - Dominica", "index": "GDI - Gender Development Index", "indicator": "le_f - Life Expectancy at Birth, female (years)", "year": "2020", "value": "77.2597"}, {"country": "DMA - Dominica", "index": "GDI - Gender Development Index", "indicator": "le_f - Life Expectancy at Birth, female (years)", "year": "2021", "value": "76.3013"}, {"country": "DMA - Dominica", "index": "GDI - Gender Development Index", "indicator": "le_m - Life Expectancy at Birth, male (years)", "year": "1990", "value": "67.2653"}, {"country": "DMA - Dominica", "index": "GDI - Gender Development Index", "indicator": "le_m - Life Expectancy at Birth, male (years)", "year": "1991", "value": "67.4335"}, {"country": "DMA - Dominica", "index": "GDI - Gender Development Index", "indicator": "le_m - Life Expectancy at Birth, male (years)", "year": "1992", "value": "67.1438"}, {"country": "DMA - Dominica", "index": "GDI - Gender Development Index", "indicator": "le_m - Life Expectancy at Birth, male (years)", "year": "1993", "value": "68.1242"}, {"country": "DMA - Dominica", "index": "GDI - Gender Development Index", "indicator": "le_m - Life Expectancy at Birth, male (years)", "year": "1994", "value": "68.6478"}, {"country": "DMA - Dominica", "index": "GDI - Gender Development Index", "indicator": "le_m - Life Expectancy at Birth, male (years)", "year": "1995", "value": "68.7196"}, {"country": "DMA - Dominica", "index": "GDI - Gender Development Index", "indicator": "le_m - Life Expectancy at Birth, male (years)", "year": "1996", "value": "68.1058"}, {"country": "DMA - Dominica", "index": "GDI - Gender Development Index", "indicator": "le_m - Life Expectancy at Birth, male (years)", "year": "1997", "value": "69.246"}, {"country": "DMA - Dominica", "index": "GDI - Gender Development Index", "indicator": "le_m - Life Expectancy at Birth, male (years)", "year": "1998", "value": "69.2044"}, {"country": "DMA - Dominica", "index": "GDI - Gender Development Index", "indicator": "le_m - Life Expectancy at Birth, male (years)", "year": "1999", "value": "68.1947"}, {"country": "DMA - Dominica", "index": "GDI - Gender Development Index", "indicator": "le_m - Life Expectancy at Birth, male (years)", "year": "2000", "value": "70.3916"}, {"country": "DMA - Dominica", "index": "GDI - Gender Development Index", "indicator": "le_m - Life Expectancy at Birth, male (years)", "year": "2001", "value": "69.0898"}, {"country": "DMA - Dominica", "index": "GDI - Gender Development Index", "indicator": "le_m - Life Expectancy at Birth, male (years)", "year": "2002", "value": "69.5384"}, {"country": "DMA - Dominica", "index": "GDI - Gender Development Index", "indicator": "le_m - Life Expectancy at Birth, male (years)", "year": "2003", "value": "69.1757"}, {"country": "DMA - Dominica", "index": "GDI - Gender Development Index", "indicator": "le_m - Life Expectancy at Birth, male (years)", "year": "2004", "value": "70.457"}, {"country": "DMA - Dominica", "index": "GDI - Gender Development Index", "indicator": "le_m - Life Expectancy at Birth, male (years)", "year": "2005", "value": "69.3082"}, {"country": "DMA - Dominica", "index": "GDI - Gender Development Index", "indicator": "le_m - Life Expectancy at Birth, male (years)", "year": "2006", "value": "69.9109"}, {"country": "DMA - Dominica", "index": "GDI - Gender Development Index", "indicator": "le_m - Life Expectancy at Birth, male (years)", "year": "2007", "value": "69.4205"}, {"country": "DMA - Dominica", "index": "GDI - Gender Development Index", "indicator": "le_m - Life Expectancy at Birth, male (years)", "year": "2008", "value": "70.7275"}, {"country": "DMA - Dominica", "index": "GDI - Gender Development Index", "indicator": "le_m - Life Expectancy at Birth, male (years)", "year": "2009", "value": "69.9324"}, {"country": "DMA - Dominica", "index": "GDI - Gender Development Index", "indicator": "le_m - Life Expectancy at Birth, male (years)", "year": "2010", "value": "68.6978"}, {"country": "DMA - Dominica", "index": "GDI - Gender Development Index", "indicator": "le_m - Life Expectancy at Birth, male (years)", "year": "2011", "value": "66.9064"}, {"country": "DMA - Dominica", "index": "GDI - Gender Development Index", "indicator": "le_m - Life Expectancy at Birth, male (years)", "year": "2012", "value": "68.2142"}, {"country": "DMA - Dominica", "index": "GDI - Gender Development Index", "indicator": "le_m - Life Expectancy at Birth, male (years)", "year": "2013", "value": "66.78"}, {"country": "DMA - Dominica", "index": "GDI - Gender Development Index", "indicator": "le_m - Life Expectancy at Birth, male (years)", "year": "2014", "value": "67.0958"}, {"country": "DMA - Dominica", "index": "GDI - Gender Development Index", "indicator": "le_m - Life Expectancy at Birth, male (years)", "year": "2015", "value": "66.5866"}, {"country": "DMA - Dominica", "index": "GDI - Gender Development Index", "indicator": "le_m - Life Expectancy at Birth, male (years)", "year": "2016", "value": "67.5706"}, {"country": "DMA - Dominica", "index": "GDI - Gender Development Index", "indicator": "le_m - Life Expectancy at Birth, male (years)", "year": "2017", "value": "65.5964"}, {"country": "DMA - Dominica", "index": "GDI - Gender Development Index", "indicator": "le_m - Life Expectancy at Birth, male (years)", "year": "2018", "value": "70.4047"}, {"country": "DMA - Dominica", "index": "GDI - Gender Development Index", "indicator": "le_m - Life Expectancy at Birth, male (years)", "year": "2019", "value": "70.3546"}, {"country": "DMA - Dominica", "index": "GDI - Gender Development Index", "indicator": "le_m - Life Expectancy at Birth, male (years)", "year": "2020", "value": "70.4335"}, {"country": "DMA - Dominica", "index": "GDI - Gender Development Index", "indicator": "le_m - Life Expectancy at Birth, male (years)", "year": "2021", "value": "69.7249"}, {"country": "DMA - Dominica", "index": "HDI - Human Development Index", "indicator": "mys - Mean Years of Schooling (years)", "year": "2000", "value": "7.775336266"}, {"country": "DMA - Dominica", "index": "HDI - Human Development Index", "indicator": "mys - Mean Years of Schooling (years)", "year": "2001", "value": "7.750249863"}, {"country": "DMA - Dominica", "index": "HDI - Human Development Index", "indicator": "mys - Mean Years of Schooling (years)", "year": "2002", "value": "7.78232741"}, {"country": "DMA - Dominica", "index": "HDI - Human Development Index", "indicator": "mys - Mean Years of Schooling (years)", "year": "2003", "value": "7.789318555"}, {"country": "DMA - Dominica", "index": "HDI - Human Development Index", "indicator": "mys - Mean Years of Schooling (years)", "year": "2004", "value": "7.796309699"}, {"country": "DMA - Dominica", "index": "HDI - Human Development Index", "indicator": "mys - Mean Years of Schooling (years)", "year": "2005", "value": "7.803300844"}, {"country": "DMA - Dominica", "index": "HDI - Human Development Index", "indicator": "mys - Mean Years of Schooling (years)", "year": "2006", "value": "7.810291988"}, {"country": "DMA - Dominica", "index": "HDI - Human Development Index", "indicator": "mys - Mean Years of Schooling (years)", "year": "2007", "value": "7.817283133"}, {"country": "DMA - Dominica", "index": "HDI - Human Development Index", "indicator": "mys - Mean Years of Schooling (years)", "year": "2008", "value": "7.824274277"}, {"country": "DMA - Dominica", "index": "HDI - Human Development Index", "indicator": "mys - Mean Years of Schooling (years)", "year": "2009", "value": "7.831265422"}, {"country": "DMA - Dominica", "index": "HDI - Human Development Index", "indicator": "mys - Mean Years of Schooling (years)", "year": "2010", "value": "7.838256566"}, {"country": "DMA - Dominica", "index": "HDI - Human Development Index", "indicator": "mys - Mean Years of Schooling (years)", "year": "2011", "value": "7.845247711"}, {"country": "DMA - Dominica", "index": "HDI - Human Development Index", "indicator": "mys - Mean Years of Schooling (years)", "year": "2012", "value": "7.852238855"}, {"country": "DMA - Dominica", "index": "HDI - Human Development Index", "indicator": "mys - Mean Years of Schooling (years)", "year": "2013", "value": "7.893659876"}, {"country": "DMA - Dominica", "index": "HDI - Human Development Index", "indicator": "mys - Mean Years of Schooling (years)", "year": "2014", "value": "7.935080896"}, {"country": "DMA - Dominica", "index": "HDI - Human Development Index", "indicator": "mys - Mean Years of Schooling (years)", "year": "2015", "value": "7.976501917"}, {"country": "DMA - Dominica", "index": "HDI - Human Development Index", "indicator": "mys - Mean Years of Schooling (years)", "year": "2016", "value": "8.017922938"}, {"country": "DMA - Dominica", "index": "HDI - Human Development Index", "indicator": "mys - Mean Years of Schooling (years)", "year": "2017", "value": "8.059343959"}, {"country": "DMA - Dominica", "index": "HDI - Human Development Index", "indicator": "mys - Mean Years of Schooling (years)", "year": "2018", "value": "8.100764979"}, {"country": "DMA - Dominica", "index": "HDI - Human Development Index", "indicator": "mys - Mean Years of Schooling (years)", "year": "2019", "value": "8.142186"}, {"country": "DMA - Dominica", "index": "HDI - Human Development Index", "indicator": "mys - Mean Years of Schooling (years)", "year": "2020", "value": "8.142186"}, {"country": "DMA - Dominica", "index": "HDI - Human Development Index", "indicator": "mys - Mean Years of Schooling (years)", "year": "2021", "value": "8.142186"}, {"country": "DMA - Dominica", "index": "GII - Gender Inequality Index", "indicator": "pr_f - Share of seats in parliament, female (% held by women)", "year": "1990", "value": "9.375"}, {"country": "DMA - Dominica", "index": "GII - Gender Inequality Index", "indicator": "pr_f - Share of seats in parliament, female (% held by women)", "year": "1991", "value": "9.375"}, {"country": "DMA - Dominica", "index": "GII - Gender Inequality Index", "indicator": "pr_f - Share of seats in parliament, female (% held by women)", "year": "1992", "value": "9.375"}, {"country": "DMA - Dominica", "index": "GII - Gender Inequality Index", "indicator": "pr_f - Share of seats in parliament, female (% held by women)", "year": "1993", "value": "9.375"}, {"country": "DMA - Dominica", "index": "GII - Gender Inequality Index", "indicator": "pr_f - Share of seats in parliament, female (% held by women)", "year": "1994", "value": "9.375"}, {"country": "DMA - Dominica", "index": "GII - Gender Inequality Index", "indicator": "pr_f - Share of seats in parliament, female (% held by women)", "year": "1995", "value": "9.375"}, {"country": "DMA - Dominica", "index": "GII - Gender Inequality Index", "indicator": "pr_f - Share of seats in parliament, female (% held by women)", "year": "1996", "value": "9.375"}, {"country": "DMA - Dominica", "index": "GII - Gender Inequality Index", "indicator": "pr_f - Share of seats in parliament, female (% held by women)", "year": "1997", "value": "9.375"}, {"country": "DMA - Dominica", "index": "GII - Gender Inequality Index", "indicator": "pr_f - Share of seats in parliament, female (% held by women)", "year": "1998", "value": "9.375"}, {"country": "DMA - Dominica", "index": "GII - Gender Inequality Index", "indicator": "pr_f - Share of seats in parliament, female (% held by women)", "year": "1999", "value": "9.375"}, {"country": "DMA - Dominica", "index": "GII - Gender Inequality Index", "indicator": "pr_f - Share of seats in parliament, female (% held by women)", "year": "2000", "value": "9.375"}, {"country": "DMA - Dominica", "index": "GII - Gender Inequality Index", "indicator": "pr_f - Share of seats in parliament, female (% held by women)", "year": "2001", "value": "18.75"}, {"country": "DMA - Dominica", "index": "GII - Gender Inequality Index", "indicator": "pr_f - Share of seats in parliament, female (% held by women)", "year": "2002", "value": "18.75"}, {"country": "DMA - Dominica", "index": "GII - Gender Inequality Index", "indicator": "pr_f - Share of seats in parliament, female (% held by women)", "year": "2003", "value": "18.75"}, {"country": "DMA - Dominica", "index": "GII - Gender Inequality Index", "indicator": "pr_f - Share of seats in parliament, female (% held by women)", "year": "2004", "value": "19.35483871"}, {"country": "DMA - Dominica", "index": "GII - Gender Inequality Index", "indicator": "pr_f - Share of seats in parliament, female (% held by women)", "year": "2005", "value": "12.90322581"}, {"country": "DMA - Dominica", "index": "GII - Gender Inequality Index", "indicator": "pr_f - Share of seats in parliament, female (% held by women)", "year": "2006", "value": "12.90322581"}, {"country": "DMA - Dominica", "index": "GII - Gender Inequality Index", "indicator": "pr_f - Share of seats in parliament, female (% held by women)", "year": "2007", "value": "16.12903226"}, {"country": "DMA - Dominica", "index": "GII - Gender Inequality Index", "indicator": "pr_f - Share of seats in parliament, female (% held by women)", "year": "2008", "value": "18.75"}, {"country": "DMA - Dominica", "index": "GII - Gender Inequality Index", "indicator": "pr_f - Share of seats in parliament, female (% held by women)", "year": "2009", "value": "14.28571429"}, {"country": "DMA - Dominica", "index": "GII - Gender Inequality Index", "indicator": "pr_f - Share of seats in parliament, female (% held by women)", "year": "2010", "value": "12.5"}, {"country": "DMA - Dominica", "index": "GII - Gender Inequality Index", "indicator": "pr_f - Share of seats in parliament, female (% held by women)", "year": "2011", "value": "12.5"}, {"country": "DMA - Dominica", "index": "GII - Gender Inequality Index", "indicator": "pr_f - Share of seats in parliament, female (% held by women)", "year": "2012", "value": "12.5"}, {"country": "DMA - Dominica", "index": "GII - Gender Inequality Index", "indicator": "pr_f - Share of seats in parliament, female (% held by women)", "year": "2013", "value": "12.5"}, {"country": "DMA - Dominica", "index": "GII - Gender Inequality Index", "indicator": "pr_f - Share of seats in parliament, female (% held by women)", "year": "2014", "value": "12.90322581"}, {"country": "DMA - Dominica", "index": "GII - Gender Inequality Index", "indicator": "pr_f - Share of seats in parliament, female (% held by women)", "year": "2015", "value": "21.875"}, {"country": "DMA - Dominica", "index": "GII - Gender Inequality Index", "indicator": "pr_f - Share of seats in parliament, female (% held by women)", "year": "2016", "value": "21.875"}, {"country": "DMA - Dominica", "index": "GII - Gender Inequality Index", "indicator": "pr_f - Share of seats in parliament, female (% held by women)", "year": "2017", "value": "25"}, {"country": "DMA - Dominica", "index": "GII - Gender Inequality Index", "indicator": "pr_f - Share of seats in parliament, female (% held by women)", "year": "2018", "value": "25"}, {"country": "DMA - Dominica", "index": "GII - Gender Inequality Index", "indicator": "pr_f - Share of seats in parliament, female (% held by women)", "year": "2019", "value": "25"}, {"country": "DMA - Dominica", "index": "GII - Gender Inequality Index", "indicator": "pr_f - Share of seats in parliament, female (% held by women)", "year": "2020", "value": "34.375"}, {"country": "DMA - Dominica", "index": "GII - Gender Inequality Index", "indicator": "pr_f - Share of seats in parliament, female (% held by women)", "year": "2021", "value": "34.375"}, {"country": "DMA - Dominica", "index": "GII - Gender Inequality Index", "indicator": "pr_m - Share of seats in parliament, male (% held by men)", "year": "1990", "value": "90.625"}, {"country": "DMA - Dominica", "index": "GII - Gender Inequality Index", "indicator": "pr_m - Share of seats in parliament, male (% held by men)", "year": "1991", "value": "90.625"}, {"country": "DMA - Dominica", "index": "GII - Gender Inequality Index", "indicator": "pr_m - Share of seats in parliament, male (% held by men)", "year": "1992", "value": "90.625"}, {"country": "DMA - Dominica", "index": "GII - Gender Inequality Index", "indicator": "pr_m - Share of seats in parliament, male (% held by men)", "year": "1993", "value": "90.625"}, {"country": "DMA - Dominica", "index": "GII - Gender Inequality Index", "indicator": "pr_m - Share of seats in parliament, male (% held by men)", "year": "1994", "value": "90.625"}, {"country": "DMA - Dominica", "index": "GII - Gender Inequality Index", "indicator": "pr_m - Share of seats in parliament, male (% held by men)", "year": "1995", "value": "90.625"}, {"country": "DMA - Dominica", "index": "GII - Gender Inequality Index", "indicator": "pr_m - Share of seats in parliament, male (% held by men)", "year": "1996", "value": "90.625"}, {"country": "DMA - Dominica", "index": "GII - Gender Inequality Index", "indicator": "pr_m - Share of seats in parliament, male (% held by men)", "year": "1997", "value": "90.625"}, {"country": "DMA - Dominica", "index": "GII - Gender Inequality Index", "indicator": "pr_m - Share of seats in parliament, male (% held by men)", "year": "1998", "value": "90.625"}, {"country": "DMA - Dominica", "index": "GII - Gender Inequality Index", "indicator": "pr_m - Share of seats in parliament, male (% held by men)", "year": "1999", "value": "90.625"}, {"country": "DMA - Dominica", "index": "GII - Gender Inequality Index", "indicator": "pr_m - Share of seats in parliament, male (% held by men)", "year": "2000", "value": "90.625"}, {"country": "DMA - Dominica", "index": "GII - Gender Inequality Index", "indicator": "pr_m - Share of seats in parliament, male (% held by men)", "year": "2001", "value": "81.25"}, {"country": "DMA - Dominica", "index": "GII - Gender Inequality Index", "indicator": "pr_m - Share of seats in parliament, male (% held by men)", "year": "2002", "value": "81.25"}, {"country": "DMA - Dominica", "index": "GII - Gender Inequality Index", "indicator": "pr_m - Share of seats in parliament, male (% held by men)", "year": "2003", "value": "81.25"}, {"country": "DMA - Dominica", "index": "GII - Gender Inequality Index", "indicator": "pr_m - Share of seats in parliament, male (% held by men)", "year": "2004", "value": "80.64516129"}, {"country": "DMA - Dominica", "index": "GII - Gender Inequality Index", "indicator": "pr_m - Share of seats in parliament, male (% held by men)", "year": "2005", "value": "87.09677419"}, {"country": "DMA - Dominica", "index": "GII - Gender Inequality Index", "indicator": "pr_m - Share of seats in parliament, male (% held by men)", "year": "2006", "value": "87.09677419"}, {"country": "DMA - Dominica", "index": "GII - Gender Inequality Index", "indicator": "pr_m - Share of seats in parliament, male (% held by men)", "year": "2007", "value": "83.87096774"}, {"country": "DMA - Dominica", "index": "GII - Gender Inequality Index", "indicator": "pr_m - Share of seats in parliament, male (% held by men)", "year": "2008", "value": "81.25"}, {"country": "DMA - Dominica", "index": "GII - Gender Inequality Index", "indicator": "pr_m - Share of seats in parliament, male (% held by men)", "year": "2009", "value": "85.71428571"}, {"country": "DMA - Dominica", "index": "GII - Gender Inequality Index", "indicator": "pr_m - Share of seats in parliament, male (% held by men)", "year": "2010", "value": "87.5"}, {"country": "DMA - Dominica", "index": "GII - Gender Inequality Index", "indicator": "pr_m - Share of seats in parliament, male (% held by men)", "year": "2011", "value": "87.5"}, {"country": "DMA - Dominica", "index": "GII - Gender Inequality Index", "indicator": "pr_m - Share of seats in parliament, male (% held by men)", "year": "2012", "value": "87.5"}, {"country": "DMA - Dominica", "index": "GII - Gender Inequality Index", "indicator": "pr_m - Share of seats in parliament, male (% held by men)", "year": "2013", "value": "87.5"}, {"country": "DMA - Dominica", "index": "GII - Gender Inequality Index", "indicator": "pr_m - Share of seats in parliament, male (% held by men)", "year": "2014", "value": "87.09677419"}, {"country": "DMA - Dominica", "index": "GII - Gender Inequality Index", "indicator": "pr_m - Share of seats in parliament, male (% held by men)", "year": "2015", "value": "78.125"}, {"country": "DMA - Dominica", "index": "GII - Gender Inequality Index", "indicator": "pr_m - Share of seats in parliament, male (% held by men)", "year": "2016", "value": "78.125"}, {"country": "DMA - Dominica", "index": "GII - Gender Inequality Index", "indicator": "pr_m - Share of seats in parliament, male (% held by men)", "year": "2017", "value": "75"}, {"country": "DMA - Dominica", "index": "GII - Gender Inequality Index", "indicator": "pr_m - Share of seats in parliament, male (% held by men)", "year": "2018", "value": "75"}, {"country": "DMA - Dominica", "index": "GII - Gender Inequality Index", "indicator": "pr_m - Share of seats in parliament, male (% held by men)", "year": "2019", "value": "75"}, {"country": "DMA - Dominica", "index": "GII - Gender Inequality Index", "indicator": "pr_m - Share of seats in parliament, male (% held by men)", "year": "2020", "value": "65.625"}, {"country": "DMA - Dominica", "index": "GII - Gender Inequality Index", "indicator": "pr_m - Share of seats in parliament, male (% held by men)", "year": "2021", "value": "65.625"}]