[{"country": "AND - Andorra", "index": "GII - Gender Inequality Index", "indicator": "abr - Adolescent Birth Rate (births per 1,000 women ages 15-19)", "year": "1990", "value": "10.656"}, {"country": "AND - Andorra", "index": "GII - Gender Inequality Index", "indicator": "abr - Adolescent Birth Rate (births per 1,000 women ages 15-19)", "year": "1991", "value": "10.878"}, {"country": "AND - Andorra", "index": "GII - Gender Inequality Index", "indicator": "abr - Adolescent Birth Rate (births per 1,000 women ages 15-19)", "year": "1992", "value": "10.919"}, {"country": "AND - Andorra", "index": "GII - Gender Inequality Index", "indicator": "abr - Adolescent Birth Rate (births per 1,000 women ages 15-19)", "year": "1993", "value": "9.558"}, {"country": "AND - Andorra", "index": "GII - Gender Inequality Index", "indicator": "abr - Adolescent Birth Rate (births per 1,000 women ages 15-19)", "year": "1994", "value": "8.761"}, {"country": "AND - Andorra", "index": "GII - Gender Inequality Index", "indicator": "abr - Adolescent Birth Rate (births per 1,000 women ages 15-19)", "year": "1995", "value": "8.242"}, {"country": "AND - Andorra", "index": "GII - Gender Inequality Index", "indicator": "abr - Adolescent Birth Rate (births per 1,000 women ages 15-19)", "year": "1996", "value": "8.296"}, {"country": "AND - Andorra", "index": "GII - Gender Inequality Index", "indicator": "abr - Adolescent Birth Rate (births per 1,000 women ages 15-19)", "year": "1997", "value": "8.717"}, {"country": "AND - Andorra", "index": "GII - Gender Inequality Index", "indicator": "abr - Adolescent Birth Rate (births per 1,000 women ages 15-19)", "year": "1998", "value": "8.767"}, {"country": "AND - Andorra", "index": "GII - Gender Inequality Index", "indicator": "abr - Adolescent Birth Rate (births per 1,000 women ages 15-19)", "year": "1999", "value": "10.1"}, {"country": "AND - Andorra", "index": "GII - Gender Inequality Index", "indicator": "abr - Adolescent Birth Rate (births per 1,000 women ages 15-19)", "year": "2000", "value": "9.281"}, {"country": "AND - Andorra", "index": "GII - Gender Inequality Index", "indicator": "abr - Adolescent Birth Rate (births per 1,000 women ages 15-19)", "year": "2001", "value": "10.072"}, {"country": "AND - Andorra", "index": "GII - Gender Inequality Index", "indicator": "abr - Adolescent Birth Rate (births per 1,000 women ages 15-19)", "year": "2002", "value": "10.397"}, {"country": "AND - Andorra", "index": "GII - Gender Inequality Index", "indicator": "abr - Adolescent Birth Rate (births per 1,000 women ages 15-19)", "year": "2003", "value": "9.066"}, {"country": "AND - Andorra", "index": "GII - Gender Inequality Index", "indicator": "abr - Adolescent Birth Rate (births per 1,000 women ages 15-19)", "year": "2004", "value": "10.092"}, {"country": "AND - Andorra", "index": "GII - Gender Inequality Index", "indicator": "abr - Adolescent Birth Rate (births per 1,000 women ages 15-19)", "year": "2005", "value": "10.487"}, {"country": "AND - Andorra", "index": "GII - Gender Inequality Index", "indicator": "abr - Adolescent Birth Rate (births per 1,000 women ages 15-19)", "year": "2006", "value": "10.597"}, {"country": "AND - Andorra", "index": "GII - Gender Inequality Index", "indicator": "abr - Adolescent Birth Rate (births per 1,000 women ages 15-19)", "year": "2007", "value": "9.87"}, {"country": "AND - Andorra", "index": "GII - Gender Inequality Index", "indicator": "abr - Adolescent Birth Rate (births per 1,000 women ages 15-19)", "year": "2008", "value": "11.12"}, {"country": "AND - Andorra", "index": "GII - Gender Inequality Index", "indicator": "abr - Adolescent Birth Rate (births per 1,000 women ages 15-19)", "year": "2009", "value": "10.246"}, {"country": "AND - Andorra", "index": "GII - Gender Inequality Index", "indicator": "abr - Adolescent Birth Rate (births per 1,000 women ages 15-19)", "year": "2010", "value": "10.558"}, {"country": "AND - Andorra", "index": "GII - Gender Inequality Index", "indicator": "abr - Adolescent Birth Rate (births per 1,000 women ages 15-19)", "year": "2011", "value": "9.574"}, {"country": "AND - Andorra", "index": "GII - Gender Inequality Index", "indicator": "abr - Adolescent Birth Rate (births per 1,000 women ages 15-19)", "year": "2012", "value": "8.414"}, {"country": "AND - Andorra", "index": "GII - Gender Inequality Index", "indicator": "abr - Adolescent Birth Rate (births per 1,000 women ages 15-19)", "year": "2013", "value": "6.989"}, {"country": "AND - Andorra", "index": "GII - Gender Inequality Index", "indicator": "abr - Adolescent Birth Rate (births per 1,000 women ages 15-19)", "year": "2014", "value": "6.925"}, {"country": "AND - Andorra", "index": "GII - Gender Inequality Index", "indicator": "abr - Adolescent Birth Rate (births per 1,000 women ages 15-19)", "year": "2015", "value": "7.402"}, {"country": "AND - Andorra", "index": "GII - Gender Inequality Index", "indicator": "abr - Adolescent Birth Rate (births per 1,000 women ages 15-19)", "year": "2016", "value": "7.176"}, {"country": "AND - Andorra", "index": "GII - Gender Inequality Index", "indicator": "abr - Adolescent Birth Rate (births per 1,000 women ages 15-19)", "year": "2017", "value": "6.404"}, {"country": "AND - Andorra", "index": "GII - Gender Inequality Index", "indicator": "abr - Adolescent Birth Rate (births per 1,000 women ages 15-19)", "year": "2018", "value": "6.08"}, {"country": "AND - Andorra", "index": "GII - Gender Inequality Index", "indicator": "abr - Adolescent Birth Rate (births per 1,000 women ages 15-19)", "year": "2019", "value": "5.985"}, {"country": "AND - Andorra", "index": "GII - Gender Inequality Index", "indicator": "abr - Adolescent Birth Rate (births per 1,000 women ages 15-19)", "year": "2020", "value": "6.091"}, {"country": "AND - Andorra", "index": "GII - Gender Inequality Index", "indicator": "abr - Adolescent Birth Rate (births per 1,000 women ages 15-19)", "year": "2021", "value": "5.887"}, {"country": "AND - Andorra", "index": "PHDI - Planetary pressures\u2013adjusted Human Development Index", "indicator": "co2_prod - Carbon dioxide emissions per capita (production) (tonnes)", "year": "1990", "value": "7.461153204"}, {"country": "AND - Andorra", "index": "PHDI - Planetary pressures\u2013adjusted Human Development Index", "indicator": "co2_prod - Carbon dioxide emissions per capita (production) (tonnes)", "year": "1991", "value": "7.176510032"}, {"country": "AND - Andorra", "index": "PHDI - Planetary pressures\u2013adjusted Human Development Index", "indicator": "co2_prod - Carbon dioxide emissions per capita (production) (tonnes)", "year": "1992", "value": "6.906330662"}, {"country": "AND - Andorra", "index": "PHDI - Planetary pressures\u2013adjusted Human Development Index", "indicator": "co2_prod - Carbon dioxide emissions per capita (production) (tonnes)", "year": "1993", "value": "6.730576832"}, {"country": "AND - Andorra", "index": "PHDI - Planetary pressures\u2013adjusted Human Development Index", "indicator": "co2_prod - Carbon dioxide emissions per capita (production) (tonnes)", "year": "1994", "value": "6.488823651"}, {"country": "AND - Andorra", "index": "PHDI - Planetary pressures\u2013adjusted Human Development Index", "indicator": "co2_prod - Carbon dioxide emissions per capita (production) (tonnes)", "year": "1995", "value": "6.656538763"}, {"country": "AND - Andorra", "index": "PHDI - Planetary pressures\u2013adjusted Human Development Index", "indicator": "co2_prod - Carbon dioxide emissions per capita (production) (tonnes)", "year": "1996", "value": "7.059353636"}, {"country": "AND - Andorra", "index": "PHDI - Planetary pressures\u2013adjusted Human Development Index", "indicator": "co2_prod - Carbon dioxide emissions per capita (production) (tonnes)", "year": "1997", "value": "7.233820946"}, {"country": "AND - Andorra", "index": "PHDI - Planetary pressures\u2013adjusted Human Development Index", "indicator": "co2_prod - Carbon dioxide emissions per capita (production) (tonnes)", "year": "1998", "value": "7.654578903"}, {"country": "AND - Andorra", "index": "PHDI - Planetary pressures\u2013adjusted Human Development Index", "indicator": "co2_prod - Carbon dioxide emissions per capita (production) (tonnes)", "year": "1999", "value": "7.968929626"}, {"country": "AND - Andorra", "index": "PHDI - Planetary pressures\u2013adjusted Human Development Index", "indicator": "co2_prod - Carbon dioxide emissions per capita (production) (tonnes)", "year": "2000", "value": "8.012693072"}, {"country": "AND - Andorra", "index": "PHDI - Planetary pressures\u2013adjusted Human Development Index", "indicator": "co2_prod - Carbon dioxide emissions per capita (production) (tonnes)", "year": "2001", "value": "7.780549739"}, {"country": "AND - Andorra", "index": "PHDI - Planetary pressures\u2013adjusted Human Development Index", "indicator": "co2_prod - Carbon dioxide emissions per capita (production) (tonnes)", "year": "2002", "value": "7.584405202"}, {"country": "AND - Andorra", "index": "PHDI - Planetary pressures\u2013adjusted Human Development Index", "indicator": "co2_prod - Carbon dioxide emissions per capita (production) (tonnes)", "year": "2003", "value": "7.30972097"}, {"country": "AND - Andorra", "index": "PHDI - Planetary pressures\u2013adjusted Human Development Index", "indicator": "co2_prod - Carbon dioxide emissions per capita (production) (tonnes)", "year": "2004", "value": "7.352578564"}, {"country": "AND - Andorra", "index": "PHDI - Planetary pressures\u2013adjusted Human Development Index", "indicator": "co2_prod - Carbon dioxide emissions per capita (production) (tonnes)", "year": "2005", "value": "7.293925216"}, {"country": "AND - Andorra", "index": "PHDI - Planetary pressures\u2013adjusted Human Development Index", "indicator": "co2_prod - Carbon dioxide emissions per capita (production) (tonnes)", "year": "2006", "value": "6.740582519"}, {"country": "AND - Andorra", "index": "PHDI - Planetary pressures\u2013adjusted Human Development Index", "indicator": "co2_prod - Carbon dioxide emissions per capita (production) (tonnes)", "year": "2007", "value": "6.514077693"}, {"country": "AND - Andorra", "index": "PHDI - Planetary pressures\u2013adjusted Human Development Index", "indicator": "co2_prod - Carbon dioxide emissions per capita (production) (tonnes)", "year": "2008", "value": "6.422575183"}, {"country": "AND - Andorra", "index": "PHDI - Planetary pressures\u2013adjusted Human Development Index", "indicator": "co2_prod - Carbon dioxide emissions per capita (production) (tonnes)", "year": "2009", "value": "6.116524395"}, {"country": "AND - Andorra", "index": "PHDI - Planetary pressures\u2013adjusted Human Development Index", "indicator": "co2_prod - Carbon dioxide emissions per capita (production) (tonnes)", "year": "2010", "value": "6.117538396"}, {"country": "AND - Andorra", "index": "PHDI - Planetary pressures\u2013adjusted Human Development Index", "indicator": "co2_prod - Carbon dioxide emissions per capita (production) (tonnes)", "year": "2011", "value": "5.862657767"}, {"country": "AND - Andorra", "index": "PHDI - Planetary pressures\u2013adjusted Human Development Index", "indicator": "co2_prod - Carbon dioxide emissions per capita (production) (tonnes)", "year": "2012", "value": "5.91201912"}, {"country": "AND - Andorra", "index": "PHDI - Planetary pressures\u2013adjusted Human Development Index", "indicator": "co2_prod - Carbon dioxide emissions per capita (production) (tonnes)", "year": "2013", "value": "5.896947037"}, {"country": "AND - Andorra", "index": "PHDI - Planetary pressures\u2013adjusted Human Development Index", "indicator": "co2_prod - Carbon dioxide emissions per capita (production) (tonnes)", "year": "2014", "value": "5.828083774"}, {"country": "AND - Andorra", "index": "PHDI - Planetary pressures\u2013adjusted Human Development Index", "indicator": "co2_prod - Carbon dioxide emissions per capita (production) (tonnes)", "year": "2015", "value": "5.964928023"}, {"country": "AND - Andorra", "index": "PHDI - Planetary pressures\u2013adjusted Human Development Index", "indicator": "co2_prod - Carbon dioxide emissions per capita (production) (tonnes)", "year": "2016", "value": "6.067376483"}, {"country": "AND - Andorra", "index": "PHDI - Planetary pressures\u2013adjusted Human Development Index", "indicator": "co2_prod - Carbon dioxide emissions per capita (production) (tonnes)", "year": "2017", "value": "6.043168271"}, {"country": "AND - Andorra", "index": "PHDI - Planetary pressures\u2013adjusted Human Development Index", "indicator": "co2_prod - Carbon dioxide emissions per capita (production) (tonnes)", "year": "2018", "value": "6.42339558"}, {"country": "AND - Andorra", "index": "PHDI - Planetary pressures\u2013adjusted Human Development Index", "indicator": "co2_prod - Carbon dioxide emissions per capita (production) (tonnes)", "year": "2019", "value": "6.505535247"}, {"country": "AND - Andorra", "index": "PHDI - Planetary pressures\u2013adjusted Human Development Index", "indicator": "co2_prod - Carbon dioxide emissions per capita (production) (tonnes)", "year": "2020", "value": "6.034944671"}, {"country": "AND - Andorra", "index": "PHDI - Planetary pressures\u2013adjusted Human Development Index", "indicator": "co2_prod - Carbon dioxide emissions per capita (production) (tonnes)", "year": "2021", "value": "6.034944671"}, {"country": "AND - Andorra", "index": "HDI - Human Development Index", "indicator": "eys - Expected Years of Schooling (years)", "year": "1990", "value": "10.79878"}, {"country": "AND - Andorra", "index": "HDI - Human Development Index", "indicator": "eys - Expected Years of Schooling (years)", "year": "1991", "value": "10.79878"}, {"country": "AND - Andorra", "index": "HDI - Human Development Index", "indicator": "eys - Expected Years of Schooling (years)", "year": "1992", "value": "10.79878"}, {"country": "AND - Andorra", "index": "HDI - Human Development Index", "indicator": "eys - Expected Years of Schooling (years)", "year": "1993", "value": "10.79878"}, {"country": "AND - Andorra", "index": "HDI - Human Development Index", "indicator": "eys - Expected Years of Schooling (years)", "year": "1994", "value": "10.79878"}, {"country": "AND - Andorra", "index": "HDI - Human Development Index", "indicator": "eys - Expected Years of Schooling (years)", "year": "1995", "value": "10.79878"}, {"country": "AND - Andorra", "index": "HDI - Human Development Index", "indicator": "eys - Expected Years of Schooling (years)", "year": "1996", "value": "10.79878"}, {"country": "AND - Andorra", "index": "HDI - Human Development Index", "indicator": "eys - Expected Years of Schooling (years)", "year": "1997", "value": "10.79878"}, {"country": "AND - Andorra", "index": "HDI - Human Development Index", "indicator": "eys - Expected Years of Schooling (years)", "year": "1998", "value": "10.79878"}, {"country": "AND - Andorra", "index": "HDI - Human Development Index", "indicator": "eys - Expected Years of Schooling (years)", "year": "1999", "value": "10.79878"}, {"country": "AND - Andorra", "index": "HDI - Human Development Index", "indicator": "eys - Expected Years of Schooling (years)", "year": "2000", "value": "10.79878"}, {"country": "AND - Andorra", "index": "HDI - Human Development Index", "indicator": "eys - Expected Years of Schooling (years)", "year": "2001", "value": "10.79878"}, {"country": "AND - Andorra", "index": "HDI - Human Development Index", "indicator": "eys - Expected Years of Schooling (years)", "year": "2002", "value": "11.03658"}, {"country": "AND - Andorra", "index": "HDI - Human Development Index", "indicator": "eys - Expected Years of Schooling (years)", "year": "2003", "value": "10.94253"}, {"country": "AND - Andorra", "index": "HDI - Human Development Index", "indicator": "eys - Expected Years of Schooling (years)", "year": "2004", "value": "10.79199"}, {"country": "AND - Andorra", "index": "HDI - Human Development Index", "indicator": "eys - Expected Years of Schooling (years)", "year": "2005", "value": "10.82593"}, {"country": "AND - Andorra", "index": "HDI - Human Development Index", "indicator": "eys - Expected Years of Schooling (years)", "year": "2006", "value": "11.18277"}, {"country": "AND - Andorra", "index": "HDI - Human Development Index", "indicator": "eys - Expected Years of Schooling (years)", "year": "2007", "value": "11.18277"}, {"country": "AND - Andorra", "index": "HDI - Human Development Index", "indicator": "eys - Expected Years of Schooling (years)", "year": "2008", "value": "11.67192"}, {"country": "AND - Andorra", "index": "HDI - Human Development Index", "indicator": "eys - Expected Years of Schooling (years)", "year": "2009", "value": "11.67192"}, {"country": "AND - Andorra", "index": "HDI - Human Development Index", "indicator": "eys - Expected Years of Schooling (years)", "year": "2010", "value": "11.67192"}, {"country": "AND - Andorra", "index": "HDI - Human Development Index", "indicator": "eys - Expected Years of Schooling (years)", "year": "2011", "value": "11.67192"}, {"country": "AND - Andorra", "index": "HDI - Human Development Index", "indicator": "eys - Expected Years of Schooling (years)", "year": "2012", "value": "13.52401627"}, {"country": "AND - Andorra", "index": "HDI - Human Development Index", "indicator": "eys - Expected Years of Schooling (years)", "year": "2013", "value": "13.13884093"}, {"country": "AND - Andorra", "index": "HDI - Human Development Index", "indicator": "eys - Expected Years of Schooling (years)", "year": "2014", "value": "13.495076"}, {"country": "AND - Andorra", "index": "HDI - Human Development Index", "indicator": "eys - Expected Years of Schooling (years)", "year": "2015", "value": "13.14028012"}, {"country": "AND - Andorra", "index": "HDI - Human Development Index", "indicator": "eys - Expected Years of Schooling (years)", "year": "2016", "value": "13.30023874"}, {"country": "AND - Andorra", "index": "HDI - Human Development Index", "indicator": "eys - Expected Years of Schooling (years)", "year": "2017", "value": "13.04647577"}, {"country": "AND - Andorra", "index": "HDI - Human Development Index", "indicator": "eys - Expected Years of Schooling (years)", "year": "2018", "value": "13.30023874"}, {"country": "AND - Andorra", "index": "HDI - Human Development Index", "indicator": "eys - Expected Years of Schooling (years)", "year": "2019", "value": "13.30023874"}, {"country": "AND - Andorra", "index": "HDI - Human Development Index", "indicator": "eys - Expected Years of Schooling (years)", "year": "2020", "value": "13.30023874"}, {"country": "AND - Andorra", "index": "HDI - Human Development Index", "indicator": "eys - Expected Years of Schooling (years)", "year": "2021", "value": "13.30023874"}, {"country": "AND - Andorra", "index": "HDI - Human Development Index", "indicator": "gnipc - Gross National Income Per Capita (2017 PPP$)", "year": "1990", "value": "43773.1465"}, {"country": "AND - Andorra", "index": "HDI - Human Development Index", "indicator": "gnipc - Gross National Income Per Capita (2017 PPP$)", "year": "1991", "value": "43175.1476"}, {"country": "AND - Andorra", "index": "HDI - Human Development Index", "indicator": "gnipc - Gross National Income Per Capita (2017 PPP$)", "year": "1992", "value": "41935.7872"}, {"country": "AND - Andorra", "index": "HDI - Human Development Index", "indicator": "gnipc - Gross National Income Per Capita (2017 PPP$)", "year": "1993", "value": "40085.31589"}, {"country": "AND - Andorra", "index": "HDI - Human Development Index", "indicator": "gnipc - Gross National Income Per Capita (2017 PPP$)", "year": "1994", "value": "39923.54588"}, {"country": "AND - Andorra", "index": "HDI - Human Development Index", "indicator": "gnipc - Gross National Income Per Capita (2017 PPP$)", "year": "1995", "value": "40270.7679"}, {"country": "AND - Andorra", "index": "HDI - Human Development Index", "indicator": "gnipc - Gross National Income Per Capita (2017 PPP$)", "year": "1996", "value": "41014.57879"}, {"country": "AND - Andorra", "index": "HDI - Human Development Index", "indicator": "gnipc - Gross National Income Per Capita (2017 PPP$)", "year": "1997", "value": "44756.59597"}, {"country": "AND - Andorra", "index": "HDI - Human Development Index", "indicator": "gnipc - Gross National Income Per Capita (2017 PPP$)", "year": "1998", "value": "46319.68664"}, {"country": "AND - Andorra", "index": "HDI - Human Development Index", "indicator": "gnipc - Gross National Income Per Capita (2017 PPP$)", "year": "1999", "value": "48047.57776"}, {"country": "AND - Andorra", "index": "HDI - Human Development Index", "indicator": "gnipc - Gross National Income Per Capita (2017 PPP$)", "year": "2000", "value": "47849.49243"}, {"country": "AND - Andorra", "index": "HDI - Human Development Index", "indicator": "gnipc - Gross National Income Per Capita (2017 PPP$)", "year": "2001", "value": "50235.66715"}, {"country": "AND - Andorra", "index": "HDI - Human Development Index", "indicator": "gnipc - Gross National Income Per Capita (2017 PPP$)", "year": "2002", "value": "50489.27491"}, {"country": "AND - Andorra", "index": "HDI - Human Development Index", "indicator": "gnipc - Gross National Income Per Capita (2017 PPP$)", "year": "2003", "value": "52529.42795"}, {"country": "AND - Andorra", "index": "HDI - Human Development Index", "indicator": "gnipc - Gross National Income Per Capita (2017 PPP$)", "year": "2004", "value": "54521.78059"}, {"country": "AND - Andorra", "index": "HDI - Human Development Index", "indicator": "gnipc - Gross National Income Per Capita (2017 PPP$)", "year": "2005", "value": "55553.50369"}, {"country": "AND - Andorra", "index": "HDI - Human Development Index", "indicator": "gnipc - Gross National Income Per Capita (2017 PPP$)", "year": "2006", "value": "56696.60874"}, {"country": "AND - Andorra", "index": "HDI - Human Development Index", "indicator": "gnipc - Gross National Income Per Capita (2017 PPP$)", "year": "2007", "value": "56399.72175"}, {"country": "AND - Andorra", "index": "HDI - Human Development Index", "indicator": "gnipc - Gross National Income Per Capita (2017 PPP$)", "year": "2008", "value": "52516.10603"}, {"country": "AND - Andorra", "index": "HDI - Human Development Index", "indicator": "gnipc - Gross National Income Per Capita (2017 PPP$)", "year": "2009", "value": "49377.46694"}, {"country": "AND - Andorra", "index": "HDI - Human Development Index", "indicator": "gnipc - Gross National Income Per Capita (2017 PPP$)", "year": "2010", "value": "48410.27165"}, {"country": "AND - Andorra", "index": "HDI - Human Development Index", "indicator": "gnipc - Gross National Income Per Capita (2017 PPP$)", "year": "2011", "value": "48812.02903"}, {"country": "AND - Andorra", "index": "HDI - Human Development Index", "indicator": "gnipc - Gross National Income Per Capita (2017 PPP$)", "year": "2012", "value": "47126.81461"}, {"country": "AND - Andorra", "index": "HDI - Human Development Index", "indicator": "gnipc - Gross National Income Per Capita (2017 PPP$)", "year": "2013", "value": "46385.0952"}, {"country": "AND - Andorra", "index": "HDI - Human Development Index", "indicator": "gnipc - Gross National Income Per Capita (2017 PPP$)", "year": "2014", "value": "48483.72032"}, {"country": "AND - Andorra", "index": "HDI - Human Development Index", "indicator": "gnipc - Gross National Income Per Capita (2017 PPP$)", "year": "2015", "value": "49936.87454"}, {"country": "AND - Andorra", "index": "HDI - Human Development Index", "indicator": "gnipc - Gross National Income Per Capita (2017 PPP$)", "year": "2016", "value": "52267.73832"}, {"country": "AND - Andorra", "index": "HDI - Human Development Index", "indicator": "gnipc - Gross National Income Per Capita (2017 PPP$)", "year": "2017", "value": "52650.22576"}, {"country": "AND - Andorra", "index": "HDI - Human Development Index", "indicator": "gnipc - Gross National Income Per Capita (2017 PPP$)", "year": "2018", "value": "53483.30663"}, {"country": "AND - Andorra", "index": "HDI - Human Development Index", "indicator": "gnipc - Gross National Income Per Capita (2017 PPP$)", "year": "2019", "value": "54465.0474"}, {"country": "AND - Andorra", "index": "HDI - Human Development Index", "indicator": "gnipc - Gross National Income Per Capita (2017 PPP$)", "year": "2020", "value": "47878.66664"}, {"country": "AND - Andorra", "index": "HDI - Human Development Index", "indicator": "gnipc - Gross National Income Per Capita (2017 PPP$)", "year": "2021", "value": "51166.62661"}, {"country": "AND - Andorra", "index": "HDI - Human Development Index", "indicator": "hdi - Human Development Index (value)", "year": "2000", "value": "0.818"}, {"country": "AND - Andorra", "index": "HDI - Human Development Index", "indicator": "hdi - Human Development Index (value)", "year": "2001", "value": "0.825"}, {"country": "AND - Andorra", "index": "HDI - Human Development Index", "indicator": "hdi - Human Development Index (value)", "year": "2002", "value": "0.832"}, {"country": "AND - Andorra", "index": "HDI - Human Development Index", "indicator": "hdi - Human Development Index (value)", "year": "2003", "value": "0.841"}, {"country": "AND - Andorra", "index": "HDI - Human Development Index", "indicator": "hdi - Human Development Index (value)", "year": "2004", "value": "0.833"}, {"country": "AND - Andorra", "index": "HDI - Human Development Index", "indicator": "hdi - Human Development Index (value)", "year": "2005", "value": "0.833"}, {"country": "AND - Andorra", "index": "HDI - Human Development Index", "indicator": "hdi - Human Development Index (value)", "year": "2006", "value": "0.848"}, {"country": "AND - Andorra", "index": "HDI - Human Development Index", "indicator": "hdi - Human Development Index (value)", "year": "2007", "value": "0.847"}, {"country": "AND - Andorra", "index": "HDI - Human Development Index", "indicator": "hdi - Human Development Index (value)", "year": "2008", "value": "0.85"}, {"country": "AND - Andorra", "index": "HDI - Human Development Index", "indicator": "hdi - Human Development Index (value)", "year": "2009", "value": "0.848"}, {"country": "AND - Andorra", "index": "HDI - Human Development Index", "indicator": "hdi - Human Development Index (value)", "year": "2010", "value": "0.848"}, {"country": "AND - Andorra", "index": "HDI - Human Development Index", "indicator": "hdi - Human Development Index (value)", "year": "2011", "value": "0.849"}, {"country": "AND - Andorra", "index": "HDI - Human Development Index", "indicator": "hdi - Human Development Index (value)", "year": "2012", "value": "0.869"}, {"country": "AND - Andorra", "index": "HDI - Human Development Index", "indicator": "hdi - Human Development Index (value)", "year": "2013", "value": "0.864"}, {"country": "AND - Andorra", "index": "HDI - Human Development Index", "indicator": "hdi - Human Development Index (value)", "year": "2014", "value": "0.871"}, {"country": "AND - Andorra", "index": "HDI - Human Development Index", "indicator": "hdi - Human Development Index (value)", "year": "2015", "value": "0.867"}, {"country": "AND - Andorra", "index": "HDI - Human Development Index", "indicator": "hdi - Human Development Index (value)", "year": "2016", "value": "0.871"}, {"country": "AND - Andorra", "index": "HDI - Human Development Index", "indicator": "hdi - Human Development Index (value)", "year": "2017", "value": "0.868"}, {"country": "AND - Andorra", "index": "HDI - Human Development Index", "indicator": "hdi - Human Development Index (value)", "year": "2018", "value": "0.872"}, {"country": "AND - Andorra", "index": "HDI - Human Development Index", "indicator": "hdi - Human Development Index (value)", "year": "2019", "value": "0.873"}, {"country": "AND - Andorra", "index": "HDI - Human Development Index", "indicator": "hdi - Human Development Index (value)", "year": "2020", "value": "0.848"}, {"country": "AND - Andorra", "index": "HDI - Human Development Index", "indicator": "hdi - Human Development Index (value)", "year": "2021", "value": "0.858"}, {"country": "AND - Andorra", "index": "HDI - Human Development Index", "indicator": "hdi_rank - HDI Rank", "year": "2021", "value": "40"}, {"country": "AND - Andorra", "index": "IHDI - Inequality-adjusted Human Development Index", "indicator": "ineq_edu - Inequality in eduation", "year": "2010", "value": "15.1603022"}, {"country": "AND - Andorra", "index": "IHDI - Inequality-adjusted Human Development Index", "indicator": "ineq_edu - Inequality in eduation", "year": "2011", "value": "15.1603022"}, {"country": "AND - Andorra", "index": "IHDI - Inequality-adjusted Human Development Index", "indicator": "ineq_edu - Inequality in eduation", "year": "2012", "value": "15.1603022"}, {"country": "AND - Andorra", "index": "IHDI - Inequality-adjusted Human Development Index", "indicator": "ineq_edu - Inequality in eduation", "year": "2013", "value": "15.1603022"}, {"country": "AND - Andorra", "index": "IHDI - Inequality-adjusted Human Development Index", "indicator": "ineq_edu - Inequality in eduation", "year": "2014", "value": "9.965680746"}, {"country": "AND - Andorra", "index": "IHDI - Inequality-adjusted Human Development Index", "indicator": "ineq_edu - Inequality in eduation", "year": "2015", "value": "10.08381514"}, {"country": "AND - Andorra", "index": "IHDI - Inequality-adjusted Human Development Index", "indicator": "ineq_edu - Inequality in eduation", "year": "2016", "value": "10.00815435"}, {"country": "AND - Andorra", "index": "IHDI - Inequality-adjusted Human Development Index", "indicator": "ineq_edu - Inequality in eduation", "year": "2017", "value": "10.00815435"}, {"country": "AND - Andorra", "index": "IHDI - Inequality-adjusted Human Development Index", "indicator": "ineq_edu - Inequality in eduation", "year": "2018", "value": "10.00815435"}, {"country": "AND - Andorra", "index": "IHDI - Inequality-adjusted Human Development Index", "indicator": "ineq_edu - Inequality in eduation", "year": "2019", "value": "10.00815435"}, {"country": "AND - Andorra", "index": "IHDI - Inequality-adjusted Human Development Index", "indicator": "ineq_edu - Inequality in eduation", "year": "2020", "value": "10.00815435"}, {"country": "AND - Andorra", "index": "IHDI - Inequality-adjusted Human Development Index", "indicator": "ineq_edu - Inequality in eduation", "year": "2021", "value": "10.00815435"}, {"country": "AND - Andorra", "index": "IHDI - Inequality-adjusted Human Development Index", "indicator": "ineq_le - Inequality in life expectancy", "year": "2010", "value": "5.217056751"}, {"country": "AND - Andorra", "index": "IHDI - Inequality-adjusted Human Development Index", "indicator": "ineq_le - Inequality in life expectancy", "year": "2011", "value": "5.215367794"}, {"country": "AND - Andorra", "index": "IHDI - Inequality-adjusted Human Development Index", "indicator": "ineq_le - Inequality in life expectancy", "year": "2012", "value": "5.208617687"}, {"country": "AND - Andorra", "index": "IHDI - Inequality-adjusted Human Development Index", "indicator": "ineq_le - Inequality in life expectancy", "year": "2013", "value": "5.201047897"}, {"country": "AND - Andorra", "index": "IHDI - Inequality-adjusted Human Development Index", "indicator": "ineq_le - Inequality in life expectancy", "year": "2014", "value": "5.193582058"}, {"country": "AND - Andorra", "index": "IHDI - Inequality-adjusted Human Development Index", "indicator": "ineq_le - Inequality in life expectancy", "year": "2015", "value": "5.18843174"}, {"country": "AND - Andorra", "index": "IHDI - Inequality-adjusted Human Development Index", "indicator": "ineq_le - Inequality in life expectancy", "year": "2016", "value": "5.177571297"}, {"country": "AND - Andorra", "index": "IHDI - Inequality-adjusted Human Development Index", "indicator": "ineq_le - Inequality in life expectancy", "year": "2017", "value": "5.169452667"}, {"country": "AND - Andorra", "index": "IHDI - Inequality-adjusted Human Development Index", "indicator": "ineq_le - Inequality in life expectancy", "year": "2018", "value": "5.1615839"}, {"country": "AND - Andorra", "index": "IHDI - Inequality-adjusted Human Development Index", "indicator": "ineq_le - Inequality in life expectancy", "year": "2019", "value": "5.153373718"}, {"country": "AND - Andorra", "index": "IHDI - Inequality-adjusted Human Development Index", "indicator": "ineq_le - Inequality in life expectancy", "year": "2020", "value": "5.421921253"}, {"country": "AND - Andorra", "index": "IHDI - Inequality-adjusted Human Development Index", "indicator": "ineq_le - Inequality in life expectancy", "year": "2021", "value": "5.297909737"}, {"country": "AND - Andorra", "index": "HDI - Human Development Index", "indicator": "le - Life Expectancy at Birth (years)", "year": "1990", "value": "78.4063"}, {"country": "AND - Andorra", "index": "HDI - Human Development Index", "indicator": "le - Life Expectancy at Birth (years)", "year": "1991", "value": "77.9805"}, {"country": "AND - Andorra", "index": "HDI - Human Development Index", "indicator": "le - Life Expectancy at Birth (years)", "year": "1992", "value": "80.3241"}, {"country": "AND - Andorra", "index": "HDI - Human Development Index", "indicator": "le - Life Expectancy at Birth (years)", "year": "1993", "value": "78.6633"}, {"country": "AND - Andorra", "index": "HDI - Human Development Index", "indicator": "le - Life Expectancy at Birth (years)", "year": "1994", "value": "82.638"}, {"country": "AND - Andorra", "index": "HDI - Human Development Index", "indicator": "le - Life Expectancy at Birth (years)", "year": "1995", "value": "78.9616"}, {"country": "AND - Andorra", "index": "HDI - Human Development Index", "indicator": "le - Life Expectancy at Birth (years)", "year": "1996", "value": "80.334"}, {"country": "AND - Andorra", "index": "HDI - Human Development Index", "indicator": "le - Life Expectancy at Birth (years)", "year": "1997", "value": "80.9439"}, {"country": "AND - Andorra", "index": "HDI - Human Development Index", "indicator": "le - Life Expectancy at Birth (years)", "year": "1998", "value": "79.4259"}, {"country": "AND - Andorra", "index": "HDI - Human Development Index", "indicator": "le - Life Expectancy at Birth (years)", "year": "1999", "value": "81.3173"}, {"country": "AND - Andorra", "index": "HDI - Human Development Index", "indicator": "le - Life Expectancy at Birth (years)", "year": "2000", "value": "80.9193"}, {"country": "AND - Andorra", "index": "HDI - Human Development Index", "indicator": "le - Life Expectancy at Birth (years)", "year": "2001", "value": "81.6857"}, {"country": "AND - Andorra", "index": "HDI - Human Development Index", "indicator": "le - Life Expectancy at Birth (years)", "year": "2002", "value": "82.2368"}, {"country": "AND - Andorra", "index": "HDI - Human Development Index", "indicator": "le - Life Expectancy at Birth (years)", "year": "2003", "value": "83.9209"}, {"country": "AND - Andorra", "index": "HDI - Human Development Index", "indicator": "le - Life Expectancy at Birth (years)", "year": "2004", "value": "80.0836"}, {"country": "AND - Andorra", "index": "HDI - Human Development Index", "indicator": "le - Life Expectancy at Birth (years)", "year": "2005", "value": "81.7599"}, {"country": "AND - Andorra", "index": "HDI - Human Development Index", "indicator": "le - Life Expectancy at Birth (years)", "year": "2006", "value": "82.9664"}, {"country": "AND - Andorra", "index": "HDI - Human Development Index", "indicator": "le - Life Expectancy at Birth (years)", "year": "2007", "value": "82.6594"}, {"country": "AND - Andorra", "index": "HDI - Human Development Index", "indicator": "le - Life Expectancy at Birth (years)", "year": "2008", "value": "82.6982"}, {"country": "AND - Andorra", "index": "HDI - Human Development Index", "indicator": "le - Life Expectancy at Birth (years)", "year": "2009", "value": "82.752"}, {"country": "AND - Andorra", "index": "HDI - Human Development Index", "indicator": "le - Life Expectancy at Birth (years)", "year": "2010", "value": "82.8156"}, {"country": "AND - Andorra", "index": "HDI - Human Development Index", "indicator": "le - Life Expectancy at Birth (years)", "year": "2011", "value": "82.8975"}, {"country": "AND - Andorra", "index": "HDI - Human Development Index", "indicator": "le - Life Expectancy at Birth (years)", "year": "2012", "value": "82.9166"}, {"country": "AND - Andorra", "index": "HDI - Human Development Index", "indicator": "le - Life Expectancy at Birth (years)", "year": "2013", "value": "82.9343"}, {"country": "AND - Andorra", "index": "HDI - Human Development Index", "indicator": "le - Life Expectancy at Birth (years)", "year": "2014", "value": "82.9483"}, {"country": "AND - Andorra", "index": "HDI - Human Development Index", "indicator": "le - Life Expectancy at Birth (years)", "year": "2015", "value": "82.9534"}, {"country": "AND - Andorra", "index": "HDI - Human Development Index", "indicator": "le - Life Expectancy at Birth (years)", "year": "2016", "value": "82.9671"}, {"country": "AND - Andorra", "index": "HDI - Human Development Index", "indicator": "le - Life Expectancy at Birth (years)", "year": "2017", "value": "82.9803"}, {"country": "AND - Andorra", "index": "HDI - Human Development Index", "indicator": "le - Life Expectancy at Birth (years)", "year": "2018", "value": "82.9923"}, {"country": "AND - Andorra", "index": "HDI - Human Development Index", "indicator": "le - Life Expectancy at Birth (years)", "year": "2019", "value": "83.0039"}, {"country": "AND - Andorra", "index": "HDI - Human Development Index", "indicator": "le - Life Expectancy at Birth (years)", "year": "2020", "value": "79.0234"}, {"country": "AND - Andorra", "index": "HDI - Human Development Index", "indicator": "le - Life Expectancy at Birth (years)", "year": "2021", "value": "80.3684"}, {"country": "AND - Andorra", "index": "GDI - Gender Development Index", "indicator": "le_f - Life Expectancy at Birth, female (years)", "year": "1990", "value": "82.6756"}, {"country": "AND - Andorra", "index": "GDI - Gender Development Index", "indicator": "le_f - Life Expectancy at Birth, female (years)", "year": "1991", "value": "81.9459"}, {"country": "AND - Andorra", "index": "GDI - Gender Development Index", "indicator": "le_f - Life Expectancy at Birth, female (years)", "year": "1992", "value": "82.3576"}, {"country": "AND - Andorra", "index": "GDI - Gender Development Index", "indicator": "le_f - Life Expectancy at Birth, female (years)", "year": "1993", "value": "81.9067"}, {"country": "AND - Andorra", "index": "GDI - Gender Development Index", "indicator": "le_f - Life Expectancy at Birth, female (years)", "year": "1994", "value": "83.5061"}, {"country": "AND - Andorra", "index": "GDI - Gender Development Index", "indicator": "le_f - Life Expectancy at Birth, female (years)", "year": "1995", "value": "81.8968"}, {"country": "AND - Andorra", "index": "GDI - Gender Development Index", "indicator": "le_f - Life Expectancy at Birth, female (years)", "year": "1996", "value": "83.1381"}, {"country": "AND - Andorra", "index": "GDI - Gender Development Index", "indicator": "le_f - Life Expectancy at Birth, female (years)", "year": "1997", "value": "82.8305"}, {"country": "AND - Andorra", "index": "GDI - Gender Development Index", "indicator": "le_f - Life Expectancy at Birth, female (years)", "year": "1998", "value": "83.2603"}, {"country": "AND - Andorra", "index": "GDI - Gender Development Index", "indicator": "le_f - Life Expectancy at Birth, female (years)", "year": "1999", "value": "83.5135"}, {"country": "AND - Andorra", "index": "GDI - Gender Development Index", "indicator": "le_f - Life Expectancy at Birth, female (years)", "year": "2000", "value": "82.7996"}, {"country": "AND - Andorra", "index": "GDI - Gender Development Index", "indicator": "le_f - Life Expectancy at Birth, female (years)", "year": "2001", "value": "85.4134"}, {"country": "AND - Andorra", "index": "GDI - Gender Development Index", "indicator": "le_f - Life Expectancy at Birth, female (years)", "year": "2002", "value": "84.3692"}, {"country": "AND - Andorra", "index": "GDI - Gender Development Index", "indicator": "le_f - Life Expectancy at Birth, female (years)", "year": "2003", "value": "86.7953"}, {"country": "AND - Andorra", "index": "GDI - Gender Development Index", "indicator": "le_f - Life Expectancy at Birth, female (years)", "year": "2004", "value": "81.1494"}, {"country": "AND - Andorra", "index": "GDI - Gender Development Index", "indicator": "le_f - Life Expectancy at Birth, female (years)", "year": "2005", "value": "83.7746"}, {"country": "AND - Andorra", "index": "GDI - Gender Development Index", "indicator": "le_f - Life Expectancy at Birth, female (years)", "year": "2006", "value": "84.4182"}, {"country": "AND - Andorra", "index": "GDI - Gender Development Index", "indicator": "le_f - Life Expectancy at Birth, female (years)", "year": "2007", "value": "85.4545"}, {"country": "AND - Andorra", "index": "GDI - Gender Development Index", "indicator": "le_f - Life Expectancy at Birth, female (years)", "year": "2008", "value": "85.4545"}, {"country": "AND - Andorra", "index": "GDI - Gender Development Index", "indicator": "le_f - Life Expectancy at Birth, female (years)", "year": "2009", "value": "85.4442"}, {"country": "AND - Andorra", "index": "GDI - Gender Development Index", "indicator": "le_f - Life Expectancy at Birth, female (years)", "year": "2010", "value": "85.4442"}, {"country": "AND - Andorra", "index": "GDI - Gender Development Index", "indicator": "le_f - Life Expectancy at Birth, female (years)", "year": "2011", "value": "85.4442"}, {"country": "AND - Andorra", "index": "GDI - Gender Development Index", "indicator": "le_f - Life Expectancy at Birth, female (years)", "year": "2012", "value": "85.4442"}, {"country": "AND - Andorra", "index": "GDI - Gender Development Index", "indicator": "le_f - Life Expectancy at Birth, female (years)", "year": "2013", "value": "85.4442"}, {"country": "AND - Andorra", "index": "GDI - Gender Development Index", "indicator": "le_f - Life Expectancy at Birth, female (years)", "year": "2014", "value": "85.4442"}, {"country": "AND - Andorra", "index": "GDI - Gender Development Index", "indicator": "le_f - Life Expectancy at Birth, female (years)", "year": "2015", "value": "85.434"}, {"country": "AND - Andorra", "index": "GDI - Gender Development Index", "indicator": "le_f - Life Expectancy at Birth, female (years)", "year": "2016", "value": "85.434"}, {"country": "AND - Andorra", "index": "GDI - Gender Development Index", "indicator": "le_f - Life Expectancy at Birth, female (years)", "year": "2017", "value": "85.434"}, {"country": "AND - Andorra", "index": "GDI - Gender Development Index", "indicator": "le_f - Life Expectancy at Birth, female (years)", "year": "2018", "value": "85.434"}, {"country": "AND - Andorra", "index": "GDI - Gender Development Index", "indicator": "le_f - Life Expectancy at Birth, female (years)", "year": "2019", "value": "85.434"}, {"country": "AND - Andorra", "index": "GDI - Gender Development Index", "indicator": "le_f - Life Expectancy at Birth, female (years)", "year": "2020", "value": "83.1922"}, {"country": "AND - Andorra", "index": "GDI - Gender Development Index", "indicator": "le_f - Life Expectancy at Birth, female (years)", "year": "2021", "value": "84.3238"}, {"country": "AND - Andorra", "index": "GDI - Gender Development Index", "indicator": "le_m - Life Expectancy at Birth, male (years)", "year": "1990", "value": "75.2791"}, {"country": "AND - Andorra", "index": "GDI - Gender Development Index", "indicator": "le_m - Life Expectancy at Birth, male (years)", "year": "1991", "value": "75.0519"}, {"country": "AND - Andorra", "index": "GDI - Gender Development Index", "indicator": "le_m - Life Expectancy at Birth, male (years)", "year": "1992", "value": "78.6082"}, {"country": "AND - Andorra", "index": "GDI - Gender Development Index", "indicator": "le_m - Life Expectancy at Birth, male (years)", "year": "1993", "value": "76.1603"}, {"country": "AND - Andorra", "index": "GDI - Gender Development Index", "indicator": "le_m - Life Expectancy at Birth, male (years)", "year": "1994", "value": "81.8161"}, {"country": "AND - Andorra", "index": "GDI - Gender Development Index", "indicator": "le_m - Life Expectancy at Birth, male (years)", "year": "1995", "value": "76.6881"}, {"country": "AND - Andorra", "index": "GDI - Gender Development Index", "indicator": "le_m - Life Expectancy at Birth, male (years)", "year": "1996", "value": "78.1539"}, {"country": "AND - Andorra", "index": "GDI - Gender Development Index", "indicator": "le_m - Life Expectancy at Birth, male (years)", "year": "1997", "value": "79.3651"}, {"country": "AND - Andorra", "index": "GDI - Gender Development Index", "indicator": "le_m - Life Expectancy at Birth, male (years)", "year": "1998", "value": "76.5794"}, {"country": "AND - Andorra", "index": "GDI - Gender Development Index", "indicator": "le_m - Life Expectancy at Birth, male (years)", "year": "1999", "value": "79.483"}, {"country": "AND - Andorra", "index": "GDI - Gender Development Index", "indicator": "le_m - Life Expectancy at Birth, male (years)", "year": "2000", "value": "79.3158"}, {"country": "AND - Andorra", "index": "GDI - Gender Development Index", "indicator": "le_m - Life Expectancy at Birth, male (years)", "year": "2001", "value": "78.8295"}, {"country": "AND - Andorra", "index": "GDI - Gender Development Index", "indicator": "le_m - Life Expectancy at Birth, male (years)", "year": "2002", "value": "80.4117"}, {"country": "AND - Andorra", "index": "GDI - Gender Development Index", "indicator": "le_m - Life Expectancy at Birth, male (years)", "year": "2003", "value": "81.5244"}, {"country": "AND - Andorra", "index": "GDI - Gender Development Index", "indicator": "le_m - Life Expectancy at Birth, male (years)", "year": "2004", "value": "79.1305"}, {"country": "AND - Andorra", "index": "GDI - Gender Development Index", "indicator": "le_m - Life Expectancy at Birth, male (years)", "year": "2005", "value": "80.0523"}, {"country": "AND - Andorra", "index": "GDI - Gender Development Index", "indicator": "le_m - Life Expectancy at Birth, male (years)", "year": "2006", "value": "81.6787"}, {"country": "AND - Andorra", "index": "GDI - Gender Development Index", "indicator": "le_m - Life Expectancy at Birth, male (years)", "year": "2007", "value": "80.3913"}, {"country": "AND - Andorra", "index": "GDI - Gender Development Index", "indicator": "le_m - Life Expectancy at Birth, male (years)", "year": "2008", "value": "80.422"}, {"country": "AND - Andorra", "index": "GDI - Gender Development Index", "indicator": "le_m - Life Expectancy at Birth, male (years)", "year": "2009", "value": "80.4628"}, {"country": "AND - Andorra", "index": "GDI - Gender Development Index", "indicator": "le_m - Life Expectancy at Birth, male (years)", "year": "2010", "value": "80.4934"}, {"country": "AND - Andorra", "index": "GDI - Gender Development Index", "indicator": "le_m - Life Expectancy at Birth, male (years)", "year": "2011", "value": "80.524"}, {"country": "AND - Andorra", "index": "GDI - Gender Development Index", "indicator": "le_m - Life Expectancy at Birth, male (years)", "year": "2012", "value": "80.5546"}, {"country": "AND - Andorra", "index": "GDI - Gender Development Index", "indicator": "le_m - Life Expectancy at Birth, male (years)", "year": "2013", "value": "80.5852"}, {"country": "AND - Andorra", "index": "GDI - Gender Development Index", "indicator": "le_m - Life Expectancy at Birth, male (years)", "year": "2014", "value": "80.6157"}, {"country": "AND - Andorra", "index": "GDI - Gender Development Index", "indicator": "le_m - Life Expectancy at Birth, male (years)", "year": "2015", "value": "80.6462"}, {"country": "AND - Andorra", "index": "GDI - Gender Development Index", "indicator": "le_m - Life Expectancy at Birth, male (years)", "year": "2016", "value": "80.6868"}, {"country": "AND - Andorra", "index": "GDI - Gender Development Index", "indicator": "le_m - Life Expectancy at Birth, male (years)", "year": "2017", "value": "80.7172"}, {"country": "AND - Andorra", "index": "GDI - Gender Development Index", "indicator": "le_m - Life Expectancy at Birth, male (years)", "year": "2018", "value": "80.7477"}, {"country": "AND - Andorra", "index": "GDI - Gender Development Index", "indicator": "le_m - Life Expectancy at Birth, male (years)", "year": "2019", "value": "80.7781"}, {"country": "AND - Andorra", "index": "GDI - Gender Development Index", "indicator": "le_m - Life Expectancy at Birth, male (years)", "year": "2020", "value": "75.7629"}, {"country": "AND - Andorra", "index": "GDI - Gender Development Index", "indicator": "le_m - Life Expectancy at Birth, male (years)", "year": "2021", "value": "77.1723"}, {"country": "AND - Andorra", "index": "HDI - Human Development Index", "indicator": "mys - Mean Years of Schooling (years)", "year": "2000", "value": "9.806363724"}, {"country": "AND - Andorra", "index": "HDI - Human Development Index", "indicator": "mys - Mean Years of Schooling (years)", "year": "2001", "value": "9.891956443"}, {"country": "AND - Andorra", "index": "HDI - Human Development Index", "indicator": "mys - Mean Years of Schooling (years)", "year": "2002", "value": "9.978296239"}, {"country": "AND - Andorra", "index": "HDI - Human Development Index", "indicator": "mys - Mean Years of Schooling (years)", "year": "2003", "value": "10.06538963"}, {"country": "AND - Andorra", "index": "HDI - Human Development Index", "indicator": "mys - Mean Years of Schooling (years)", "year": "2004", "value": "10.70065022"}, {"country": "AND - Andorra", "index": "HDI - Human Development Index", "indicator": "mys - Mean Years of Schooling (years)", "year": "2005", "value": "10.08963966"}, {"country": "AND - Andorra", "index": "HDI - Human Development Index", "indicator": "mys - Mean Years of Schooling (years)", "year": "2006", "value": "10.41322041"}, {"country": "AND - Andorra", "index": "HDI - Human Development Index", "indicator": "mys - Mean Years of Schooling (years)", "year": "2007", "value": "10.4421978"}, {"country": "AND - Andorra", "index": "HDI - Human Development Index", "indicator": "mys - Mean Years of Schooling (years)", "year": "2008", "value": "10.47117519"}, {"country": "AND - Andorra", "index": "HDI - Human Development Index", "indicator": "mys - Mean Years of Schooling (years)", "year": "2009", "value": "10.50015259"}, {"country": "AND - Andorra", "index": "HDI - Human Development Index", "indicator": "mys - Mean Years of Schooling (years)", "year": "2010", "value": "10.52912998"}, {"country": "AND - Andorra", "index": "HDI - Human Development Index", "indicator": "mys - Mean Years of Schooling (years)", "year": "2011", "value": "10.55810738"}, {"country": "AND - Andorra", "index": "HDI - Human Development Index", "indicator": "mys - Mean Years of Schooling (years)", "year": "2012", "value": "10.58708477"}, {"country": "AND - Andorra", "index": "HDI - Human Development Index", "indicator": "mys - Mean Years of Schooling (years)", "year": "2013", "value": "10.61606216"}, {"country": "AND - Andorra", "index": "HDI - Human Development Index", "indicator": "mys - Mean Years of Schooling (years)", "year": "2014", "value": "10.64503956"}, {"country": "AND - Andorra", "index": "HDI - Human Development Index", "indicator": "mys - Mean Years of Schooling (years)", "year": "2015", "value": "10.57328033"}, {"country": "AND - Andorra", "index": "HDI - Human Development Index", "indicator": "mys - Mean Years of Schooling (years)", "year": "2016", "value": "10.55609989"}, {"country": "AND - Andorra", "index": "HDI - Human Development Index", "indicator": "mys - Mean Years of Schooling (years)", "year": "2017", "value": "10.55577309"}, {"country": "AND - Andorra", "index": "HDI - Human Development Index", "indicator": "mys - Mean Years of Schooling (years)", "year": "2018", "value": "10.5554463"}, {"country": "AND - Andorra", "index": "HDI - Human Development Index", "indicator": "mys - Mean Years of Schooling (years)", "year": "2019", "value": "10.55511952"}, {"country": "AND - Andorra", "index": "HDI - Human Development Index", "indicator": "mys - Mean Years of Schooling (years)", "year": "2020", "value": "10.55511952"}, {"country": "AND - Andorra", "index": "HDI - Human Development Index", "indicator": "mys - Mean Years of Schooling (years)", "year": "2021", "value": "10.55511952"}, {"country": "AND - Andorra", "index": "GDI - Gender Development Index", "indicator": "mys_f - Mean Years of Schooling, female (years)", "year": "2000", "value": "9.794106303"}, {"country": "AND - Andorra", "index": "GDI - Gender Development Index", "indicator": "mys_f - Mean Years of Schooling, female (years)", "year": "2001", "value": "9.875223911"}, {"country": "AND - Andorra", "index": "GDI - Gender Development Index", "indicator": "mys_f - Mean Years of Schooling, female (years)", "year": "2002", "value": "9.957013358"}, {"country": "AND - Andorra", "index": "GDI - Gender Development Index", "indicator": "mys_f - Mean Years of Schooling, female (years)", "year": "2003", "value": "10.03948021"}, {"country": "AND - Andorra", "index": "GDI - Gender Development Index", "indicator": "mys_f - Mean Years of Schooling, female (years)", "year": "2004", "value": "10.56851959"}, {"country": "AND - Andorra", "index": "GDI - Gender Development Index", "indicator": "mys_f - Mean Years of Schooling, female (years)", "year": "2005", "value": "9.964730263"}, {"country": "AND - Andorra", "index": "GDI - Gender Development Index", "indicator": "mys_f - Mean Years of Schooling, female (years)", "year": "2006", "value": "10.36855984"}, {"country": "AND - Andorra", "index": "GDI - Gender Development Index", "indicator": "mys_f - Mean Years of Schooling, female (years)", "year": "2007", "value": "10.39617991"}, {"country": "AND - Andorra", "index": "GDI - Gender Development Index", "indicator": "mys_f - Mean Years of Schooling, female (years)", "year": "2008", "value": "10.42379999"}, {"country": "AND - Andorra", "index": "GDI - Gender Development Index", "indicator": "mys_f - Mean Years of Schooling, female (years)", "year": "2009", "value": "10.45142007"}, {"country": "AND - Andorra", "index": "GDI - Gender Development Index", "indicator": "mys_f - Mean Years of Schooling, female (years)", "year": "2010", "value": "10.47904015"}, {"country": "AND - Andorra", "index": "GDI - Gender Development Index", "indicator": "mys_f - Mean Years of Schooling, female (years)", "year": "2011", "value": "10.50666022"}, {"country": "AND - Andorra", "index": "GDI - Gender Development Index", "indicator": "mys_f - Mean Years of Schooling, female (years)", "year": "2012", "value": "10.5342803"}, {"country": "AND - Andorra", "index": "GDI - Gender Development Index", "indicator": "mys_f - Mean Years of Schooling, female (years)", "year": "2013", "value": "10.56190038"}, {"country": "AND - Andorra", "index": "GDI - Gender Development Index", "indicator": "mys_f - Mean Years of Schooling, female (years)", "year": "2014", "value": "10.58952045"}, {"country": "AND - Andorra", "index": "GDI - Gender Development Index", "indicator": "mys_f - Mean Years of Schooling, female (years)", "year": "2015", "value": "10.51278019"}, {"country": "AND - Andorra", "index": "GDI - Gender Development Index", "indicator": "mys_f - Mean Years of Schooling, female (years)", "year": "2016", "value": "10.49055004"}, {"country": "AND - Andorra", "index": "GDI - Gender Development Index", "indicator": "mys_f - Mean Years of Schooling, female (years)", "year": "2017", "value": "10.48741213"}, {"country": "AND - Andorra", "index": "GDI - Gender Development Index", "indicator": "mys_f - Mean Years of Schooling, female (years)", "year": "2018", "value": "10.48427516"}, {"country": "AND - Andorra", "index": "GDI - Gender Development Index", "indicator": "mys_f - Mean Years of Schooling, female (years)", "year": "2019", "value": "10.48113913"}, {"country": "AND - Andorra", "index": "GDI - Gender Development Index", "indicator": "mys_f - Mean Years of Schooling, female (years)", "year": "2020", "value": "10.48113913"}, {"country": "AND - Andorra", "index": "GDI - Gender Development Index", "indicator": "mys_f - Mean Years of Schooling, female (years)", "year": "2021", "value": "10.48113913"}, {"country": "AND - Andorra", "index": "GDI - Gender Development Index", "indicator": "mys_m - Mean Years of Schooling, male (years)", "year": "2000", "value": "9.815827562"}, {"country": "AND - Andorra", "index": "GDI - Gender Development Index", "indicator": "mys_m - Mean Years of Schooling, male (years)", "year": "2001", "value": "9.906324933"}, {"country": "AND - Andorra", "index": "GDI - Gender Development Index", "indicator": "mys_m - Mean Years of Schooling, male (years)", "year": "2002", "value": "9.997656648"}, {"country": "AND - Andorra", "index": "GDI - Gender Development Index", "indicator": "mys_m - Mean Years of Schooling, male (years)", "year": "2003", "value": "10.0898304"}, {"country": "AND - Andorra", "index": "GDI - Gender Development Index", "indicator": "mys_m - Mean Years of Schooling, male (years)", "year": "2004", "value": "10.82660961"}, {"country": "AND - Andorra", "index": "GDI - Gender Development Index", "indicator": "mys_m - Mean Years of Schooling, male (years)", "year": "2005", "value": "10.20878983"}, {"country": "AND - Andorra", "index": "GDI - Gender Development Index", "indicator": "mys_m - Mean Years of Schooling, male (years)", "year": "2006", "value": "10.45674992"}, {"country": "AND - Andorra", "index": "GDI - Gender Development Index", "indicator": "mys_m - Mean Years of Schooling, male (years)", "year": "2007", "value": "10.48738992"}, {"country": "AND - Andorra", "index": "GDI - Gender Development Index", "indicator": "mys_m - Mean Years of Schooling, male (years)", "year": "2008", "value": "10.51802993"}, {"country": "AND - Andorra", "index": "GDI - Gender Development Index", "indicator": "mys_m - Mean Years of Schooling, male (years)", "year": "2009", "value": "10.54866993"}, {"country": "AND - Andorra", "index": "GDI - Gender Development Index", "indicator": "mys_m - Mean Years of Schooling, male (years)", "year": "2010", "value": "10.57930994"}, {"country": "AND - Andorra", "index": "GDI - Gender Development Index", "indicator": "mys_m - Mean Years of Schooling, male (years)", "year": "2011", "value": "10.60994995"}, {"country": "AND - Andorra", "index": "GDI - Gender Development Index", "indicator": "mys_m - Mean Years of Schooling, male (years)", "year": "2012", "value": "10.64058995"}, {"country": "AND - Andorra", "index": "GDI - Gender Development Index", "indicator": "mys_m - Mean Years of Schooling, male (years)", "year": "2013", "value": "10.67122996"}, {"country": "AND - Andorra", "index": "GDI - Gender Development Index", "indicator": "mys_m - Mean Years of Schooling, male (years)", "year": "2014", "value": "10.70186996"}, {"country": "AND - Andorra", "index": "GDI - Gender Development Index", "indicator": "mys_m - Mean Years of Schooling, male (years)", "year": "2015", "value": "10.63362026"}, {"country": "AND - Andorra", "index": "GDI - Gender Development Index", "indicator": "mys_m - Mean Years of Schooling, male (years)", "year": "2016", "value": "10.6210804"}, {"country": "AND - Andorra", "index": "GDI - Gender Development Index", "indicator": "mys_m - Mean Years of Schooling, male (years)", "year": "2017", "value": "10.62337889"}, {"country": "AND - Andorra", "index": "GDI - Gender Development Index", "indicator": "mys_m - Mean Years of Schooling, male (years)", "year": "2018", "value": "10.62567787"}, {"country": "AND - Andorra", "index": "GDI - Gender Development Index", "indicator": "mys_m - Mean Years of Schooling, male (years)", "year": "2019", "value": "10.62797735"}, {"country": "AND - Andorra", "index": "GDI - Gender Development Index", "indicator": "mys_m - Mean Years of Schooling, male (years)", "year": "2020", "value": "10.62797735"}, {"country": "AND - Andorra", "index": "GDI - Gender Development Index", "indicator": "mys_m - Mean Years of Schooling, male (years)", "year": "2021", "value": "10.62797735"}, {"country": "AND - Andorra", "index": "GII - Gender Inequality Index", "indicator": "pr_f - Share of seats in parliament, female (% held by women)", "year": "1990", "value": "7.142857143"}, {"country": "AND - Andorra", "index": "GII - Gender Inequality Index", "indicator": "pr_f - Share of seats in parliament, female (% held by women)", "year": "1991", "value": "7.142857143"}, {"country": "AND - Andorra", "index": "GII - Gender Inequality Index", "indicator": "pr_f - Share of seats in parliament, female (% held by women)", "year": "1992", "value": "7.142857143"}, {"country": "AND - Andorra", "index": "GII - Gender Inequality Index", "indicator": "pr_f - Share of seats in parliament, female (% held by women)", "year": "1993", "value": "7.142857143"}, {"country": "AND - Andorra", "index": "GII - Gender Inequality Index", "indicator": "pr_f - Share of seats in parliament, female (% held by women)", "year": "1994", "value": "7.142857143"}, {"country": "AND - Andorra", "index": "GII - Gender Inequality Index", "indicator": "pr_f - Share of seats in parliament, female (% held by women)", "year": "1995", "value": "7.142857143"}, {"country": "AND - Andorra", "index": "GII - Gender Inequality Index", "indicator": "pr_f - Share of seats in parliament, female (% held by women)", "year": "1996", "value": "7.142857143"}, {"country": "AND - Andorra", "index": "GII - Gender Inequality Index", "indicator": "pr_f - Share of seats in parliament, female (% held by women)", "year": "1997", "value": "7.142857143"}, {"country": "AND - Andorra", "index": "GII - Gender Inequality Index", "indicator": "pr_f - Share of seats in parliament, female (% held by women)", "year": "1998", "value": "7.142857143"}, {"country": "AND - Andorra", "index": "GII - Gender Inequality Index", "indicator": "pr_f - Share of seats in parliament, female (% held by women)", "year": "1999", "value": "7.142857143"}, {"country": "AND - Andorra", "index": "GII - Gender Inequality Index", "indicator": "pr_f - Share of seats in parliament, female (% held by women)", "year": "2000", "value": "7.142857143"}, {"country": "AND - Andorra", "index": "GII - Gender Inequality Index", "indicator": "pr_f - Share of seats in parliament, female (% held by women)", "year": "2001", "value": "14.28571429"}, {"country": "AND - Andorra", "index": "GII - Gender Inequality Index", "indicator": "pr_f - Share of seats in parliament, female (% held by women)", "year": "2002", "value": "14.28571429"}, {"country": "AND - Andorra", "index": "GII - Gender Inequality Index", "indicator": "pr_f - Share of seats in parliament, female (% held by women)", "year": "2003", "value": "14.28571429"}, {"country": "AND - Andorra", "index": "GII - Gender Inequality Index", "indicator": "pr_f - Share of seats in parliament, female (% held by women)", "year": "2004", "value": "14.28571429"}, {"country": "AND - Andorra", "index": "GII - Gender Inequality Index", "indicator": "pr_f - Share of seats in parliament, female (% held by women)", "year": "2005", "value": "28.57142857"}, {"country": "AND - Andorra", "index": "GII - Gender Inequality Index", "indicator": "pr_f - Share of seats in parliament, female (% held by women)", "year": "2006", "value": "28.57142857"}, {"country": "AND - Andorra", "index": "GII - Gender Inequality Index", "indicator": "pr_f - Share of seats in parliament, female (% held by women)", "year": "2007", "value": "28.57142857"}, {"country": "AND - Andorra", "index": "GII - Gender Inequality Index", "indicator": "pr_f - Share of seats in parliament, female (% held by women)", "year": "2008", "value": "25"}, {"country": "AND - Andorra", "index": "GII - Gender Inequality Index", "indicator": "pr_f - Share of seats in parliament, female (% held by women)", "year": "2009", "value": "35.71428571"}, {"country": "AND - Andorra", "index": "GII - Gender Inequality Index", "indicator": "pr_f - Share of seats in parliament, female (% held by women)", "year": "2010", "value": "35.71428571"}, {"country": "AND - Andorra", "index": "GII - Gender Inequality Index", "indicator": "pr_f - Share of seats in parliament, female (% held by women)", "year": "2011", "value": "50"}, {"country": "AND - Andorra", "index": "GII - Gender Inequality Index", "indicator": "pr_f - Share of seats in parliament, female (% held by women)", "year": "2012", "value": "50"}, {"country": "AND - Andorra", "index": "GII - Gender Inequality Index", "indicator": "pr_f - Share of seats in parliament, female (% held by women)", "year": "2013", "value": "50"}, {"country": "AND - Andorra", "index": "GII - Gender Inequality Index", "indicator": "pr_f - Share of seats in parliament, female (% held by women)", "year": "2014", "value": "50"}, {"country": "AND - Andorra", "index": "GII - Gender Inequality Index", "indicator": "pr_f - Share of seats in parliament, female (% held by women)", "year": "2015", "value": "39.28571429"}, {"country": "AND - Andorra", "index": "GII - Gender Inequality Index", "indicator": "pr_f - Share of seats in parliament, female (% held by women)", "year": "2016", "value": "32.14285714"}, {"country": "AND - Andorra", "index": "GII - Gender Inequality Index", "indicator": "pr_f - Share of seats in parliament, female (% held by women)", "year": "2017", "value": "32.14285714"}, {"country": "AND - Andorra", "index": "GII - Gender Inequality Index", "indicator": "pr_f - Share of seats in parliament, female (% held by women)", "year": "2018", "value": "32.14285714"}, {"country": "AND - Andorra", "index": "GII - Gender Inequality Index", "indicator": "pr_f - Share of seats in parliament, female (% held by women)", "year": "2019", "value": "46.42857143"}, {"country": "AND - Andorra", "index": "GII - Gender Inequality Index", "indicator": "pr_f - Share of seats in parliament, female (% held by women)", "year": "2020", "value": "46.42857143"}, {"country": "AND - Andorra", "index": "GII - Gender Inequality Index", "indicator": "pr_f - Share of seats in parliament, female (% held by women)", "year": "2021", "value": "46.42857143"}, {"country": "AND - Andorra", "index": "GII - Gender Inequality Index", "indicator": "pr_m - Share of seats in parliament, male (% held by men)", "year": "1990", "value": "92.85714286"}, {"country": "AND - Andorra", "index": "GII - Gender Inequality Index", "indicator": "pr_m - Share of seats in parliament, male (% held by men)", "year": "1991", "value": "92.85714286"}, {"country": "AND - Andorra", "index": "GII - Gender Inequality Index", "indicator": "pr_m - Share of seats in parliament, male (% held by men)", "year": "1992", "value": "92.85714286"}, {"country": "AND - Andorra", "index": "GII - Gender Inequality Index", "indicator": "pr_m - Share of seats in parliament, male (% held by men)", "year": "1993", "value": "92.85714286"}, {"country": "AND - Andorra", "index": "GII - Gender Inequality Index", "indicator": "pr_m - Share of seats in parliament, male (% held by men)", "year": "1994", "value": "92.85714286"}, {"country": "AND - Andorra", "index": "GII - Gender Inequality Index", "indicator": "pr_m - Share of seats in parliament, male (% held by men)", "year": "1995", "value": "92.85714286"}, {"country": "AND - Andorra", "index": "GII - Gender Inequality Index", "indicator": "pr_m - Share of seats in parliament, male (% held by men)", "year": "1996", "value": "92.85714286"}, {"country": "AND - Andorra", "index": "GII - Gender Inequality Index", "indicator": "pr_m - Share of seats in parliament, male (% held by men)", "year": "1997", "value": "92.85714286"}, {"country": "AND - Andorra", "index": "GII - Gender Inequality Index", "indicator": "pr_m - Share of seats in parliament, male (% held by men)", "year": "1998", "value": "92.85714286"}, {"country": "AND - Andorra", "index": "GII - Gender Inequality Index", "indicator": "pr_m - Share of seats in parliament, male (% held by men)", "year": "1999", "value": "92.85714286"}, {"country": "AND - Andorra", "index": "GII - Gender Inequality Index", "indicator": "pr_m - Share of seats in parliament, male (% held by men)", "year": "2000", "value": "92.85714286"}, {"country": "AND - Andorra", "index": "GII - Gender Inequality Index", "indicator": "pr_m - Share of seats in parliament, male (% held by men)", "year": "2001", "value": "85.71428571"}, {"country": "AND - Andorra", "index": "GII - Gender Inequality Index", "indicator": "pr_m - Share of seats in parliament, male (% held by men)", "year": "2002", "value": "85.71428571"}, {"country": "AND - Andorra", "index": "GII - Gender Inequality Index", "indicator": "pr_m - Share of seats in parliament, male (% held by men)", "year": "2003", "value": "85.71428571"}, {"country": "AND - Andorra", "index": "GII - Gender Inequality Index", "indicator": "pr_m - Share of seats in parliament, male (% held by men)", "year": "2004", "value": "85.71428571"}, {"country": "AND - Andorra", "index": "GII - Gender Inequality Index", "indicator": "pr_m - Share of seats in parliament, male (% held by men)", "year": "2005", "value": "71.42857143"}, {"country": "AND - Andorra", "index": "GII - Gender Inequality Index", "indicator": "pr_m - Share of seats in parliament, male (% held by men)", "year": "2006", "value": "71.42857143"}, {"country": "AND - Andorra", "index": "GII - Gender Inequality Index", "indicator": "pr_m - Share of seats in parliament, male (% held by men)", "year": "2007", "value": "71.42857143"}, {"country": "AND - Andorra", "index": "GII - Gender Inequality Index", "indicator": "pr_m - Share of seats in parliament, male (% held by men)", "year": "2008", "value": "75"}, {"country": "AND - Andorra", "index": "GII - Gender Inequality Index", "indicator": "pr_m - Share of seats in parliament, male (% held by men)", "year": "2009", "value": "64.28571429"}, {"country": "AND - Andorra", "index": "GII - Gender Inequality Index", "indicator": "pr_m - Share of seats in parliament, male (% held by men)", "year": "2010", "value": "64.28571429"}, {"country": "AND - Andorra", "index": "GII - Gender Inequality Index", "indicator": "pr_m - Share of seats in parliament, male (% held by men)", "year": "2011", "value": "50"}, {"country": "AND - Andorra", "index": "GII - Gender Inequality Index", "indicator": "pr_m - Share of seats in parliament, male (% held by men)", "year": "2012", "value": "50"}, {"country": "AND - Andorra", "index": "GII - Gender Inequality Index", "indicator": "pr_m - Share of seats in parliament, male (% held by men)", "year": "2013", "value": "50"}, {"country": "AND - Andorra", "index": "GII - Gender Inequality Index", "indicator": "pr_m - Share of seats in parliament, male (% held by men)", "year": "2014", "value": "50"}, {"country": "AND - Andorra", "index": "GII - Gender Inequality Index", "indicator": "pr_m - Share of seats in parliament, male (% held by men)", "year": "2015", "value": "60.71428571"}, {"country": "AND - Andorra", "index": "GII - Gender Inequality Index", "indicator": "pr_m - Share of seats in parliament, male (% held by men)", "year": "2016", "value": "67.85714286"}, {"country": "AND - Andorra", "index": "GII - Gender Inequality Index", "indicator": "pr_m - Share of seats in parliament, male (% held by men)", "year": "2017", "value": "67.85714286"}, {"country": "AND - Andorra", "index": "GII - Gender Inequality Index", "indicator": "pr_m - Share of seats in parliament, male (% held by men)", "year": "2018", "value": "67.85714286"}, {"country": "AND - Andorra", "index": "GII - Gender Inequality Index", "indicator": "pr_m - Share of seats in parliament, male (% held by men)", "year": "2019", "value": "53.57142857"}, {"country": "AND - Andorra", "index": "GII - Gender Inequality Index", "indicator": "pr_m - Share of seats in parliament, male (% held by men)", "year": "2020", "value": "53.57142857"}, {"country": "AND - Andorra", "index": "GII - Gender Inequality Index", "indicator": "pr_m - Share of seats in parliament, male (% held by men)", "year": "2021", "value": "53.57142857"}, {"country": "AND - Andorra", "index": "GII - Gender Inequality Index", "indicator": "se_f - Population with at least some secondary education, female (% ages 25 and older)", "year": "2010", "value": "73.14843504"}, {"country": "AND - Andorra", "index": "GII - Gender Inequality Index", "indicator": "se_f - Population with at least some secondary education, female (% ages 25 and older)", "year": "2011", "value": "72.8683525"}, {"country": "AND - Andorra", "index": "GII - Gender Inequality Index", "indicator": "se_f - Population with at least some secondary education, female (% ages 25 and older)", "year": "2012", "value": "72.58934238"}, {"country": "AND - Andorra", "index": "GII - Gender Inequality Index", "indicator": "se_f - Population with at least some secondary education, female (% ages 25 and older)", "year": "2013", "value": "72.31140058"}, {"country": "AND - Andorra", "index": "GII - Gender Inequality Index", "indicator": "se_f - Population with at least some secondary education, female (% ages 25 and older)", "year": "2014", "value": "72.03452301"}, {"country": "AND - Andorra", "index": "GII - Gender Inequality Index", "indicator": "se_f - Population with at least some secondary education, female (% ages 25 and older)", "year": "2015", "value": "71.67243195"}, {"country": "AND - Andorra", "index": "GII - Gender Inequality Index", "indicator": "se_f - Population with at least some secondary education, female (% ages 25 and older)", "year": "2016", "value": "71.48384094"}, {"country": "AND - Andorra", "index": "GII - Gender Inequality Index", "indicator": "se_f - Population with at least some secondary education, female (% ages 25 and older)", "year": "2017", "value": "71.21013207"}, {"country": "AND - Andorra", "index": "GII - Gender Inequality Index", "indicator": "se_f - Population with at least some secondary education, female (% ages 25 and older)", "year": "2018", "value": "70.93747121"}, {"country": "AND - Andorra", "index": "GII - Gender Inequality Index", "indicator": "se_f - Population with at least some secondary education, female (% ages 25 and older)", "year": "2019", "value": "70.66585436"}, {"country": "AND - Andorra", "index": "GII - Gender Inequality Index", "indicator": "se_f - Population with at least some secondary education, female (% ages 25 and older)", "year": "2020", "value": "70.66585436"}, {"country": "AND - Andorra", "index": "GII - Gender Inequality Index", "indicator": "se_f - Population with at least some secondary education, female (% ages 25 and older)", "year": "2021", "value": "70.66585436"}, {"country": "AND - Andorra", "index": "GII - Gender Inequality Index", "indicator": "se_m - Population with at least some secondary education, male (% ages 25 and older)", "year": "2010", "value": "74.66520354"}, {"country": "AND - Andorra", "index": "GII - Gender Inequality Index", "indicator": "se_m - Population with at least some secondary education, male (% ages 25 and older)", "year": "2011", "value": "74.41258821"}, {"country": "AND - Andorra", "index": "GII - Gender Inequality Index", "indicator": "se_m - Population with at least some secondary education, male (% ages 25 and older)", "year": "2012", "value": "74.16082755"}, {"country": "AND - Andorra", "index": "GII - Gender Inequality Index", "indicator": "se_m - Population with at least some secondary education, male (% ages 25 and older)", "year": "2013", "value": "73.90991868"}, {"country": "AND - Andorra", "index": "GII - Gender Inequality Index", "indicator": "se_m - Population with at least some secondary education, male (% ages 25 and older)", "year": "2014", "value": "73.6598587"}, {"country": "AND - Andorra", "index": "GII - Gender Inequality Index", "indicator": "se_m - Population with at least some secondary education, male (% ages 25 and older)", "year": "2015", "value": "73.32657623"}, {"country": "AND - Andorra", "index": "GII - Gender Inequality Index", "indicator": "se_m - Population with at least some secondary education, male (% ages 25 and older)", "year": "2016", "value": "73.16217804"}, {"country": "AND - Andorra", "index": "GII - Gender Inequality Index", "indicator": "se_m - Population with at least some secondary education, male (% ages 25 and older)", "year": "2017", "value": "72.9146479"}, {"country": "AND - Andorra", "index": "GII - Gender Inequality Index", "indicator": "se_m - Population with at least some secondary education, male (% ages 25 and older)", "year": "2018", "value": "72.66795524"}, {"country": "AND - Andorra", "index": "GII - Gender Inequality Index", "indicator": "se_m - Population with at least some secondary education, male (% ages 25 and older)", "year": "2019", "value": "72.42209721"}, {"country": "AND - Andorra", "index": "GII - Gender Inequality Index", "indicator": "se_m - Population with at least some secondary education, male (% ages 25 and older)", "year": "2020", "value": "72.42209721"}, {"country": "AND - Andorra", "index": "GII - Gender Inequality Index", "indicator": "se_m - Population with at least some secondary education, male (% ages 25 and older)", "year": "2021", "value": "72.42209721"}]