[{"country": "FSM - Micronesia (Federated States of)", "index": "GII - Gender Inequality Index", "indicator": "abr - Adolescent Birth Rate (births per 1,000 women ages 15-19)", "year": "1990", "value": "61.067"}, {"country": "FSM - Micronesia (Federated States of)", "index": "GII - Gender Inequality Index", "indicator": "abr - Adolescent Birth Rate (births per 1,000 women ages 15-19)", "year": "1991", "value": "59.185"}, {"country": "FSM - Micronesia (Federated States of)", "index": "GII - Gender Inequality Index", "indicator": "abr - Adolescent Birth Rate (births per 1,000 women ages 15-19)", "year": "1992", "value": "57.146"}, {"country": "FSM - Micronesia (Federated States of)", "index": "GII - Gender Inequality Index", "indicator": "abr - Adolescent Birth Rate (births per 1,000 women ages 15-19)", "year": "1993", "value": "57.401"}, {"country": "FSM - Micronesia (Federated States of)", "index": "GII - Gender Inequality Index", "indicator": "abr - Adolescent Birth Rate (births per 1,000 women ages 15-19)", "year": "1994", "value": "57.537"}, {"country": "FSM - Micronesia (Federated States of)", "index": "GII - Gender Inequality Index", "indicator": "abr - Adolescent Birth Rate (births per 1,000 women ages 15-19)", "year": "1995", "value": "58.715"}, {"country": "FSM - Micronesia (Federated States of)", "index": "GII - Gender Inequality Index", "indicator": "abr - Adolescent Birth Rate (births per 1,000 women ages 15-19)", "year": "1996", "value": "60.84"}, {"country": "FSM - Micronesia (Federated States of)", "index": "GII - Gender Inequality Index", "indicator": "abr - Adolescent Birth Rate (births per 1,000 women ages 15-19)", "year": "1997", "value": "62.413"}, {"country": "FSM - Micronesia (Federated States of)", "index": "GII - Gender Inequality Index", "indicator": "abr - Adolescent Birth Rate (births per 1,000 women ages 15-19)", "year": "1998", "value": "64.181"}, {"country": "FSM - Micronesia (Federated States of)", "index": "GII - Gender Inequality Index", "indicator": "abr - Adolescent Birth Rate (births per 1,000 women ages 15-19)", "year": "1999", "value": "62.109"}, {"country": "FSM - Micronesia (Federated States of)", "index": "GII - Gender Inequality Index", "indicator": "abr - Adolescent Birth Rate (births per 1,000 women ages 15-19)", "year": "2000", "value": "65.191"}, {"country": "FSM - Micronesia (Federated States of)", "index": "GII - Gender Inequality Index", "indicator": "abr - Adolescent Birth Rate (births per 1,000 women ages 15-19)", "year": "2001", "value": "61.489"}, {"country": "FSM - Micronesia (Federated States of)", "index": "GII - Gender Inequality Index", "indicator": "abr - Adolescent Birth Rate (births per 1,000 women ages 15-19)", "year": "2002", "value": "53.599"}, {"country": "FSM - Micronesia (Federated States of)", "index": "GII - Gender Inequality Index", "indicator": "abr - Adolescent Birth Rate (births per 1,000 women ages 15-19)", "year": "2003", "value": "53.951"}, {"country": "FSM - Micronesia (Federated States of)", "index": "GII - Gender Inequality Index", "indicator": "abr - Adolescent Birth Rate (births per 1,000 women ages 15-19)", "year": "2004", "value": "50.712"}, {"country": "FSM - Micronesia (Federated States of)", "index": "GII - Gender Inequality Index", "indicator": "abr - Adolescent Birth Rate (births per 1,000 women ages 15-19)", "year": "2005", "value": "48.848"}, {"country": "FSM - Micronesia (Federated States of)", "index": "GII - Gender Inequality Index", "indicator": "abr - Adolescent Birth Rate (births per 1,000 women ages 15-19)", "year": "2006", "value": "46.266"}, {"country": "FSM - Micronesia (Federated States of)", "index": "GII - Gender Inequality Index", "indicator": "abr - Adolescent Birth Rate (births per 1,000 women ages 15-19)", "year": "2007", "value": "44.012"}, {"country": "FSM - Micronesia (Federated States of)", "index": "GII - Gender Inequality Index", "indicator": "abr - Adolescent Birth Rate (births per 1,000 women ages 15-19)", "year": "2008", "value": "41.98"}, {"country": "FSM - Micronesia (Federated States of)", "index": "GII - Gender Inequality Index", "indicator": "abr - Adolescent Birth Rate (births per 1,000 women ages 15-19)", "year": "2009", "value": "40.935"}, {"country": "FSM - Micronesia (Federated States of)", "index": "GII - Gender Inequality Index", "indicator": "abr - Adolescent Birth Rate (births per 1,000 women ages 15-19)", "year": "2010", "value": "40.525"}, {"country": "FSM - Micronesia (Federated States of)", "index": "GII - Gender Inequality Index", "indicator": "abr - Adolescent Birth Rate (births per 1,000 women ages 15-19)", "year": "2011", "value": "40.542"}, {"country": "FSM - Micronesia (Federated States of)", "index": "GII - Gender Inequality Index", "indicator": "abr - Adolescent Birth Rate (births per 1,000 women ages 15-19)", "year": "2012", "value": "39.668"}, {"country": "FSM - Micronesia (Federated States of)", "index": "GII - Gender Inequality Index", "indicator": "abr - Adolescent Birth Rate (births per 1,000 women ages 15-19)", "year": "2013", "value": "39.179"}, {"country": "FSM - Micronesia (Federated States of)", "index": "GII - Gender Inequality Index", "indicator": "abr - Adolescent Birth Rate (births per 1,000 women ages 15-19)", "year": "2014", "value": "38.521"}, {"country": "FSM - Micronesia (Federated States of)", "index": "GII - Gender Inequality Index", "indicator": "abr - Adolescent Birth Rate (births per 1,000 women ages 15-19)", "year": "2015", "value": "37.951"}, {"country": "FSM - Micronesia (Federated States of)", "index": "GII - Gender Inequality Index", "indicator": "abr - Adolescent Birth Rate (births per 1,000 women ages 15-19)", "year": "2016", "value": "38.522"}, {"country": "FSM - Micronesia (Federated States of)", "index": "GII - Gender Inequality Index", "indicator": "abr - Adolescent Birth Rate (births per 1,000 women ages 15-19)", "year": "2017", "value": "38.378"}, {"country": "FSM - Micronesia (Federated States of)", "index": "GII - Gender Inequality Index", "indicator": "abr - Adolescent Birth Rate (births per 1,000 women ages 15-19)", "year": "2018", "value": "37.578"}, {"country": "FSM - Micronesia (Federated States of)", "index": "GII - Gender Inequality Index", "indicator": "abr - Adolescent Birth Rate (births per 1,000 women ages 15-19)", "year": "2019", "value": "37.013"}, {"country": "FSM - Micronesia (Federated States of)", "index": "GII - Gender Inequality Index", "indicator": "abr - Adolescent Birth Rate (births per 1,000 women ages 15-19)", "year": "2020", "value": "36.125"}, {"country": "FSM - Micronesia (Federated States of)", "index": "GII - Gender Inequality Index", "indicator": "abr - Adolescent Birth Rate (births per 1,000 women ages 15-19)", "year": "2021", "value": "35.835"}, {"country": "FSM - Micronesia (Federated States of)", "index": "PHDI - Planetary pressures\u2013adjusted Human Development Index", "indicator": "co2_prod - Carbon dioxide emissions per capita (production) (tonnes)", "year": "1992", "value": "1.011845466"}, {"country": "FSM - Micronesia (Federated States of)", "index": "PHDI - Planetary pressures\u2013adjusted Human Development Index", "indicator": "co2_prod - Carbon dioxide emissions per capita (production) (tonnes)", "year": "1993", "value": "0.987249194"}, {"country": "FSM - Micronesia (Federated States of)", "index": "PHDI - Planetary pressures\u2013adjusted Human Development Index", "indicator": "co2_prod - Carbon dioxide emissions per capita (production) (tonnes)", "year": "1994", "value": "1.002169197"}, {"country": "FSM - Micronesia (Federated States of)", "index": "PHDI - Planetary pressures\u2013adjusted Human Development Index", "indicator": "co2_prod - Carbon dioxide emissions per capita (production) (tonnes)", "year": "1995", "value": "1.056273191"}, {"country": "FSM - Micronesia (Federated States of)", "index": "PHDI - Planetary pressures\u2013adjusted Human Development Index", "indicator": "co2_prod - Carbon dioxide emissions per capita (production) (tonnes)", "year": "1996", "value": "1.048550143"}, {"country": "FSM - Micronesia (Federated States of)", "index": "PHDI - Planetary pressures\u2013adjusted Human Development Index", "indicator": "co2_prod - Carbon dioxide emissions per capita (production) (tonnes)", "year": "1997", "value": "1.114583333"}, {"country": "FSM - Micronesia (Federated States of)", "index": "PHDI - Planetary pressures\u2013adjusted Human Development Index", "indicator": "co2_prod - Carbon dioxide emissions per capita (production) (tonnes)", "year": "1998", "value": "1.117385036"}, {"country": "FSM - Micronesia (Federated States of)", "index": "PHDI - Planetary pressures\u2013adjusted Human Development Index", "indicator": "co2_prod - Carbon dioxide emissions per capita (production) (tonnes)", "year": "1999", "value": "1.155862351"}, {"country": "FSM - Micronesia (Federated States of)", "index": "PHDI - Planetary pressures\u2013adjusted Human Development Index", "indicator": "co2_prod - Carbon dioxide emissions per capita (production) (tonnes)", "year": "2000", "value": "1.194018733"}, {"country": "FSM - Micronesia (Federated States of)", "index": "PHDI - Planetary pressures\u2013adjusted Human Development Index", "indicator": "co2_prod - Carbon dioxide emissions per capita (production) (tonnes)", "year": "2001", "value": "1.333358215"}, {"country": "FSM - Micronesia (Federated States of)", "index": "PHDI - Planetary pressures\u2013adjusted Human Development Index", "indicator": "co2_prod - Carbon dioxide emissions per capita (production) (tonnes)", "year": "2002", "value": "1.266654209"}, {"country": "FSM - Micronesia (Federated States of)", "index": "PHDI - Planetary pressures\u2013adjusted Human Development Index", "indicator": "co2_prod - Carbon dioxide emissions per capita (production) (tonnes)", "year": "2003", "value": "1.37098811"}, {"country": "FSM - Micronesia (Federated States of)", "index": "PHDI - Planetary pressures\u2013adjusted Human Development Index", "indicator": "co2_prod - Carbon dioxide emissions per capita (production) (tonnes)", "year": "2004", "value": "1.34021102"}, {"country": "FSM - Micronesia (Federated States of)", "index": "PHDI - Planetary pressures\u2013adjusted Human Development Index", "indicator": "co2_prod - Carbon dioxide emissions per capita (production) (tonnes)", "year": "2005", "value": "1.139273903"}, {"country": "FSM - Micronesia (Federated States of)", "index": "PHDI - Planetary pressures\u2013adjusted Human Development Index", "indicator": "co2_prod - Carbon dioxide emissions per capita (production) (tonnes)", "year": "2006", "value": "1.147469418"}, {"country": "FSM - Micronesia (Federated States of)", "index": "PHDI - Planetary pressures\u2013adjusted Human Development Index", "indicator": "co2_prod - Carbon dioxide emissions per capita (production) (tonnes)", "year": "2007", "value": "1.262877714"}, {"country": "FSM - Micronesia (Federated States of)", "index": "PHDI - Planetary pressures\u2013adjusted Human Development Index", "indicator": "co2_prod - Carbon dioxide emissions per capita (production) (tonnes)", "year": "2008", "value": "1.061587939"}, {"country": "FSM - Micronesia (Federated States of)", "index": "PHDI - Planetary pressures\u2013adjusted Human Development Index", "indicator": "co2_prod - Carbon dioxide emissions per capita (production) (tonnes)", "year": "2009", "value": "1.423258072"}, {"country": "FSM - Micronesia (Federated States of)", "index": "PHDI - Planetary pressures\u2013adjusted Human Development Index", "indicator": "co2_prod - Carbon dioxide emissions per capita (production) (tonnes)", "year": "2010", "value": "0.9968808"}, {"country": "FSM - Micronesia (Federated States of)", "index": "PHDI - Planetary pressures\u2013adjusted Human Development Index", "indicator": "co2_prod - Carbon dioxide emissions per capita (production) (tonnes)", "year": "2011", "value": "1.133397777"}, {"country": "FSM - Micronesia (Federated States of)", "index": "PHDI - Planetary pressures\u2013adjusted Human Development Index", "indicator": "co2_prod - Carbon dioxide emissions per capita (production) (tonnes)", "year": "2012", "value": "1.192084665"}, {"country": "FSM - Micronesia (Federated States of)", "index": "PHDI - Planetary pressures\u2013adjusted Human Development Index", "indicator": "co2_prod - Carbon dioxide emissions per capita (production) (tonnes)", "year": "2013", "value": "1.279855748"}, {"country": "FSM - Micronesia (Federated States of)", "index": "PHDI - Planetary pressures\u2013adjusted Human Development Index", "indicator": "co2_prod - Carbon dioxide emissions per capita (production) (tonnes)", "year": "2014", "value": "1.261750088"}, {"country": "FSM - Micronesia (Federated States of)", "index": "PHDI - Planetary pressures\u2013adjusted Human Development Index", "indicator": "co2_prod - Carbon dioxide emissions per capita (production) (tonnes)", "year": "2015", "value": "1.312273291"}, {"country": "FSM - Micronesia (Federated States of)", "index": "PHDI - Planetary pressures\u2013adjusted Human Development Index", "indicator": "co2_prod - Carbon dioxide emissions per capita (production) (tonnes)", "year": "2016", "value": "1.29655673"}, {"country": "FSM - Micronesia (Federated States of)", "index": "PHDI - Planetary pressures\u2013adjusted Human Development Index", "indicator": "co2_prod - Carbon dioxide emissions per capita (production) (tonnes)", "year": "2017", "value": "1.282085789"}, {"country": "FSM - Micronesia (Federated States of)", "index": "PHDI - Planetary pressures\u2013adjusted Human Development Index", "indicator": "co2_prod - Carbon dioxide emissions per capita (production) (tonnes)", "year": "2018", "value": "1.268643466"}, {"country": "FSM - Micronesia (Federated States of)", "index": "PHDI - Planetary pressures\u2013adjusted Human Development Index", "indicator": "co2_prod - Carbon dioxide emissions per capita (production) (tonnes)", "year": "2019", "value": "1.294117647"}, {"country": "FSM - Micronesia (Federated States of)", "index": "PHDI - Planetary pressures\u2013adjusted Human Development Index", "indicator": "co2_prod - Carbon dioxide emissions per capita (production) (tonnes)", "year": "2020", "value": "1.282352225"}, {"country": "FSM - Micronesia (Federated States of)", "index": "PHDI - Planetary pressures\u2013adjusted Human Development Index", "indicator": "co2_prod - Carbon dioxide emissions per capita (production) (tonnes)", "year": "2021", "value": "1.282352225"}, {"country": "FSM - Micronesia (Federated States of)", "index": "HDI - Human Development Index", "indicator": "eys - Expected Years of Schooling (years)", "year": "2000", "value": "10.05416"}, {"country": "FSM - Micronesia (Federated States of)", "index": "HDI - Human Development Index", "indicator": "eys - Expected Years of Schooling (years)", "year": "2001", "value": "10.216853"}, {"country": "FSM - Micronesia (Federated States of)", "index": "HDI - Human Development Index", "indicator": "eys - Expected Years of Schooling (years)", "year": "2002", "value": "10.379546"}, {"country": "FSM - Micronesia (Federated States of)", "index": "HDI - Human Development Index", "indicator": "eys - Expected Years of Schooling (years)", "year": "2003", "value": "10.542239"}, {"country": "FSM - Micronesia (Federated States of)", "index": "HDI - Human Development Index", "indicator": "eys - Expected Years of Schooling (years)", "year": "2004", "value": "10.704932"}, {"country": "FSM - Micronesia (Federated States of)", "index": "HDI - Human Development Index", "indicator": "eys - Expected Years of Schooling (years)", "year": "2005", "value": "10.867625"}, {"country": "FSM - Micronesia (Federated States of)", "index": "HDI - Human Development Index", "indicator": "eys - Expected Years of Schooling (years)", "year": "2006", "value": "11.030318"}, {"country": "FSM - Micronesia (Federated States of)", "index": "HDI - Human Development Index", "indicator": "eys - Expected Years of Schooling (years)", "year": "2007", "value": "11.193011"}, {"country": "FSM - Micronesia (Federated States of)", "index": "HDI - Human Development Index", "indicator": "eys - Expected Years of Schooling (years)", "year": "2008", "value": "11.355704"}, {"country": "FSM - Micronesia (Federated States of)", "index": "HDI - Human Development Index", "indicator": "eys - Expected Years of Schooling (years)", "year": "2009", "value": "11.1116645"}, {"country": "FSM - Micronesia (Federated States of)", "index": "HDI - Human Development Index", "indicator": "eys - Expected Years of Schooling (years)", "year": "2010", "value": "11.17267438"}, {"country": "FSM - Micronesia (Federated States of)", "index": "HDI - Human Development Index", "indicator": "eys - Expected Years of Schooling (years)", "year": "2011", "value": "11.20826347"}, {"country": "FSM - Micronesia (Federated States of)", "index": "HDI - Human Development Index", "indicator": "eys - Expected Years of Schooling (years)", "year": "2012", "value": "11.21207659"}, {"country": "FSM - Micronesia (Federated States of)", "index": "HDI - Human Development Index", "indicator": "eys - Expected Years of Schooling (years)", "year": "2013", "value": "11.17616973"}, {"country": "FSM - Micronesia (Federated States of)", "index": "HDI - Human Development Index", "indicator": "eys - Expected Years of Schooling (years)", "year": "2014", "value": "11.19229604"}, {"country": "FSM - Micronesia (Federated States of)", "index": "HDI - Human Development Index", "indicator": "eys - Expected Years of Schooling (years)", "year": "2015", "value": "11.084"}, {"country": "FSM - Micronesia (Federated States of)", "index": "HDI - Human Development Index", "indicator": "eys - Expected Years of Schooling (years)", "year": "2016", "value": "11.25026"}, {"country": "FSM - Micronesia (Federated States of)", "index": "HDI - Human Development Index", "indicator": "eys - Expected Years of Schooling (years)", "year": "2017", "value": "11.4190139"}, {"country": "FSM - Micronesia (Federated States of)", "index": "HDI - Human Development Index", "indicator": "eys - Expected Years of Schooling (years)", "year": "2018", "value": "11.54947988"}, {"country": "FSM - Micronesia (Federated States of)", "index": "HDI - Human Development Index", "indicator": "eys - Expected Years of Schooling (years)", "year": "2019", "value": "11.54947988"}, {"country": "FSM - Micronesia (Federated States of)", "index": "HDI - Human Development Index", "indicator": "eys - Expected Years of Schooling (years)", "year": "2020", "value": "11.54947988"}, {"country": "FSM - Micronesia (Federated States of)", "index": "HDI - Human Development Index", "indicator": "eys - Expected Years of Schooling (years)", "year": "2021", "value": "11.54947988"}, {"country": "FSM - Micronesia (Federated States of)", "index": "HDI - Human Development Index", "indicator": "gnipc - Gross National Income Per Capita (2017 PPP$)", "year": "1990", "value": "3403.066742"}, {"country": "FSM - Micronesia (Federated States of)", "index": "HDI - Human Development Index", "indicator": "gnipc - Gross National Income Per Capita (2017 PPP$)", "year": "1991", "value": "3564.224037"}, {"country": "FSM - Micronesia (Federated States of)", "index": "HDI - Human Development Index", "indicator": "gnipc - Gross National Income Per Capita (2017 PPP$)", "year": "1992", "value": "3611.756334"}, {"country": "FSM - Micronesia (Federated States of)", "index": "HDI - Human Development Index", "indicator": "gnipc - Gross National Income Per Capita (2017 PPP$)", "year": "1993", "value": "3811.234761"}, {"country": "FSM - Micronesia (Federated States of)", "index": "HDI - Human Development Index", "indicator": "gnipc - Gross National Income Per Capita (2017 PPP$)", "year": "1994", "value": "3714.745324"}, {"country": "FSM - Micronesia (Federated States of)", "index": "HDI - Human Development Index", "indicator": "gnipc - Gross National Income Per Capita (2017 PPP$)", "year": "1995", "value": "3919.678535"}, {"country": "FSM - Micronesia (Federated States of)", "index": "HDI - Human Development Index", "indicator": "gnipc - Gross National Income Per Capita (2017 PPP$)", "year": "1996", "value": "3767.750751"}, {"country": "FSM - Micronesia (Federated States of)", "index": "HDI - Human Development Index", "indicator": "gnipc - Gross National Income Per Capita (2017 PPP$)", "year": "1997", "value": "3534.103801"}, {"country": "FSM - Micronesia (Federated States of)", "index": "HDI - Human Development Index", "indicator": "gnipc - Gross National Income Per Capita (2017 PPP$)", "year": "1998", "value": "3643.813025"}, {"country": "FSM - Micronesia (Federated States of)", "index": "HDI - Human Development Index", "indicator": "gnipc - Gross National Income Per Capita (2017 PPP$)", "year": "1999", "value": "3708.873621"}, {"country": "FSM - Micronesia (Federated States of)", "index": "HDI - Human Development Index", "indicator": "gnipc - Gross National Income Per Capita (2017 PPP$)", "year": "2000", "value": "3901.334129"}, {"country": "FSM - Micronesia (Federated States of)", "index": "HDI - Human Development Index", "indicator": "gnipc - Gross National Income Per Capita (2017 PPP$)", "year": "2001", "value": "3994.639735"}, {"country": "FSM - Micronesia (Federated States of)", "index": "HDI - Human Development Index", "indicator": "gnipc - Gross National Income Per Capita (2017 PPP$)", "year": "2002", "value": "4021.8568"}, {"country": "FSM - Micronesia (Federated States of)", "index": "HDI - Human Development Index", "indicator": "gnipc - Gross National Income Per Capita (2017 PPP$)", "year": "2003", "value": "4089.861687"}, {"country": "FSM - Micronesia (Federated States of)", "index": "HDI - Human Development Index", "indicator": "gnipc - Gross National Income Per Capita (2017 PPP$)", "year": "2004", "value": "3974.222704"}, {"country": "FSM - Micronesia (Federated States of)", "index": "HDI - Human Development Index", "indicator": "gnipc - Gross National Income Per Capita (2017 PPP$)", "year": "2005", "value": "4074.055525"}, {"country": "FSM - Micronesia (Federated States of)", "index": "HDI - Human Development Index", "indicator": "gnipc - Gross National Income Per Capita (2017 PPP$)", "year": "2006", "value": "4100.151841"}, {"country": "FSM - Micronesia (Federated States of)", "index": "HDI - Human Development Index", "indicator": "gnipc - Gross National Income Per Capita (2017 PPP$)", "year": "2007", "value": "4060.781798"}, {"country": "FSM - Micronesia (Federated States of)", "index": "HDI - Human Development Index", "indicator": "gnipc - Gross National Income Per Capita (2017 PPP$)", "year": "2008", "value": "3997.154642"}, {"country": "FSM - Micronesia (Federated States of)", "index": "HDI - Human Development Index", "indicator": "gnipc - Gross National Income Per Capita (2017 PPP$)", "year": "2009", "value": "4063.529719"}, {"country": "FSM - Micronesia (Federated States of)", "index": "HDI - Human Development Index", "indicator": "gnipc - Gross National Income Per Capita (2017 PPP$)", "year": "2010", "value": "4157.561384"}, {"country": "FSM - Micronesia (Federated States of)", "index": "HDI - Human Development Index", "indicator": "gnipc - Gross National Income Per Capita (2017 PPP$)", "year": "2011", "value": "4268.065578"}, {"country": "FSM - Micronesia (Federated States of)", "index": "HDI - Human Development Index", "indicator": "gnipc - Gross National Income Per Capita (2017 PPP$)", "year": "2012", "value": "4145.985992"}, {"country": "FSM - Micronesia (Federated States of)", "index": "HDI - Human Development Index", "indicator": "gnipc - Gross National Income Per Capita (2017 PPP$)", "year": "2013", "value": "3940.037944"}, {"country": "FSM - Micronesia (Federated States of)", "index": "HDI - Human Development Index", "indicator": "gnipc - Gross National Income Per Capita (2017 PPP$)", "year": "2014", "value": "3794.663738"}, {"country": "FSM - Micronesia (Federated States of)", "index": "HDI - Human Development Index", "indicator": "gnipc - Gross National Income Per Capita (2017 PPP$)", "year": "2015", "value": "3917.472512"}, {"country": "FSM - Micronesia (Federated States of)", "index": "HDI - Human Development Index", "indicator": "gnipc - Gross National Income Per Capita (2017 PPP$)", "year": "2016", "value": "3905.073744"}, {"country": "FSM - Micronesia (Federated States of)", "index": "HDI - Human Development Index", "indicator": "gnipc - Gross National Income Per Capita (2017 PPP$)", "year": "2017", "value": "3964.990171"}, {"country": "FSM - Micronesia (Federated States of)", "index": "HDI - Human Development Index", "indicator": "gnipc - Gross National Income Per Capita (2017 PPP$)", "year": "2018", "value": "3931.792925"}, {"country": "FSM - Micronesia (Federated States of)", "index": "HDI - Human Development Index", "indicator": "gnipc - Gross National Income Per Capita (2017 PPP$)", "year": "2019", "value": "3937.054173"}, {"country": "FSM - Micronesia (Federated States of)", "index": "HDI - Human Development Index", "indicator": "gnipc - Gross National Income Per Capita (2017 PPP$)", "year": "2020", "value": "3826.862912"}, {"country": "FSM - Micronesia (Federated States of)", "index": "HDI - Human Development Index", "indicator": "gnipc - Gross National Income Per Capita (2017 PPP$)", "year": "2021", "value": "3696.173945"}, {"country": "FSM - Micronesia (Federated States of)", "index": "HDI - Human Development Index", "indicator": "hdi - Human Development Index (value)", "year": "2000", "value": "0.572"}, {"country": "FSM - Micronesia (Federated States of)", "index": "HDI - Human Development Index", "indicator": "hdi - Human Development Index (value)", "year": "2001", "value": "0.581"}, {"country": "FSM - Micronesia (Federated States of)", "index": "HDI - Human Development Index", "indicator": "hdi - Human Development Index (value)", "year": "2002", "value": "0.582"}, {"country": "FSM - Micronesia (Federated States of)", "index": "HDI - Human Development Index", "indicator": "hdi - Human Development Index (value)", "year": "2003", "value": "0.594"}, {"country": "FSM - Micronesia (Federated States of)", "index": "HDI - Human Development Index", "indicator": "hdi - Human Development Index (value)", "year": "2004", "value": "0.597"}, {"country": "FSM - Micronesia (Federated States of)", "index": "HDI - Human Development Index", "indicator": "hdi - Human Development Index (value)", "year": "2005", "value": "0.604"}, {"country": "FSM - Micronesia (Federated States of)", "index": "HDI - Human Development Index", "indicator": "hdi - Human Development Index (value)", "year": "2006", "value": "0.61"}, {"country": "FSM - Micronesia (Federated States of)", "index": "HDI - Human Development Index", "indicator": "hdi - Human Development Index (value)", "year": "2007", "value": "0.614"}, {"country": "FSM - Micronesia (Federated States of)", "index": "HDI - Human Development Index", "indicator": "hdi - Human Development Index (value)", "year": "2008", "value": "0.618"}, {"country": "FSM - Micronesia (Federated States of)", "index": "HDI - Human Development Index", "indicator": "hdi - Human Development Index (value)", "year": "2009", "value": "0.62"}, {"country": "FSM - Micronesia (Federated States of)", "index": "HDI - Human Development Index", "indicator": "hdi - Human Development Index (value)", "year": "2010", "value": "0.625"}, {"country": "FSM - Micronesia (Federated States of)", "index": "HDI - Human Development Index", "indicator": "hdi - Human Development Index (value)", "year": "2011", "value": "0.628"}, {"country": "FSM - Micronesia (Federated States of)", "index": "HDI - Human Development Index", "indicator": "hdi - Human Development Index (value)", "year": "2012", "value": "0.628"}, {"country": "FSM - Micronesia (Federated States of)", "index": "HDI - Human Development Index", "indicator": "hdi - Human Development Index (value)", "year": "2013", "value": "0.626"}, {"country": "FSM - Micronesia (Federated States of)", "index": "HDI - Human Development Index", "indicator": "hdi - Human Development Index (value)", "year": "2014", "value": "0.625"}, {"country": "FSM - Micronesia (Federated States of)", "index": "HDI - Human Development Index", "indicator": "hdi - Human Development Index (value)", "year": "2015", "value": "0.626"}, {"country": "FSM - Micronesia (Federated States of)", "index": "HDI - Human Development Index", "indicator": "hdi - Human Development Index (value)", "year": "2016", "value": "0.629"}, {"country": "FSM - Micronesia (Federated States of)", "index": "HDI - Human Development Index", "indicator": "hdi - Human Development Index (value)", "year": "2017", "value": "0.632"}, {"country": "FSM - Micronesia (Federated States of)", "index": "HDI - Human Development Index", "indicator": "hdi - Human Development Index (value)", "year": "2018", "value": "0.633"}, {"country": "FSM - Micronesia (Federated States of)", "index": "HDI - Human Development Index", "indicator": "hdi - Human Development Index (value)", "year": "2019", "value": "0.633"}, {"country": "FSM - Micronesia (Federated States of)", "index": "HDI - Human Development Index", "indicator": "hdi - Human Development Index (value)", "year": "2020", "value": "0.629"}, {"country": "FSM - Micronesia (Federated States of)", "index": "HDI - Human Development Index", "indicator": "hdi - Human Development Index (value)", "year": "2021", "value": "0.628"}, {"country": "FSM - Micronesia (Federated States of)", "index": "HDI - Human Development Index", "indicator": "hdi_rank - HDI Rank", "year": "2021", "value": "134"}, {"country": "FSM - Micronesia (Federated States of)", "index": "IHDI - Inequality-adjusted Human Development Index", "indicator": "ineq_inc - Inequality in income", "year": "2013", "value": "26.38098943"}, {"country": "FSM - Micronesia (Federated States of)", "index": "IHDI - Inequality-adjusted Human Development Index", "indicator": "ineq_inc - Inequality in income", "year": "2014", "value": "26.38098943"}, {"country": "FSM - Micronesia (Federated States of)", "index": "IHDI - Inequality-adjusted Human Development Index", "indicator": "ineq_inc - Inequality in income", "year": "2015", "value": "26.38098943"}, {"country": "FSM - Micronesia (Federated States of)", "index": "IHDI - Inequality-adjusted Human Development Index", "indicator": "ineq_inc - Inequality in income", "year": "2016", "value": "26.38098943"}, {"country": "FSM - Micronesia (Federated States of)", "index": "IHDI - Inequality-adjusted Human Development Index", "indicator": "ineq_inc - Inequality in income", "year": "2017", "value": "26.38098943"}, {"country": "FSM - Micronesia (Federated States of)", "index": "IHDI - Inequality-adjusted Human Development Index", "indicator": "ineq_inc - Inequality in income", "year": "2018", "value": "26.38098943"}, {"country": "FSM - Micronesia (Federated States of)", "index": "IHDI - Inequality-adjusted Human Development Index", "indicator": "ineq_inc - Inequality in income", "year": "2019", "value": "26.38098943"}, {"country": "FSM - Micronesia (Federated States of)", "index": "IHDI - Inequality-adjusted Human Development Index", "indicator": "ineq_inc - Inequality in income", "year": "2020", "value": "26.38098943"}, {"country": "FSM - Micronesia (Federated States of)", "index": "IHDI - Inequality-adjusted Human Development Index", "indicator": "ineq_inc - Inequality in income", "year": "2021", "value": "26.38098943"}, {"country": "FSM - Micronesia (Federated States of)", "index": "IHDI - Inequality-adjusted Human Development Index", "indicator": "ineq_le - Inequality in life expectancy", "year": "2010", "value": "17.16838837"}, {"country": "FSM - Micronesia (Federated States of)", "index": "IHDI - Inequality-adjusted Human Development Index", "indicator": "ineq_le - Inequality in life expectancy", "year": "2011", "value": "16.92874336"}, {"country": "FSM - Micronesia (Federated States of)", "index": "IHDI - Inequality-adjusted Human Development Index", "indicator": "ineq_le - Inequality in life expectancy", "year": "2012", "value": "16.64819527"}, {"country": "FSM - Micronesia (Federated States of)", "index": "IHDI - Inequality-adjusted Human Development Index", "indicator": "ineq_le - Inequality in life expectancy", "year": "2013", "value": "16.34120369"}, {"country": "FSM - Micronesia (Federated States of)", "index": "IHDI - Inequality-adjusted Human Development Index", "indicator": "ineq_le - Inequality in life expectancy", "year": "2014", "value": "16.0474472"}, {"country": "FSM - Micronesia (Federated States of)", "index": "IHDI - Inequality-adjusted Human Development Index", "indicator": "ineq_le - Inequality in life expectancy", "year": "2015", "value": "15.96376419"}, {"country": "FSM - Micronesia (Federated States of)", "index": "IHDI - Inequality-adjusted Human Development Index", "indicator": "ineq_le - Inequality in life expectancy", "year": "2016", "value": "15.40706635"}, {"country": "FSM - Micronesia (Federated States of)", "index": "IHDI - Inequality-adjusted Human Development Index", "indicator": "ineq_le - Inequality in life expectancy", "year": "2017", "value": "15.1004858"}, {"country": "FSM - Micronesia (Federated States of)", "index": "IHDI - Inequality-adjusted Human Development Index", "indicator": "ineq_le - Inequality in life expectancy", "year": "2018", "value": "14.79390144"}, {"country": "FSM - Micronesia (Federated States of)", "index": "IHDI - Inequality-adjusted Human Development Index", "indicator": "ineq_le - Inequality in life expectancy", "year": "2019", "value": "14.52069283"}, {"country": "FSM - Micronesia (Federated States of)", "index": "IHDI - Inequality-adjusted Human Development Index", "indicator": "ineq_le - Inequality in life expectancy", "year": "2020", "value": "14.27457428"}, {"country": "FSM - Micronesia (Federated States of)", "index": "IHDI - Inequality-adjusted Human Development Index", "indicator": "ineq_le - Inequality in life expectancy", "year": "2021", "value": "13.9006424"}, {"country": "FSM - Micronesia (Federated States of)", "index": "HDI - Human Development Index", "indicator": "le - Life Expectancy at Birth (years)", "year": "1990", "value": "67.425"}, {"country": "FSM - Micronesia (Federated States of)", "index": "HDI - Human Development Index", "indicator": "le - Life Expectancy at Birth (years)", "year": "1991", "value": "67.619"}, {"country": "FSM - Micronesia (Federated States of)", "index": "HDI - Human Development Index", "indicator": "le - Life Expectancy at Birth (years)", "year": "1992", "value": "67.832"}, {"country": "FSM - Micronesia (Federated States of)", "index": "HDI - Human Development Index", "indicator": "le - Life Expectancy at Birth (years)", "year": "1993", "value": "68.0589"}, {"country": "FSM - Micronesia (Federated States of)", "index": "HDI - Human Development Index", "indicator": "le - Life Expectancy at Birth (years)", "year": "1994", "value": "68.0954"}, {"country": "FSM - Micronesia (Federated States of)", "index": "HDI - Human Development Index", "indicator": "le - Life Expectancy at Birth (years)", "year": "1995", "value": "68.5528"}, {"country": "FSM - Micronesia (Federated States of)", "index": "HDI - Human Development Index", "indicator": "le - Life Expectancy at Birth (years)", "year": "1996", "value": "68.7764"}, {"country": "FSM - Micronesia (Federated States of)", "index": "HDI - Human Development Index", "indicator": "le - Life Expectancy at Birth (years)", "year": "1997", "value": "69.2293"}, {"country": "FSM - Micronesia (Federated States of)", "index": "HDI - Human Development Index", "indicator": "le - Life Expectancy at Birth (years)", "year": "1998", "value": "69.465"}, {"country": "FSM - Micronesia (Federated States of)", "index": "HDI - Human Development Index", "indicator": "le - Life Expectancy at Birth (years)", "year": "1999", "value": "69.7064"}, {"country": "FSM - Micronesia (Federated States of)", "index": "HDI - Human Development Index", "indicator": "le - Life Expectancy at Birth (years)", "year": "2000", "value": "69.769"}, {"country": "FSM - Micronesia (Federated States of)", "index": "HDI - Human Development Index", "indicator": "le - Life Expectancy at Birth (years)", "year": "2001", "value": "70.4791"}, {"country": "FSM - Micronesia (Federated States of)", "index": "HDI - Human Development Index", "indicator": "le - Life Expectancy at Birth (years)", "year": "2002", "value": "69.4595"}, {"country": "FSM - Micronesia (Federated States of)", "index": "HDI - Human Development Index", "indicator": "le - Life Expectancy at Birth (years)", "year": "2003", "value": "70.7605"}, {"country": "FSM - Micronesia (Federated States of)", "index": "HDI - Human Development Index", "indicator": "le - Life Expectancy at Birth (years)", "year": "2004", "value": "70.8382"}, {"country": "FSM - Micronesia (Federated States of)", "index": "HDI - Human Development Index", "indicator": "le - Life Expectancy at Birth (years)", "year": "2005", "value": "70.8844"}, {"country": "FSM - Micronesia (Federated States of)", "index": "HDI - Human Development Index", "indicator": "le - Life Expectancy at Birth (years)", "year": "2006", "value": "71.0932"}, {"country": "FSM - Micronesia (Federated States of)", "index": "HDI - Human Development Index", "indicator": "le - Life Expectancy at Birth (years)", "year": "2007", "value": "71.0599"}, {"country": "FSM - Micronesia (Federated States of)", "index": "HDI - Human Development Index", "indicator": "le - Life Expectancy at Birth (years)", "year": "2008", "value": "71.1373"}, {"country": "FSM - Micronesia (Federated States of)", "index": "HDI - Human Development Index", "indicator": "le - Life Expectancy at Birth (years)", "year": "2009", "value": "71.1122"}, {"country": "FSM - Micronesia (Federated States of)", "index": "HDI - Human Development Index", "indicator": "le - Life Expectancy at Birth (years)", "year": "2010", "value": "71.2328"}, {"country": "FSM - Micronesia (Federated States of)", "index": "HDI - Human Development Index", "indicator": "le - Life Expectancy at Birth (years)", "year": "2011", "value": "71.318"}, {"country": "FSM - Micronesia (Federated States of)", "index": "HDI - Human Development Index", "indicator": "le - Life Expectancy at Birth (years)", "year": "2012", "value": "71.3981"}, {"country": "FSM - Micronesia (Federated States of)", "index": "HDI - Human Development Index", "indicator": "le - Life Expectancy at Birth (years)", "year": "2013", "value": "71.4985"}, {"country": "FSM - Micronesia (Federated States of)", "index": "HDI - Human Development Index", "indicator": "le - Life Expectancy at Birth (years)", "year": "2014", "value": "71.5287"}, {"country": "FSM - Micronesia (Federated States of)", "index": "HDI - Human Development Index", "indicator": "le - Life Expectancy at Birth (years)", "year": "2015", "value": "71.4079"}, {"country": "FSM - Micronesia (Federated States of)", "index": "HDI - Human Development Index", "indicator": "le - Life Expectancy at Birth (years)", "year": "2016", "value": "71.5954"}, {"country": "FSM - Micronesia (Federated States of)", "index": "HDI - Human Development Index", "indicator": "le - Life Expectancy at Birth (years)", "year": "2017", "value": "71.4666"}, {"country": "FSM - Micronesia (Federated States of)", "index": "HDI - Human Development Index", "indicator": "le - Life Expectancy at Birth (years)", "year": "2018", "value": "71.3183"}, {"country": "FSM - Micronesia (Federated States of)", "index": "HDI - Human Development Index", "indicator": "le - Life Expectancy at Birth (years)", "year": "2019", "value": "71.0771"}, {"country": "FSM - Micronesia (Federated States of)", "index": "HDI - Human Development Index", "indicator": "le - Life Expectancy at Birth (years)", "year": "2020", "value": "70.674"}, {"country": "FSM - Micronesia (Federated States of)", "index": "HDI - Human Development Index", "indicator": "le - Life Expectancy at Birth (years)", "year": "2021", "value": "70.71"}, {"country": "FSM - Micronesia (Federated States of)", "index": "GDI - Gender Development Index", "indicator": "le_f - Life Expectancy at Birth, female (years)", "year": "1990", "value": "70.7757"}, {"country": "FSM - Micronesia (Federated States of)", "index": "GDI - Gender Development Index", "indicator": "le_f - Life Expectancy at Birth, female (years)", "year": "1991", "value": "70.9608"}, {"country": "FSM - Micronesia (Federated States of)", "index": "GDI - Gender Development Index", "indicator": "le_f - Life Expectancy at Birth, female (years)", "year": "1992", "value": "71.3276"}, {"country": "FSM - Micronesia (Federated States of)", "index": "GDI - Gender Development Index", "indicator": "le_f - Life Expectancy at Birth, female (years)", "year": "1993", "value": "71.4569"}, {"country": "FSM - Micronesia (Federated States of)", "index": "GDI - Gender Development Index", "indicator": "le_f - Life Expectancy at Birth, female (years)", "year": "1994", "value": "71.5419"}, {"country": "FSM - Micronesia (Federated States of)", "index": "GDI - Gender Development Index", "indicator": "le_f - Life Expectancy at Birth, female (years)", "year": "1995", "value": "71.9807"}, {"country": "FSM - Micronesia (Federated States of)", "index": "GDI - Gender Development Index", "indicator": "le_f - Life Expectancy at Birth, female (years)", "year": "1996", "value": "72.0648"}, {"country": "FSM - Micronesia (Federated States of)", "index": "GDI - Gender Development Index", "indicator": "le_f - Life Expectancy at Birth, female (years)", "year": "1997", "value": "72.5333"}, {"country": "FSM - Micronesia (Federated States of)", "index": "GDI - Gender Development Index", "indicator": "le_f - Life Expectancy at Birth, female (years)", "year": "1998", "value": "72.6964"}, {"country": "FSM - Micronesia (Federated States of)", "index": "GDI - Gender Development Index", "indicator": "le_f - Life Expectancy at Birth, female (years)", "year": "1999", "value": "72.8589"}, {"country": "FSM - Micronesia (Federated States of)", "index": "GDI - Gender Development Index", "indicator": "le_f - Life Expectancy at Birth, female (years)", "year": "2000", "value": "72.8112"}, {"country": "FSM - Micronesia (Federated States of)", "index": "GDI - Gender Development Index", "indicator": "le_f - Life Expectancy at Birth, female (years)", "year": "2001", "value": "73.4731"}, {"country": "FSM - Micronesia (Federated States of)", "index": "GDI - Gender Development Index", "indicator": "le_f - Life Expectancy at Birth, female (years)", "year": "2002", "value": "72.0929"}, {"country": "FSM - Micronesia (Federated States of)", "index": "GDI - Gender Development Index", "indicator": "le_f - Life Expectancy at Birth, female (years)", "year": "2003", "value": "73.7386"}, {"country": "FSM - Micronesia (Federated States of)", "index": "GDI - Gender Development Index", "indicator": "le_f - Life Expectancy at Birth, female (years)", "year": "2004", "value": "73.785"}, {"country": "FSM - Micronesia (Federated States of)", "index": "GDI - Gender Development Index", "indicator": "le_f - Life Expectancy at Birth, female (years)", "year": "2005", "value": "73.8838"}, {"country": "FSM - Micronesia (Federated States of)", "index": "GDI - Gender Development Index", "indicator": "le_f - Life Expectancy at Birth, female (years)", "year": "2006", "value": "73.9373"}, {"country": "FSM - Micronesia (Federated States of)", "index": "GDI - Gender Development Index", "indicator": "le_f - Life Expectancy at Birth, female (years)", "year": "2007", "value": "73.9532"}, {"country": "FSM - Micronesia (Federated States of)", "index": "GDI - Gender Development Index", "indicator": "le_f - Life Expectancy at Birth, female (years)", "year": "2008", "value": "74.2526"}, {"country": "FSM - Micronesia (Federated States of)", "index": "GDI - Gender Development Index", "indicator": "le_f - Life Expectancy at Birth, female (years)", "year": "2009", "value": "74.2666"}, {"country": "FSM - Micronesia (Federated States of)", "index": "GDI - Gender Development Index", "indicator": "le_f - Life Expectancy at Birth, female (years)", "year": "2010", "value": "74.4217"}, {"country": "FSM - Micronesia (Federated States of)", "index": "GDI - Gender Development Index", "indicator": "le_f - Life Expectancy at Birth, female (years)", "year": "2011", "value": "74.5451"}, {"country": "FSM - Micronesia (Federated States of)", "index": "GDI - Gender Development Index", "indicator": "le_f - Life Expectancy at Birth, female (years)", "year": "2012", "value": "74.6639"}, {"country": "FSM - Micronesia (Federated States of)", "index": "GDI - Gender Development Index", "indicator": "le_f - Life Expectancy at Birth, female (years)", "year": "2013", "value": "74.7599"}, {"country": "FSM - Micronesia (Federated States of)", "index": "GDI - Gender Development Index", "indicator": "le_f - Life Expectancy at Birth, female (years)", "year": "2014", "value": "74.8669"}, {"country": "FSM - Micronesia (Federated States of)", "index": "GDI - Gender Development Index", "indicator": "le_f - Life Expectancy at Birth, female (years)", "year": "2015", "value": "74.7638"}, {"country": "FSM - Micronesia (Federated States of)", "index": "GDI - Gender Development Index", "indicator": "le_f - Life Expectancy at Birth, female (years)", "year": "2016", "value": "74.9789"}, {"country": "FSM - Micronesia (Federated States of)", "index": "GDI - Gender Development Index", "indicator": "le_f - Life Expectancy at Birth, female (years)", "year": "2017", "value": "74.9728"}, {"country": "FSM - Micronesia (Federated States of)", "index": "GDI - Gender Development Index", "indicator": "le_f - Life Expectancy at Birth, female (years)", "year": "2018", "value": "74.9551"}, {"country": "FSM - Micronesia (Federated States of)", "index": "GDI - Gender Development Index", "indicator": "le_f - Life Expectancy at Birth, female (years)", "year": "2019", "value": "74.8423"}, {"country": "FSM - Micronesia (Federated States of)", "index": "GDI - Gender Development Index", "indicator": "le_f - Life Expectancy at Birth, female (years)", "year": "2020", "value": "74.5396"}, {"country": "FSM - Micronesia (Federated States of)", "index": "GDI - Gender Development Index", "indicator": "le_f - Life Expectancy at Birth, female (years)", "year": "2021", "value": "74.608"}, {"country": "FSM - Micronesia (Federated States of)", "index": "GDI - Gender Development Index", "indicator": "le_m - Life Expectancy at Birth, male (years)", "year": "1990", "value": "64.3055"}, {"country": "FSM - Micronesia (Federated States of)", "index": "GDI - Gender Development Index", "indicator": "le_m - Life Expectancy at Birth, male (years)", "year": "1991", "value": "64.5005"}, {"country": "FSM - Micronesia (Federated States of)", "index": "GDI - Gender Development Index", "indicator": "le_m - Life Expectancy at Birth, male (years)", "year": "1992", "value": "64.5835"}, {"country": "FSM - Micronesia (Federated States of)", "index": "GDI - Gender Development Index", "indicator": "le_m - Life Expectancy at Birth, male (years)", "year": "1993", "value": "64.9538"}, {"country": "FSM - Micronesia (Federated States of)", "index": "GDI - Gender Development Index", "indicator": "le_m - Life Expectancy at Birth, male (years)", "year": "1994", "value": "65.0164"}, {"country": "FSM - Micronesia (Federated States of)", "index": "GDI - Gender Development Index", "indicator": "le_m - Life Expectancy at Birth, male (years)", "year": "1995", "value": "65.5216"}, {"country": "FSM - Micronesia (Federated States of)", "index": "GDI - Gender Development Index", "indicator": "le_m - Life Expectancy at Birth, male (years)", "year": "1996", "value": "65.8352"}, {"country": "FSM - Micronesia (Federated States of)", "index": "GDI - Gender Development Index", "indicator": "le_m - Life Expectancy at Birth, male (years)", "year": "1997", "value": "66.2522"}, {"country": "FSM - Micronesia (Federated States of)", "index": "GDI - Gender Development Index", "indicator": "le_m - Life Expectancy at Birth, male (years)", "year": "1998", "value": "66.5223"}, {"country": "FSM - Micronesia (Federated States of)", "index": "GDI - Gender Development Index", "indicator": "le_m - Life Expectancy at Birth, male (years)", "year": "1999", "value": "66.8006"}, {"country": "FSM - Micronesia (Federated States of)", "index": "GDI - Gender Development Index", "indicator": "le_m - Life Expectancy at Birth, male (years)", "year": "2000", "value": "66.9213"}, {"country": "FSM - Micronesia (Federated States of)", "index": "GDI - Gender Development Index", "indicator": "le_m - Life Expectancy at Birth, male (years)", "year": "2001", "value": "67.6584"}, {"country": "FSM - Micronesia (Federated States of)", "index": "GDI - Gender Development Index", "indicator": "le_m - Life Expectancy at Birth, male (years)", "year": "2002", "value": "66.9555"}, {"country": "FSM - Micronesia (Federated States of)", "index": "GDI - Gender Development Index", "indicator": "le_m - Life Expectancy at Birth, male (years)", "year": "2003", "value": "67.9556"}, {"country": "FSM - Micronesia (Federated States of)", "index": "GDI - Gender Development Index", "indicator": "le_m - Life Expectancy at Birth, male (years)", "year": "2004", "value": "68.0598"}, {"country": "FSM - Micronesia (Federated States of)", "index": "GDI - Gender Development Index", "indicator": "le_m - Life Expectancy at Birth, male (years)", "year": "2005", "value": "68.0626"}, {"country": "FSM - Micronesia (Federated States of)", "index": "GDI - Gender Development Index", "indicator": "le_m - Life Expectancy at Birth, male (years)", "year": "2006", "value": "68.3943"}, {"country": "FSM - Micronesia (Federated States of)", "index": "GDI - Gender Development Index", "indicator": "le_m - Life Expectancy at Birth, male (years)", "year": "2007", "value": "68.3159"}, {"country": "FSM - Micronesia (Federated States of)", "index": "GDI - Gender Development Index", "indicator": "le_m - Life Expectancy at Birth, male (years)", "year": "2008", "value": "68.2051"}, {"country": "FSM - Micronesia (Federated States of)", "index": "GDI - Gender Development Index", "indicator": "le_m - Life Expectancy at Birth, male (years)", "year": "2009", "value": "68.1391"}, {"country": "FSM - Micronesia (Federated States of)", "index": "GDI - Gender Development Index", "indicator": "le_m - Life Expectancy at Birth, male (years)", "year": "2010", "value": "68.2142"}, {"country": "FSM - Micronesia (Federated States of)", "index": "GDI - Gender Development Index", "indicator": "le_m - Life Expectancy at Birth, male (years)", "year": "2011", "value": "68.2658"}, {"country": "FSM - Micronesia (Federated States of)", "index": "GDI - Gender Development Index", "indicator": "le_m - Life Expectancy at Birth, male (years)", "year": "2012", "value": "68.3071"}, {"country": "FSM - Micronesia (Federated States of)", "index": "GDI - Gender Development Index", "indicator": "le_m - Life Expectancy at Birth, male (years)", "year": "2013", "value": "68.4049"}, {"country": "FSM - Micronesia (Federated States of)", "index": "GDI - Gender Development Index", "indicator": "le_m - Life Expectancy at Birth, male (years)", "year": "2014", "value": "68.3698"}, {"country": "FSM - Micronesia (Federated States of)", "index": "GDI - Gender Development Index", "indicator": "le_m - Life Expectancy at Birth, male (years)", "year": "2015", "value": "68.234"}, {"country": "FSM - Micronesia (Federated States of)", "index": "GDI - Gender Development Index", "indicator": "le_m - Life Expectancy at Birth, male (years)", "year": "2016", "value": "68.3948"}, {"country": "FSM - Micronesia (Federated States of)", "index": "GDI - Gender Development Index", "indicator": "le_m - Life Expectancy at Birth, male (years)", "year": "2017", "value": "68.1702"}, {"country": "FSM - Micronesia (Federated States of)", "index": "GDI - Gender Development Index", "indicator": "le_m - Life Expectancy at Birth, male (years)", "year": "2018", "value": "67.92"}, {"country": "FSM - Micronesia (Federated States of)", "index": "GDI - Gender Development Index", "indicator": "le_m - Life Expectancy at Birth, male (years)", "year": "2019", "value": "67.5808"}, {"country": "FSM - Micronesia (Federated States of)", "index": "GDI - Gender Development Index", "indicator": "le_m - Life Expectancy at Birth, male (years)", "year": "2020", "value": "67.1062"}, {"country": "FSM - Micronesia (Federated States of)", "index": "GDI - Gender Development Index", "indicator": "le_m - Life Expectancy at Birth, male (years)", "year": "2021", "value": "67.1203"}, {"country": "FSM - Micronesia (Federated States of)", "index": "GII - Gender Inequality Index", "indicator": "mmr - Maternal Mortality Ratio (deaths per 100,000 live births)", "year": "1990", "value": "188"}, {"country": "FSM - Micronesia (Federated States of)", "index": "GII - Gender Inequality Index", "indicator": "mmr - Maternal Mortality Ratio (deaths per 100,000 live births)", "year": "1991", "value": "184"}, {"country": "FSM - Micronesia (Federated States of)", "index": "GII - Gender Inequality Index", "indicator": "mmr - Maternal Mortality Ratio (deaths per 100,000 live births)", "year": "1992", "value": "181"}, {"country": "FSM - Micronesia (Federated States of)", "index": "GII - Gender Inequality Index", "indicator": "mmr - Maternal Mortality Ratio (deaths per 100,000 live births)", "year": "1993", "value": "177"}, {"country": "FSM - Micronesia (Federated States of)", "index": "GII - Gender Inequality Index", "indicator": "mmr - Maternal Mortality Ratio (deaths per 100,000 live births)", "year": "1994", "value": "174"}, {"country": "FSM - Micronesia (Federated States of)", "index": "GII - Gender Inequality Index", "indicator": "mmr - Maternal Mortality Ratio (deaths per 100,000 live births)", "year": "1995", "value": "172"}, {"country": "FSM - Micronesia (Federated States of)", "index": "GII - Gender Inequality Index", "indicator": "mmr - Maternal Mortality Ratio (deaths per 100,000 live births)", "year": "1996", "value": "170"}, {"country": "FSM - Micronesia (Federated States of)", "index": "GII - Gender Inequality Index", "indicator": "mmr - Maternal Mortality Ratio (deaths per 100,000 live births)", "year": "1997", "value": "166"}, {"country": "FSM - Micronesia (Federated States of)", "index": "GII - Gender Inequality Index", "indicator": "mmr - Maternal Mortality Ratio (deaths per 100,000 live births)", "year": "1998", "value": "163"}, {"country": "FSM - Micronesia (Federated States of)", "index": "GII - Gender Inequality Index", "indicator": "mmr - Maternal Mortality Ratio (deaths per 100,000 live births)", "year": "1999", "value": "159"}, {"country": "FSM - Micronesia (Federated States of)", "index": "GII - Gender Inequality Index", "indicator": "mmr - Maternal Mortality Ratio (deaths per 100,000 live births)", "year": "2000", "value": "154"}, {"country": "FSM - Micronesia (Federated States of)", "index": "GII - Gender Inequality Index", "indicator": "mmr - Maternal Mortality Ratio (deaths per 100,000 live births)", "year": "2001", "value": "150"}, {"country": "FSM - Micronesia (Federated States of)", "index": "GII - Gender Inequality Index", "indicator": "mmr - Maternal Mortality Ratio (deaths per 100,000 live births)", "year": "2002", "value": "163"}, {"country": "FSM - Micronesia (Federated States of)", "index": "GII - Gender Inequality Index", "indicator": "mmr - Maternal Mortality Ratio (deaths per 100,000 live births)", "year": "2003", "value": "141"}, {"country": "FSM - Micronesia (Federated States of)", "index": "GII - Gender Inequality Index", "indicator": "mmr - Maternal Mortality Ratio (deaths per 100,000 live births)", "year": "2004", "value": "137"}, {"country": "FSM - Micronesia (Federated States of)", "index": "GII - Gender Inequality Index", "indicator": "mmr - Maternal Mortality Ratio (deaths per 100,000 live births)", "year": "2005", "value": "133"}, {"country": "FSM - Micronesia (Federated States of)", "index": "GII - Gender Inequality Index", "indicator": "mmr - Maternal Mortality Ratio (deaths per 100,000 live births)", "year": "2006", "value": "128"}, {"country": "FSM - Micronesia (Federated States of)", "index": "GII - Gender Inequality Index", "indicator": "mmr - Maternal Mortality Ratio (deaths per 100,000 live births)", "year": "2007", "value": "123"}, {"country": "FSM - Micronesia (Federated States of)", "index": "GII - Gender Inequality Index", "indicator": "mmr - Maternal Mortality Ratio (deaths per 100,000 live births)", "year": "2008", "value": "118"}, {"country": "FSM - Micronesia (Federated States of)", "index": "GII - Gender Inequality Index", "indicator": "mmr - Maternal Mortality Ratio (deaths per 100,000 live births)", "year": "2009", "value": "114"}, {"country": "FSM - Micronesia (Federated States of)", "index": "GII - Gender Inequality Index", "indicator": "mmr - Maternal Mortality Ratio (deaths per 100,000 live births)", "year": "2010", "value": "110"}, {"country": "FSM - Micronesia (Federated States of)", "index": "GII - Gender Inequality Index", "indicator": "mmr - Maternal Mortality Ratio (deaths per 100,000 live births)", "year": "2011", "value": "106"}, {"country": "FSM - Micronesia (Federated States of)", "index": "GII - Gender Inequality Index", "indicator": "mmr - Maternal Mortality Ratio (deaths per 100,000 live births)", "year": "2012", "value": "103"}, {"country": "FSM - Micronesia (Federated States of)", "index": "GII - Gender Inequality Index", "indicator": "mmr - Maternal Mortality Ratio (deaths per 100,000 live births)", "year": "2013", "value": "99"}, {"country": "FSM - Micronesia (Federated States of)", "index": "GII - Gender Inequality Index", "indicator": "mmr - Maternal Mortality Ratio (deaths per 100,000 live births)", "year": "2014", "value": "96"}, {"country": "FSM - Micronesia (Federated States of)", "index": "GII - Gender Inequality Index", "indicator": "mmr - Maternal Mortality Ratio (deaths per 100,000 live births)", "year": "2015", "value": "95"}, {"country": "FSM - Micronesia (Federated States of)", "index": "GII - Gender Inequality Index", "indicator": "mmr - Maternal Mortality Ratio (deaths per 100,000 live births)", "year": "2016", "value": "90"}, {"country": "FSM - Micronesia (Federated States of)", "index": "GII - Gender Inequality Index", "indicator": "mmr - Maternal Mortality Ratio (deaths per 100,000 live births)", "year": "2017", "value": "88"}, {"country": "FSM - Micronesia (Federated States of)", "index": "GII - Gender Inequality Index", "indicator": "mmr - Maternal Mortality Ratio (deaths per 100,000 live births)", "year": "2018", "value": "88"}, {"country": "FSM - Micronesia (Federated States of)", "index": "GII - Gender Inequality Index", "indicator": "mmr - Maternal Mortality Ratio (deaths per 100,000 live births)", "year": "2019", "value": "88"}, {"country": "FSM - Micronesia (Federated States of)", "index": "GII - Gender Inequality Index", "indicator": "mmr - Maternal Mortality Ratio (deaths per 100,000 live births)", "year": "2020", "value": "88"}, {"country": "FSM - Micronesia (Federated States of)", "index": "GII - Gender Inequality Index", "indicator": "mmr - Maternal Mortality Ratio (deaths per 100,000 live births)", "year": "2021", "value": "88"}, {"country": "FSM - Micronesia (Federated States of)", "index": "HDI - Human Development Index", "indicator": "mys - Mean Years of Schooling (years)", "year": "2000", "value": "4.839572193"}, {"country": "FSM - Micronesia (Federated States of)", "index": "HDI - Human Development Index", "indicator": "mys - Mean Years of Schooling (years)", "year": "2001", "value": "5.075428493"}, {"country": "FSM - Micronesia (Federated States of)", "index": "HDI - Human Development Index", "indicator": "mys - Mean Years of Schooling (years)", "year": "2002", "value": "5.311284794"}, {"country": "FSM - Micronesia (Federated States of)", "index": "HDI - Human Development Index", "indicator": "mys - Mean Years of Schooling (years)", "year": "2003", "value": "5.547141094"}, {"country": "FSM - Micronesia (Federated States of)", "index": "HDI - Human Development Index", "indicator": "mys - Mean Years of Schooling (years)", "year": "2004", "value": "5.782997395"}, {"country": "FSM - Micronesia (Federated States of)", "index": "HDI - Human Development Index", "indicator": "mys - Mean Years of Schooling (years)", "year": "2005", "value": "6.018853695"}, {"country": "FSM - Micronesia (Federated States of)", "index": "HDI - Human Development Index", "indicator": "mys - Mean Years of Schooling (years)", "year": "2006", "value": "6.254709996"}, {"country": "FSM - Micronesia (Federated States of)", "index": "HDI - Human Development Index", "indicator": "mys - Mean Years of Schooling (years)", "year": "2007", "value": "6.490566296"}, {"country": "FSM - Micronesia (Federated States of)", "index": "HDI - Human Development Index", "indicator": "mys - Mean Years of Schooling (years)", "year": "2008", "value": "6.726422597"}, {"country": "FSM - Micronesia (Federated States of)", "index": "HDI - Human Development Index", "indicator": "mys - Mean Years of Schooling (years)", "year": "2009", "value": "6.962278898"}, {"country": "FSM - Micronesia (Federated States of)", "index": "HDI - Human Development Index", "indicator": "mys - Mean Years of Schooling (years)", "year": "2010", "value": "7.198135198"}, {"country": "FSM - Micronesia (Federated States of)", "index": "HDI - Human Development Index", "indicator": "mys - Mean Years of Schooling (years)", "year": "2011", "value": "7.27011655"}, {"country": "FSM - Micronesia (Federated States of)", "index": "HDI - Human Development Index", "indicator": "mys - Mean Years of Schooling (years)", "year": "2012", "value": "7.342817716"}, {"country": "FSM - Micronesia (Federated States of)", "index": "HDI - Human Development Index", "indicator": "mys - Mean Years of Schooling (years)", "year": "2013", "value": "7.416245893"}, {"country": "FSM - Micronesia (Federated States of)", "index": "HDI - Human Development Index", "indicator": "mys - Mean Years of Schooling (years)", "year": "2014", "value": "7.490408352"}, {"country": "FSM - Micronesia (Federated States of)", "index": "HDI - Human Development Index", "indicator": "mys - Mean Years of Schooling (years)", "year": "2015", "value": "7.565312435"}, {"country": "FSM - Micronesia (Federated States of)", "index": "HDI - Human Development Index", "indicator": "mys - Mean Years of Schooling (years)", "year": "2016", "value": "7.64096556"}, {"country": "FSM - Micronesia (Federated States of)", "index": "HDI - Human Development Index", "indicator": "mys - Mean Years of Schooling (years)", "year": "2017", "value": "7.717375215"}, {"country": "FSM - Micronesia (Federated States of)", "index": "HDI - Human Development Index", "indicator": "mys - Mean Years of Schooling (years)", "year": "2018", "value": "7.717375215"}, {"country": "FSM - Micronesia (Federated States of)", "index": "HDI - Human Development Index", "indicator": "mys - Mean Years of Schooling (years)", "year": "2019", "value": "7.804956"}, {"country": "FSM - Micronesia (Federated States of)", "index": "HDI - Human Development Index", "indicator": "mys - Mean Years of Schooling (years)", "year": "2020", "value": "7.804956"}, {"country": "FSM - Micronesia (Federated States of)", "index": "HDI - Human Development Index", "indicator": "mys - Mean Years of Schooling (years)", "year": "2021", "value": "7.804956"}, {"country": "FSM - Micronesia (Federated States of)", "index": "GII - Gender Inequality Index", "indicator": "pr_f - Share of seats in parliament, female (% held by women)", "year": "1990", "value": "0"}, {"country": "FSM - Micronesia (Federated States of)", "index": "GII - Gender Inequality Index", "indicator": "pr_f - Share of seats in parliament, female (% held by women)", "year": "1991", "value": "0"}, {"country": "FSM - Micronesia (Federated States of)", "index": "GII - Gender Inequality Index", "indicator": "pr_f - Share of seats in parliament, female (% held by women)", "year": "1992", "value": "0"}, {"country": "FSM - Micronesia (Federated States of)", "index": "GII - Gender Inequality Index", "indicator": "pr_f - Share of seats in parliament, female (% held by women)", "year": "1993", "value": "0"}, {"country": "FSM - Micronesia (Federated States of)", "index": "GII - Gender Inequality Index", "indicator": "pr_f - Share of seats in parliament, female (% held by women)", "year": "1994", "value": "0"}, {"country": "FSM - Micronesia (Federated States of)", "index": "GII - Gender Inequality Index", "indicator": "pr_f - Share of seats in parliament, female (% held by women)", "year": "1995", "value": "0"}, {"country": "FSM - Micronesia (Federated States of)", "index": "GII - Gender Inequality Index", "indicator": "pr_f - Share of seats in parliament, female (% held by women)", "year": "1996", "value": "0"}, {"country": "FSM - Micronesia (Federated States of)", "index": "GII - Gender Inequality Index", "indicator": "pr_f - Share of seats in parliament, female (% held by women)", "year": "1997", "value": "0"}, {"country": "FSM - Micronesia (Federated States of)", "index": "GII - Gender Inequality Index", "indicator": "pr_f - Share of seats in parliament, female (% held by women)", "year": "1998", "value": "0"}, {"country": "FSM - Micronesia (Federated States of)", "index": "GII - Gender Inequality Index", "indicator": "pr_f - Share of seats in parliament, female (% held by women)", "year": "1999", "value": "0"}, {"country": "FSM - Micronesia (Federated States of)", "index": "GII - Gender Inequality Index", "indicator": "pr_f - Share of seats in parliament, female (% held by women)", "year": "2000", "value": "0"}, {"country": "FSM - Micronesia (Federated States of)", "index": "GII - Gender Inequality Index", "indicator": "pr_f - Share of seats in parliament, female (% held by women)", "year": "2001", "value": "0"}, {"country": "FSM - Micronesia (Federated States of)", "index": "GII - Gender Inequality Index", "indicator": "pr_f - Share of seats in parliament, female (% held by women)", "year": "2002", "value": "0"}, {"country": "FSM - Micronesia (Federated States of)", "index": "GII - Gender Inequality Index", "indicator": "pr_f - Share of seats in parliament, female (% held by women)", "year": "2003", "value": "0"}, {"country": "FSM - Micronesia (Federated States of)", "index": "GII - Gender Inequality Index", "indicator": "pr_f - Share of seats in parliament, female (% held by women)", "year": "2004", "value": "0"}, {"country": "FSM - Micronesia (Federated States of)", "index": "GII - Gender Inequality Index", "indicator": "pr_f - Share of seats in parliament, female (% held by women)", "year": "2005", "value": "0"}, {"country": "FSM - Micronesia (Federated States of)", "index": "GII - Gender Inequality Index", "indicator": "pr_f - Share of seats in parliament, female (% held by women)", "year": "2006", "value": "0"}, {"country": "FSM - Micronesia (Federated States of)", "index": "GII - Gender Inequality Index", "indicator": "pr_f - Share of seats in parliament, female (% held by women)", "year": "2007", "value": "0"}, {"country": "FSM - Micronesia (Federated States of)", "index": "GII - Gender Inequality Index", "indicator": "pr_f - Share of seats in parliament, female (% held by women)", "year": "2008", "value": "0"}, {"country": "FSM - Micronesia (Federated States of)", "index": "GII - Gender Inequality Index", "indicator": "pr_f - Share of seats in parliament, female (% held by women)", "year": "2009", "value": "0"}, {"country": "FSM - Micronesia (Federated States of)", "index": "GII - Gender Inequality Index", "indicator": "pr_f - Share of seats in parliament, female (% held by women)", "year": "2010", "value": "0"}, {"country": "FSM - Micronesia (Federated States of)", "index": "GII - Gender Inequality Index", "indicator": "pr_f - Share of seats in parliament, female (% held by women)", "year": "2011", "value": "0"}, {"country": "FSM - Micronesia (Federated States of)", "index": "GII - Gender Inequality Index", "indicator": "pr_f - Share of seats in parliament, female (% held by women)", "year": "2012", "value": "0"}, {"country": "FSM - Micronesia (Federated States of)", "index": "GII - Gender Inequality Index", "indicator": "pr_f - Share of seats in parliament, female (% held by women)", "year": "2013", "value": "0"}, {"country": "FSM - Micronesia (Federated States of)", "index": "GII - Gender Inequality Index", "indicator": "pr_f - Share of seats in parliament, female (% held by women)", "year": "2014", "value": "0"}, {"country": "FSM - Micronesia (Federated States of)", "index": "GII - Gender Inequality Index", "indicator": "pr_f - Share of seats in parliament, female (% held by women)", "year": "2015", "value": "0"}, {"country": "FSM - Micronesia (Federated States of)", "index": "GII - Gender Inequality Index", "indicator": "pr_f - Share of seats in parliament, female (% held by women)", "year": "2016", "value": "0"}, {"country": "FSM - Micronesia (Federated States of)", "index": "GII - Gender Inequality Index", "indicator": "pr_f - Share of seats in parliament, female (% held by women)", "year": "2017", "value": "0"}, {"country": "FSM - Micronesia (Federated States of)", "index": "GII - Gender Inequality Index", "indicator": "pr_f - Share of seats in parliament, female (% held by women)", "year": "2018", "value": "0"}, {"country": "FSM - Micronesia (Federated States of)", "index": "GII - Gender Inequality Index", "indicator": "pr_f - Share of seats in parliament, female (% held by women)", "year": "2019", "value": "0"}, {"country": "FSM - Micronesia (Federated States of)", "index": "GII - Gender Inequality Index", "indicator": "pr_f - Share of seats in parliament, female (% held by women)", "year": "2020", "value": "0"}, {"country": "FSM - Micronesia (Federated States of)", "index": "GII - Gender Inequality Index", "indicator": "pr_f - Share of seats in parliament, female (% held by women)", "year": "2021", "value": "7.142857143"}, {"country": "FSM - Micronesia (Federated States of)", "index": "GII - Gender Inequality Index", "indicator": "pr_m - Share of seats in parliament, male (% held by men)", "year": "1990", "value": "100"}, {"country": "FSM - Micronesia (Federated States of)", "index": "GII - Gender Inequality Index", "indicator": "pr_m - Share of seats in parliament, male (% held by men)", "year": "1991", "value": "100"}, {"country": "FSM - Micronesia (Federated States of)", "index": "GII - Gender Inequality Index", "indicator": "pr_m - Share of seats in parliament, male (% held by men)", "year": "1992", "value": "100"}, {"country": "FSM - Micronesia (Federated States of)", "index": "GII - Gender Inequality Index", "indicator": "pr_m - Share of seats in parliament, male (% held by men)", "year": "1993", "value": "100"}, {"country": "FSM - Micronesia (Federated States of)", "index": "GII - Gender Inequality Index", "indicator": "pr_m - Share of seats in parliament, male (% held by men)", "year": "1994", "value": "100"}, {"country": "FSM - Micronesia (Federated States of)", "index": "GII - Gender Inequality Index", "indicator": "pr_m - Share of seats in parliament, male (% held by men)", "year": "1995", "value": "100"}, {"country": "FSM - Micronesia (Federated States of)", "index": "GII - Gender Inequality Index", "indicator": "pr_m - Share of seats in parliament, male (% held by men)", "year": "1996", "value": "100"}, {"country": "FSM - Micronesia (Federated States of)", "index": "GII - Gender Inequality Index", "indicator": "pr_m - Share of seats in parliament, male (% held by men)", "year": "1997", "value": "100"}, {"country": "FSM - Micronesia (Federated States of)", "index": "GII - Gender Inequality Index", "indicator": "pr_m - Share of seats in parliament, male (% held by men)", "year": "1998", "value": "100"}, {"country": "FSM - Micronesia (Federated States of)", "index": "GII - Gender Inequality Index", "indicator": "pr_m - Share of seats in parliament, male (% held by men)", "year": "1999", "value": "100"}, {"country": "FSM - Micronesia (Federated States of)", "index": "GII - Gender Inequality Index", "indicator": "pr_m - Share of seats in parliament, male (% held by men)", "year": "2000", "value": "100"}, {"country": "FSM - Micronesia (Federated States of)", "index": "GII - Gender Inequality Index", "indicator": "pr_m - Share of seats in parliament, male (% held by men)", "year": "2001", "value": "100"}, {"country": "FSM - Micronesia (Federated States of)", "index": "GII - Gender Inequality Index", "indicator": "pr_m - Share of seats in parliament, male (% held by men)", "year": "2002", "value": "100"}, {"country": "FSM - Micronesia (Federated States of)", "index": "GII - Gender Inequality Index", "indicator": "pr_m - Share of seats in parliament, male (% held by men)", "year": "2003", "value": "100"}, {"country": "FSM - Micronesia (Federated States of)", "index": "GII - Gender Inequality Index", "indicator": "pr_m - Share of seats in parliament, male (% held by men)", "year": "2004", "value": "100"}, {"country": "FSM - Micronesia (Federated States of)", "index": "GII - Gender Inequality Index", "indicator": "pr_m - Share of seats in parliament, male (% held by men)", "year": "2005", "value": "100"}, {"country": "FSM - Micronesia (Federated States of)", "index": "GII - Gender Inequality Index", "indicator": "pr_m - Share of seats in parliament, male (% held by men)", "year": "2006", "value": "100"}, {"country": "FSM - Micronesia (Federated States of)", "index": "GII - Gender Inequality Index", "indicator": "pr_m - Share of seats in parliament, male (% held by men)", "year": "2007", "value": "100"}, {"country": "FSM - Micronesia (Federated States of)", "index": "GII - Gender Inequality Index", "indicator": "pr_m - Share of seats in parliament, male (% held by men)", "year": "2008", "value": "100"}, {"country": "FSM - Micronesia (Federated States of)", "index": "GII - Gender Inequality Index", "indicator": "pr_m - Share of seats in parliament, male (% held by men)", "year": "2009", "value": "100"}, {"country": "FSM - Micronesia (Federated States of)", "index": "GII - Gender Inequality Index", "indicator": "pr_m - Share of seats in parliament, male (% held by men)", "year": "2010", "value": "100"}, {"country": "FSM - Micronesia (Federated States of)", "index": "GII - Gender Inequality Index", "indicator": "pr_m - Share of seats in parliament, male (% held by men)", "year": "2011", "value": "100"}, {"country": "FSM - Micronesia (Federated States of)", "index": "GII - Gender Inequality Index", "indicator": "pr_m - Share of seats in parliament, male (% held by men)", "year": "2012", "value": "100"}, {"country": "FSM - Micronesia (Federated States of)", "index": "GII - Gender Inequality Index", "indicator": "pr_m - Share of seats in parliament, male (% held by men)", "year": "2013", "value": "100"}, {"country": "FSM - Micronesia (Federated States of)", "index": "GII - Gender Inequality Index", "indicator": "pr_m - Share of seats in parliament, male (% held by men)", "year": "2014", "value": "100"}, {"country": "FSM - Micronesia (Federated States of)", "index": "GII - Gender Inequality Index", "indicator": "pr_m - Share of seats in parliament, male (% held by men)", "year": "2015", "value": "100"}, {"country": "FSM - Micronesia (Federated States of)", "index": "GII - Gender Inequality Index", "indicator": "pr_m - Share of seats in parliament, male (% held by men)", "year": "2016", "value": "100"}, {"country": "FSM - Micronesia (Federated States of)", "index": "GII - Gender Inequality Index", "indicator": "pr_m - Share of seats in parliament, male (% held by men)", "year": "2017", "value": "100"}, {"country": "FSM - Micronesia (Federated States of)", "index": "GII - Gender Inequality Index", "indicator": "pr_m - Share of seats in parliament, male (% held by men)", "year": "2018", "value": "100"}, {"country": "FSM - Micronesia (Federated States of)", "index": "GII - Gender Inequality Index", "indicator": "pr_m - Share of seats in parliament, male (% held by men)", "year": "2019", "value": "100"}, {"country": "FSM - Micronesia (Federated States of)", "index": "GII - Gender Inequality Index", "indicator": "pr_m - Share of seats in parliament, male (% held by men)", "year": "2020", "value": "100"}, {"country": "FSM - Micronesia (Federated States of)", "index": "GII - Gender Inequality Index", "indicator": "pr_m - Share of seats in parliament, male (% held by men)", "year": "2021", "value": "92.85714286"}]