[{"country": "MCO - Monaco", "index": "GII - Gender Inequality Index", "indicator": "abr - Adolescent Birth Rate (births per 1,000 women ages 15-19)", "year": "1990", "value": "13.263"}, {"country": "MCO - Monaco", "index": "GII - Gender Inequality Index", "indicator": "abr - Adolescent Birth Rate (births per 1,000 women ages 15-19)", "year": "1991", "value": "13.437"}, {"country": "MCO - Monaco", "index": "GII - Gender Inequality Index", "indicator": "abr - Adolescent Birth Rate (births per 1,000 women ages 15-19)", "year": "1992", "value": "13.213"}, {"country": "MCO - Monaco", "index": "GII - Gender Inequality Index", "indicator": "abr - Adolescent Birth Rate (births per 1,000 women ages 15-19)", "year": "1993", "value": "12.722"}, {"country": "MCO - Monaco", "index": "GII - Gender Inequality Index", "indicator": "abr - Adolescent Birth Rate (births per 1,000 women ages 15-19)", "year": "1994", "value": "12.37"}, {"country": "MCO - Monaco", "index": "GII - Gender Inequality Index", "indicator": "abr - Adolescent Birth Rate (births per 1,000 women ages 15-19)", "year": "1995", "value": "12.517"}, {"country": "MCO - Monaco", "index": "GII - Gender Inequality Index", "indicator": "abr - Adolescent Birth Rate (births per 1,000 women ages 15-19)", "year": "1996", "value": "12.602"}, {"country": "MCO - Monaco", "index": "GII - Gender Inequality Index", "indicator": "abr - Adolescent Birth Rate (births per 1,000 women ages 15-19)", "year": "1997", "value": "12.369"}, {"country": "MCO - Monaco", "index": "GII - Gender Inequality Index", "indicator": "abr - Adolescent Birth Rate (births per 1,000 women ages 15-19)", "year": "1998", "value": "12.67"}, {"country": "MCO - Monaco", "index": "GII - Gender Inequality Index", "indicator": "abr - Adolescent Birth Rate (births per 1,000 women ages 15-19)", "year": "1999", "value": "12.774"}, {"country": "MCO - Monaco", "index": "GII - Gender Inequality Index", "indicator": "abr - Adolescent Birth Rate (births per 1,000 women ages 15-19)", "year": "2000", "value": "13.209"}, {"country": "MCO - Monaco", "index": "GII - Gender Inequality Index", "indicator": "abr - Adolescent Birth Rate (births per 1,000 women ages 15-19)", "year": "2001", "value": "13.676"}, {"country": "MCO - Monaco", "index": "GII - Gender Inequality Index", "indicator": "abr - Adolescent Birth Rate (births per 1,000 women ages 15-19)", "year": "2002", "value": "12.378"}, {"country": "MCO - Monaco", "index": "GII - Gender Inequality Index", "indicator": "abr - Adolescent Birth Rate (births per 1,000 women ages 15-19)", "year": "2003", "value": "11.45"}, {"country": "MCO - Monaco", "index": "GII - Gender Inequality Index", "indicator": "abr - Adolescent Birth Rate (births per 1,000 women ages 15-19)", "year": "2004", "value": "10.864"}, {"country": "MCO - Monaco", "index": "GII - Gender Inequality Index", "indicator": "abr - Adolescent Birth Rate (births per 1,000 women ages 15-19)", "year": "2005", "value": "10.31"}, {"country": "MCO - Monaco", "index": "GII - Gender Inequality Index", "indicator": "abr - Adolescent Birth Rate (births per 1,000 women ages 15-19)", "year": "2006", "value": "9.67"}, {"country": "MCO - Monaco", "index": "GII - Gender Inequality Index", "indicator": "abr - Adolescent Birth Rate (births per 1,000 women ages 15-19)", "year": "2007", "value": "8.955"}, {"country": "MCO - Monaco", "index": "GII - Gender Inequality Index", "indicator": "abr - Adolescent Birth Rate (births per 1,000 women ages 15-19)", "year": "2008", "value": "8.987"}, {"country": "MCO - Monaco", "index": "GII - Gender Inequality Index", "indicator": "abr - Adolescent Birth Rate (births per 1,000 women ages 15-19)", "year": "2009", "value": "8.928"}, {"country": "MCO - Monaco", "index": "GII - Gender Inequality Index", "indicator": "abr - Adolescent Birth Rate (births per 1,000 women ages 15-19)", "year": "2010", "value": "8.755"}, {"country": "MCO - Monaco", "index": "GII - Gender Inequality Index", "indicator": "abr - Adolescent Birth Rate (births per 1,000 women ages 15-19)", "year": "2011", "value": "8.184"}, {"country": "MCO - Monaco", "index": "GII - Gender Inequality Index", "indicator": "abr - Adolescent Birth Rate (births per 1,000 women ages 15-19)", "year": "2012", "value": "7.916"}, {"country": "MCO - Monaco", "index": "GII - Gender Inequality Index", "indicator": "abr - Adolescent Birth Rate (births per 1,000 women ages 15-19)", "year": "2013", "value": "7.668"}, {"country": "MCO - Monaco", "index": "GII - Gender Inequality Index", "indicator": "abr - Adolescent Birth Rate (births per 1,000 women ages 15-19)", "year": "2014", "value": "7.765"}, {"country": "MCO - Monaco", "index": "GII - Gender Inequality Index", "indicator": "abr - Adolescent Birth Rate (births per 1,000 women ages 15-19)", "year": "2015", "value": "7.575"}, {"country": "MCO - Monaco", "index": "GII - Gender Inequality Index", "indicator": "abr - Adolescent Birth Rate (births per 1,000 women ages 15-19)", "year": "2016", "value": "7.536"}, {"country": "MCO - Monaco", "index": "GII - Gender Inequality Index", "indicator": "abr - Adolescent Birth Rate (births per 1,000 women ages 15-19)", "year": "2017", "value": "7.168"}, {"country": "MCO - Monaco", "index": "GII - Gender Inequality Index", "indicator": "abr - Adolescent Birth Rate (births per 1,000 women ages 15-19)", "year": "2018", "value": "7.24"}, {"country": "MCO - Monaco", "index": "GII - Gender Inequality Index", "indicator": "abr - Adolescent Birth Rate (births per 1,000 women ages 15-19)", "year": "2019", "value": "7.149"}, {"country": "MCO - Monaco", "index": "GII - Gender Inequality Index", "indicator": "abr - Adolescent Birth Rate (births per 1,000 women ages 15-19)", "year": "2020", "value": "7.175"}, {"country": "MCO - Monaco", "index": "GII - Gender Inequality Index", "indicator": "abr - Adolescent Birth Rate (births per 1,000 women ages 15-19)", "year": "2021", "value": "7.162"}, {"country": "MCO - Monaco", "index": "IHDI - Inequality-adjusted Human Development Index", "indicator": "ineq_le - Inequality in life expectancy", "year": "2010", "value": "4.473114967"}, {"country": "MCO - Monaco", "index": "IHDI - Inequality-adjusted Human Development Index", "indicator": "ineq_le - Inequality in life expectancy", "year": "2011", "value": "4.061586857"}, {"country": "MCO - Monaco", "index": "IHDI - Inequality-adjusted Human Development Index", "indicator": "ineq_le - Inequality in life expectancy", "year": "2012", "value": "4.472539902"}, {"country": "MCO - Monaco", "index": "IHDI - Inequality-adjusted Human Development Index", "indicator": "ineq_le - Inequality in life expectancy", "year": "2013", "value": "4.312175751"}, {"country": "MCO - Monaco", "index": "IHDI - Inequality-adjusted Human Development Index", "indicator": "ineq_le - Inequality in life expectancy", "year": "2014", "value": "4.282027245"}, {"country": "MCO - Monaco", "index": "IHDI - Inequality-adjusted Human Development Index", "indicator": "ineq_le - Inequality in life expectancy", "year": "2015", "value": "4.127039909"}, {"country": "MCO - Monaco", "index": "IHDI - Inequality-adjusted Human Development Index", "indicator": "ineq_le - Inequality in life expectancy", "year": "2016", "value": "3.945627689"}, {"country": "MCO - Monaco", "index": "IHDI - Inequality-adjusted Human Development Index", "indicator": "ineq_le - Inequality in life expectancy", "year": "2017", "value": "3.980827808"}, {"country": "MCO - Monaco", "index": "IHDI - Inequality-adjusted Human Development Index", "indicator": "ineq_le - Inequality in life expectancy", "year": "2018", "value": "3.671735287"}, {"country": "MCO - Monaco", "index": "IHDI - Inequality-adjusted Human Development Index", "indicator": "ineq_le - Inequality in life expectancy", "year": "2019", "value": "3.648757219"}, {"country": "MCO - Monaco", "index": "IHDI - Inequality-adjusted Human Development Index", "indicator": "ineq_le - Inequality in life expectancy", "year": "2020", "value": "3.55026412"}, {"country": "MCO - Monaco", "index": "IHDI - Inequality-adjusted Human Development Index", "indicator": "ineq_le - Inequality in life expectancy", "year": "2021", "value": "3.428432703"}, {"country": "MCO - Monaco", "index": "HDI - Human Development Index", "indicator": "le - Life Expectancy at Birth (years)", "year": "1990", "value": "75.8078"}, {"country": "MCO - Monaco", "index": "HDI - Human Development Index", "indicator": "le - Life Expectancy at Birth (years)", "year": "1991", "value": "76.3011"}, {"country": "MCO - Monaco", "index": "HDI - Human Development Index", "indicator": "le - Life Expectancy at Birth (years)", "year": "1992", "value": "76.8424"}, {"country": "MCO - Monaco", "index": "HDI - Human Development Index", "indicator": "le - Life Expectancy at Birth (years)", "year": "1993", "value": "77.4391"}, {"country": "MCO - Monaco", "index": "HDI - Human Development Index", "indicator": "le - Life Expectancy at Birth (years)", "year": "1994", "value": "78.1133"}, {"country": "MCO - Monaco", "index": "HDI - Human Development Index", "indicator": "le - Life Expectancy at Birth (years)", "year": "1995", "value": "78.7799"}, {"country": "MCO - Monaco", "index": "HDI - Human Development Index", "indicator": "le - Life Expectancy at Birth (years)", "year": "1996", "value": "79.4195"}, {"country": "MCO - Monaco", "index": "HDI - Human Development Index", "indicator": "le - Life Expectancy at Birth (years)", "year": "1997", "value": "80.0605"}, {"country": "MCO - Monaco", "index": "HDI - Human Development Index", "indicator": "le - Life Expectancy at Birth (years)", "year": "1998", "value": "80.5857"}, {"country": "MCO - Monaco", "index": "HDI - Human Development Index", "indicator": "le - Life Expectancy at Birth (years)", "year": "1999", "value": "81.085"}, {"country": "MCO - Monaco", "index": "HDI - Human Development Index", "indicator": "le - Life Expectancy at Birth (years)", "year": "2000", "value": "81.5659"}, {"country": "MCO - Monaco", "index": "HDI - Human Development Index", "indicator": "le - Life Expectancy at Birth (years)", "year": "2001", "value": "82.0539"}, {"country": "MCO - Monaco", "index": "HDI - Human Development Index", "indicator": "le - Life Expectancy at Birth (years)", "year": "2002", "value": "82.5074"}, {"country": "MCO - Monaco", "index": "HDI - Human Development Index", "indicator": "le - Life Expectancy at Birth (years)", "year": "2003", "value": "83.2861"}, {"country": "MCO - Monaco", "index": "HDI - Human Development Index", "indicator": "le - Life Expectancy at Birth (years)", "year": "2004", "value": "84.2292"}, {"country": "MCO - Monaco", "index": "HDI - Human Development Index", "indicator": "le - Life Expectancy at Birth (years)", "year": "2005", "value": "84.8081"}, {"country": "MCO - Monaco", "index": "HDI - Human Development Index", "indicator": "le - Life Expectancy at Birth (years)", "year": "2006", "value": "84.6351"}, {"country": "MCO - Monaco", "index": "HDI - Human Development Index", "indicator": "le - Life Expectancy at Birth (years)", "year": "2007", "value": "83.9201"}, {"country": "MCO - Monaco", "index": "HDI - Human Development Index", "indicator": "le - Life Expectancy at Birth (years)", "year": "2008", "value": "83.1918"}, {"country": "MCO - Monaco", "index": "HDI - Human Development Index", "indicator": "le - Life Expectancy at Birth (years)", "year": "2009", "value": "84.2081"}, {"country": "MCO - Monaco", "index": "HDI - Human Development Index", "indicator": "le - Life Expectancy at Birth (years)", "year": "2010", "value": "84.6304"}, {"country": "MCO - Monaco", "index": "HDI - Human Development Index", "indicator": "le - Life Expectancy at Birth (years)", "year": "2011", "value": "85.6032"}, {"country": "MCO - Monaco", "index": "HDI - Human Development Index", "indicator": "le - Life Expectancy at Birth (years)", "year": "2012", "value": "84.5293"}, {"country": "MCO - Monaco", "index": "HDI - Human Development Index", "indicator": "le - Life Expectancy at Birth (years)", "year": "2013", "value": "84.8656"}, {"country": "MCO - Monaco", "index": "HDI - Human Development Index", "indicator": "le - Life Expectancy at Birth (years)", "year": "2014", "value": "84.8804"}, {"country": "MCO - Monaco", "index": "HDI - Human Development Index", "indicator": "le - Life Expectancy at Birth (years)", "year": "2015", "value": "85.2585"}, {"country": "MCO - Monaco", "index": "HDI - Human Development Index", "indicator": "le - Life Expectancy at Birth (years)", "year": "2016", "value": "85.7228"}, {"country": "MCO - Monaco", "index": "HDI - Human Development Index", "indicator": "le - Life Expectancy at Birth (years)", "year": "2017", "value": "85.6525"}, {"country": "MCO - Monaco", "index": "HDI - Human Development Index", "indicator": "le - Life Expectancy at Birth (years)", "year": "2018", "value": "86.4643"}, {"country": "MCO - Monaco", "index": "HDI - Human Development Index", "indicator": "le - Life Expectancy at Birth (years)", "year": "2019", "value": "86.5424"}, {"country": "MCO - Monaco", "index": "HDI - Human Development Index", "indicator": "le - Life Expectancy at Birth (years)", "year": "2020", "value": "86.538"}, {"country": "MCO - Monaco", "index": "HDI - Human Development Index", "indicator": "le - Life Expectancy at Birth (years)", "year": "2021", "value": "85.9463"}, {"country": "MCO - Monaco", "index": "GDI - Gender Development Index", "indicator": "le_f - Life Expectancy at Birth, female (years)", "year": "1990", "value": "80.9624"}, {"country": "MCO - Monaco", "index": "GDI - Gender Development Index", "indicator": "le_f - Life Expectancy at Birth, female (years)", "year": "1991", "value": "81.5052"}, {"country": "MCO - Monaco", "index": "GDI - Gender Development Index", "indicator": "le_f - Life Expectancy at Birth, female (years)", "year": "1992", "value": "82.0894"}, {"country": "MCO - Monaco", "index": "GDI - Gender Development Index", "indicator": "le_f - Life Expectancy at Birth, female (years)", "year": "1993", "value": "82.7013"}, {"country": "MCO - Monaco", "index": "GDI - Gender Development Index", "indicator": "le_f - Life Expectancy at Birth, female (years)", "year": "1994", "value": "83.3346"}, {"country": "MCO - Monaco", "index": "GDI - Gender Development Index", "indicator": "le_f - Life Expectancy at Birth, female (years)", "year": "1995", "value": "83.9303"}, {"country": "MCO - Monaco", "index": "GDI - Gender Development Index", "indicator": "le_f - Life Expectancy at Birth, female (years)", "year": "1996", "value": "84.4653"}, {"country": "MCO - Monaco", "index": "GDI - Gender Development Index", "indicator": "le_f - Life Expectancy at Birth, female (years)", "year": "1997", "value": "84.918"}, {"country": "MCO - Monaco", "index": "GDI - Gender Development Index", "indicator": "le_f - Life Expectancy at Birth, female (years)", "year": "1998", "value": "85.088"}, {"country": "MCO - Monaco", "index": "GDI - Gender Development Index", "indicator": "le_f - Life Expectancy at Birth, female (years)", "year": "1999", "value": "85.2659"}, {"country": "MCO - Monaco", "index": "GDI - Gender Development Index", "indicator": "le_f - Life Expectancy at Birth, female (years)", "year": "2000", "value": "85.4427"}, {"country": "MCO - Monaco", "index": "GDI - Gender Development Index", "indicator": "le_f - Life Expectancy at Birth, female (years)", "year": "2001", "value": "85.6185"}, {"country": "MCO - Monaco", "index": "GDI - Gender Development Index", "indicator": "le_f - Life Expectancy at Birth, female (years)", "year": "2002", "value": "85.6185"}, {"country": "MCO - Monaco", "index": "GDI - Gender Development Index", "indicator": "le_f - Life Expectancy at Birth, female (years)", "year": "2003", "value": "87.4043"}, {"country": "MCO - Monaco", "index": "GDI - Gender Development Index", "indicator": "le_f - Life Expectancy at Birth, female (years)", "year": "2004", "value": "87.8112"}, {"country": "MCO - Monaco", "index": "GDI - Gender Development Index", "indicator": "le_f - Life Expectancy at Birth, female (years)", "year": "2005", "value": "88.2218"}, {"country": "MCO - Monaco", "index": "GDI - Gender Development Index", "indicator": "le_f - Life Expectancy at Birth, female (years)", "year": "2006", "value": "87.9144"}, {"country": "MCO - Monaco", "index": "GDI - Gender Development Index", "indicator": "le_f - Life Expectancy at Birth, female (years)", "year": "2007", "value": "87.6038"}, {"country": "MCO - Monaco", "index": "GDI - Gender Development Index", "indicator": "le_f - Life Expectancy at Birth, female (years)", "year": "2008", "value": "87.1139"}, {"country": "MCO - Monaco", "index": "GDI - Gender Development Index", "indicator": "le_f - Life Expectancy at Birth, female (years)", "year": "2009", "value": "86.9188"}, {"country": "MCO - Monaco", "index": "GDI - Gender Development Index", "indicator": "le_f - Life Expectancy at Birth, female (years)", "year": "2010", "value": "86.7224"}, {"country": "MCO - Monaco", "index": "GDI - Gender Development Index", "indicator": "le_f - Life Expectancy at Birth, female (years)", "year": "2011", "value": "87.211"}, {"country": "MCO - Monaco", "index": "GDI - Gender Development Index", "indicator": "le_f - Life Expectancy at Birth, female (years)", "year": "2012", "value": "87.0165"}, {"country": "MCO - Monaco", "index": "GDI - Gender Development Index", "indicator": "le_f - Life Expectancy at Birth, female (years)", "year": "2013", "value": "87.6038"}, {"country": "MCO - Monaco", "index": "GDI - Gender Development Index", "indicator": "le_f - Life Expectancy at Birth, female (years)", "year": "2014", "value": "88.1196"}, {"country": "MCO - Monaco", "index": "GDI - Gender Development Index", "indicator": "le_f - Life Expectancy at Birth, female (years)", "year": "2015", "value": "88.2218"}, {"country": "MCO - Monaco", "index": "GDI - Gender Development Index", "indicator": "le_f - Life Expectancy at Birth, female (years)", "year": "2016", "value": "88.2218"}, {"country": "MCO - Monaco", "index": "GDI - Gender Development Index", "indicator": "le_f - Life Expectancy at Birth, female (years)", "year": "2017", "value": "87.9144"}, {"country": "MCO - Monaco", "index": "GDI - Gender Development Index", "indicator": "le_f - Life Expectancy at Birth, female (years)", "year": "2018", "value": "88.7272"}, {"country": "MCO - Monaco", "index": "GDI - Gender Development Index", "indicator": "le_f - Life Expectancy at Birth, female (years)", "year": "2019", "value": "88.5261"}, {"country": "MCO - Monaco", "index": "GDI - Gender Development Index", "indicator": "le_f - Life Expectancy at Birth, female (years)", "year": "2020", "value": "88.4357"}, {"country": "MCO - Monaco", "index": "GDI - Gender Development Index", "indicator": "le_f - Life Expectancy at Birth, female (years)", "year": "2021", "value": "87.6773"}, {"country": "MCO - Monaco", "index": "GDI - Gender Development Index", "indicator": "le_m - Life Expectancy at Birth, male (years)", "year": "1990", "value": "71.1001"}, {"country": "MCO - Monaco", "index": "GDI - Gender Development Index", "indicator": "le_m - Life Expectancy at Birth, male (years)", "year": "1991", "value": "71.5727"}, {"country": "MCO - Monaco", "index": "GDI - Gender Development Index", "indicator": "le_m - Life Expectancy at Birth, male (years)", "year": "1992", "value": "72.0972"}, {"country": "MCO - Monaco", "index": "GDI - Gender Development Index", "indicator": "le_m - Life Expectancy at Birth, male (years)", "year": "1993", "value": "72.6886"}, {"country": "MCO - Monaco", "index": "GDI - Gender Development Index", "indicator": "le_m - Life Expectancy at Birth, male (years)", "year": "1994", "value": "73.3821"}, {"country": "MCO - Monaco", "index": "GDI - Gender Development Index", "indicator": "le_m - Life Expectancy at Birth, male (years)", "year": "1995", "value": "74.0892"}, {"country": "MCO - Monaco", "index": "GDI - Gender Development Index", "indicator": "le_m - Life Expectancy at Birth, male (years)", "year": "1996", "value": "74.7961"}, {"country": "MCO - Monaco", "index": "GDI - Gender Development Index", "indicator": "le_m - Life Expectancy at Birth, male (years)", "year": "1997", "value": "75.5547"}, {"country": "MCO - Monaco", "index": "GDI - Gender Development Index", "indicator": "le_m - Life Expectancy at Birth, male (years)", "year": "1998", "value": "76.325"}, {"country": "MCO - Monaco", "index": "GDI - Gender Development Index", "indicator": "le_m - Life Expectancy at Birth, male (years)", "year": "1999", "value": "77.0692"}, {"country": "MCO - Monaco", "index": "GDI - Gender Development Index", "indicator": "le_m - Life Expectancy at Birth, male (years)", "year": "2000", "value": "77.7944"}, {"country": "MCO - Monaco", "index": "GDI - Gender Development Index", "indicator": "le_m - Life Expectancy at Birth, male (years)", "year": "2001", "value": "78.5184"}, {"country": "MCO - Monaco", "index": "GDI - Gender Development Index", "indicator": "le_m - Life Expectancy at Birth, male (years)", "year": "2002", "value": "79.3158"}, {"country": "MCO - Monaco", "index": "GDI - Gender Development Index", "indicator": "le_m - Life Expectancy at Birth, male (years)", "year": "2003", "value": "79.3158"}, {"country": "MCO - Monaco", "index": "GDI - Gender Development Index", "indicator": "le_m - Life Expectancy at Birth, male (years)", "year": "2004", "value": "80.6157"}, {"country": "MCO - Monaco", "index": "GDI - Gender Development Index", "indicator": "le_m - Life Expectancy at Birth, male (years)", "year": "2005", "value": "81.321"}, {"country": "MCO - Monaco", "index": "GDI - Gender Development Index", "indicator": "le_m - Life Expectancy at Birth, male (years)", "year": "2006", "value": "81.321"}, {"country": "MCO - Monaco", "index": "GDI - Gender Development Index", "indicator": "le_m - Life Expectancy at Birth, male (years)", "year": "2007", "value": "80.4117"}, {"country": "MCO - Monaco", "index": "GDI - Gender Development Index", "indicator": "le_m - Life Expectancy at Birth, male (years)", "year": "2008", "value": "79.6104"}, {"country": "MCO - Monaco", "index": "GDI - Gender Development Index", "indicator": "le_m - Life Expectancy at Birth, male (years)", "year": "2009", "value": "81.5202"}, {"country": "MCO - Monaco", "index": "GDI - Gender Development Index", "indicator": "le_m - Life Expectancy at Birth, male (years)", "year": "2010", "value": "82.5002"}, {"country": "MCO - Monaco", "index": "GDI - Gender Development Index", "indicator": "le_m - Life Expectancy at Birth, male (years)", "year": "2011", "value": "83.9227"}, {"country": "MCO - Monaco", "index": "GDI - Gender Development Index", "indicator": "le_m - Life Expectancy at Birth, male (years)", "year": "2012", "value": "82.2089"}, {"country": "MCO - Monaco", "index": "GDI - Gender Development Index", "indicator": "le_m - Life Expectancy at Birth, male (years)", "year": "2013", "value": "82.4034"}, {"country": "MCO - Monaco", "index": "GDI - Gender Development Index", "indicator": "le_m - Life Expectancy at Birth, male (years)", "year": "2014", "value": "82.1113"}, {"country": "MCO - Monaco", "index": "GDI - Gender Development Index", "indicator": "le_m - Life Expectancy at Birth, male (years)", "year": "2015", "value": "82.7068"}, {"country": "MCO - Monaco", "index": "GDI - Gender Development Index", "indicator": "le_m - Life Expectancy at Birth, male (years)", "year": "2016", "value": "83.5223"}, {"country": "MCO - Monaco", "index": "GDI - Gender Development Index", "indicator": "le_m - Life Expectancy at Birth, male (years)", "year": "2017", "value": "83.6228"}, {"country": "MCO - Monaco", "index": "GDI - Gender Development Index", "indicator": "le_m - Life Expectancy at Birth, male (years)", "year": "2018", "value": "84.4164"}, {"country": "MCO - Monaco", "index": "GDI - Gender Development Index", "indicator": "le_m - Life Expectancy at Birth, male (years)", "year": "2019", "value": "84.7091"}, {"country": "MCO - Monaco", "index": "GDI - Gender Development Index", "indicator": "le_m - Life Expectancy at Birth, male (years)", "year": "2020", "value": "84.7827"}, {"country": "MCO - Monaco", "index": "GDI - Gender Development Index", "indicator": "le_m - Life Expectancy at Birth, male (years)", "year": "2021", "value": "84.3428"}, {"country": "MCO - Monaco", "index": "GII - Gender Inequality Index", "indicator": "pr_f - Share of seats in parliament, female (% held by women)", "year": "1990", "value": "5.555555556"}, {"country": "MCO - Monaco", "index": "GII - Gender Inequality Index", "indicator": "pr_f - Share of seats in parliament, female (% held by women)", "year": "1991", "value": "5.555555556"}, {"country": "MCO - Monaco", "index": "GII - Gender Inequality Index", "indicator": "pr_f - Share of seats in parliament, female (% held by women)", "year": "1992", "value": "5.555555556"}, {"country": "MCO - Monaco", "index": "GII - Gender Inequality Index", "indicator": "pr_f - Share of seats in parliament, female (% held by women)", "year": "1993", "value": "5.555555556"}, {"country": "MCO - Monaco", "index": "GII - Gender Inequality Index", "indicator": "pr_f - Share of seats in parliament, female (% held by women)", "year": "1994", "value": "5.555555556"}, {"country": "MCO - Monaco", "index": "GII - Gender Inequality Index", "indicator": "pr_f - Share of seats in parliament, female (% held by women)", "year": "1995", "value": "5.555555556"}, {"country": "MCO - Monaco", "index": "GII - Gender Inequality Index", "indicator": "pr_f - Share of seats in parliament, female (% held by women)", "year": "1996", "value": "5.555555556"}, {"country": "MCO - Monaco", "index": "GII - Gender Inequality Index", "indicator": "pr_f - Share of seats in parliament, female (% held by women)", "year": "1997", "value": "5.555555556"}, {"country": "MCO - Monaco", "index": "GII - Gender Inequality Index", "indicator": "pr_f - Share of seats in parliament, female (% held by women)", "year": "1998", "value": "22.22222222"}, {"country": "MCO - Monaco", "index": "GII - Gender Inequality Index", "indicator": "pr_f - Share of seats in parliament, female (% held by women)", "year": "1999", "value": "22.22222222"}, {"country": "MCO - Monaco", "index": "GII - Gender Inequality Index", "indicator": "pr_f - Share of seats in parliament, female (% held by women)", "year": "2000", "value": "22.22222222"}, {"country": "MCO - Monaco", "index": "GII - Gender Inequality Index", "indicator": "pr_f - Share of seats in parliament, female (% held by women)", "year": "2001", "value": "22.22222222"}, {"country": "MCO - Monaco", "index": "GII - Gender Inequality Index", "indicator": "pr_f - Share of seats in parliament, female (% held by women)", "year": "2002", "value": "22.22222222"}, {"country": "MCO - Monaco", "index": "GII - Gender Inequality Index", "indicator": "pr_f - Share of seats in parliament, female (% held by women)", "year": "2003", "value": "20.83333333"}, {"country": "MCO - Monaco", "index": "GII - Gender Inequality Index", "indicator": "pr_f - Share of seats in parliament, female (% held by women)", "year": "2004", "value": "20.83333333"}, {"country": "MCO - Monaco", "index": "GII - Gender Inequality Index", "indicator": "pr_f - Share of seats in parliament, female (% held by women)", "year": "2005", "value": "20.83333333"}, {"country": "MCO - Monaco", "index": "GII - Gender Inequality Index", "indicator": "pr_f - Share of seats in parliament, female (% held by women)", "year": "2006", "value": "20.83333333"}, {"country": "MCO - Monaco", "index": "GII - Gender Inequality Index", "indicator": "pr_f - Share of seats in parliament, female (% held by women)", "year": "2007", "value": "20.83333333"}, {"country": "MCO - Monaco", "index": "GII - Gender Inequality Index", "indicator": "pr_f - Share of seats in parliament, female (% held by women)", "year": "2008", "value": "25"}, {"country": "MCO - Monaco", "index": "GII - Gender Inequality Index", "indicator": "pr_f - Share of seats in parliament, female (% held by women)", "year": "2009", "value": "26.08695652"}, {"country": "MCO - Monaco", "index": "GII - Gender Inequality Index", "indicator": "pr_f - Share of seats in parliament, female (% held by women)", "year": "2010", "value": "26.08695652"}, {"country": "MCO - Monaco", "index": "GII - Gender Inequality Index", "indicator": "pr_f - Share of seats in parliament, female (% held by women)", "year": "2011", "value": "19.04761905"}, {"country": "MCO - Monaco", "index": "GII - Gender Inequality Index", "indicator": "pr_f - Share of seats in parliament, female (% held by women)", "year": "2012", "value": "19.04761905"}, {"country": "MCO - Monaco", "index": "GII - Gender Inequality Index", "indicator": "pr_f - Share of seats in parliament, female (% held by women)", "year": "2013", "value": "20.83333333"}, {"country": "MCO - Monaco", "index": "GII - Gender Inequality Index", "indicator": "pr_f - Share of seats in parliament, female (% held by women)", "year": "2014", "value": "20.83333333"}, {"country": "MCO - Monaco", "index": "GII - Gender Inequality Index", "indicator": "pr_f - Share of seats in parliament, female (% held by women)", "year": "2015", "value": "20.83333333"}, {"country": "MCO - Monaco", "index": "GII - Gender Inequality Index", "indicator": "pr_f - Share of seats in parliament, female (% held by women)", "year": "2016", "value": "20.83333333"}, {"country": "MCO - Monaco", "index": "GII - Gender Inequality Index", "indicator": "pr_f - Share of seats in parliament, female (% held by women)", "year": "2017", "value": "20.83333333"}, {"country": "MCO - Monaco", "index": "GII - Gender Inequality Index", "indicator": "pr_f - Share of seats in parliament, female (% held by women)", "year": "2018", "value": "33.33333333"}, {"country": "MCO - Monaco", "index": "GII - Gender Inequality Index", "indicator": "pr_f - Share of seats in parliament, female (% held by women)", "year": "2019", "value": "33.33333333"}, {"country": "MCO - Monaco", "index": "GII - Gender Inequality Index", "indicator": "pr_f - Share of seats in parliament, female (% held by women)", "year": "2020", "value": "33.33333333"}, {"country": "MCO - Monaco", "index": "GII - Gender Inequality Index", "indicator": "pr_f - Share of seats in parliament, female (% held by women)", "year": "2021", "value": "33.33333333"}, {"country": "MCO - Monaco", "index": "GII - Gender Inequality Index", "indicator": "pr_m - Share of seats in parliament, male (% held by men)", "year": "1990", "value": "94.44444444"}, {"country": "MCO - Monaco", "index": "GII - Gender Inequality Index", "indicator": "pr_m - Share of seats in parliament, male (% held by men)", "year": "1991", "value": "94.44444444"}, {"country": "MCO - Monaco", "index": "GII - Gender Inequality Index", "indicator": "pr_m - Share of seats in parliament, male (% held by men)", "year": "1992", "value": "94.44444444"}, {"country": "MCO - Monaco", "index": "GII - Gender Inequality Index", "indicator": "pr_m - Share of seats in parliament, male (% held by men)", "year": "1993", "value": "94.44444444"}, {"country": "MCO - Monaco", "index": "GII - Gender Inequality Index", "indicator": "pr_m - Share of seats in parliament, male (% held by men)", "year": "1994", "value": "94.44444444"}, {"country": "MCO - Monaco", "index": "GII - Gender Inequality Index", "indicator": "pr_m - Share of seats in parliament, male (% held by men)", "year": "1995", "value": "94.44444444"}, {"country": "MCO - Monaco", "index": "GII - Gender Inequality Index", "indicator": "pr_m - Share of seats in parliament, male (% held by men)", "year": "1996", "value": "94.44444444"}, {"country": "MCO - Monaco", "index": "GII - Gender Inequality Index", "indicator": "pr_m - Share of seats in parliament, male (% held by men)", "year": "1997", "value": "94.44444444"}, {"country": "MCO - Monaco", "index": "GII - Gender Inequality Index", "indicator": "pr_m - Share of seats in parliament, male (% held by men)", "year": "1998", "value": "77.77777778"}, {"country": "MCO - Monaco", "index": "GII - Gender Inequality Index", "indicator": "pr_m - Share of seats in parliament, male (% held by men)", "year": "1999", "value": "77.77777778"}, {"country": "MCO - Monaco", "index": "GII - Gender Inequality Index", "indicator": "pr_m - Share of seats in parliament, male (% held by men)", "year": "2000", "value": "77.77777778"}, {"country": "MCO - Monaco", "index": "GII - Gender Inequality Index", "indicator": "pr_m - Share of seats in parliament, male (% held by men)", "year": "2001", "value": "77.77777778"}, {"country": "MCO - Monaco", "index": "GII - Gender Inequality Index", "indicator": "pr_m - Share of seats in parliament, male (% held by men)", "year": "2002", "value": "77.77777778"}, {"country": "MCO - Monaco", "index": "GII - Gender Inequality Index", "indicator": "pr_m - Share of seats in parliament, male (% held by men)", "year": "2003", "value": "79.16666667"}, {"country": "MCO - Monaco", "index": "GII - Gender Inequality Index", "indicator": "pr_m - Share of seats in parliament, male (% held by men)", "year": "2004", "value": "79.16666667"}, {"country": "MCO - Monaco", "index": "GII - Gender Inequality Index", "indicator": "pr_m - Share of seats in parliament, male (% held by men)", "year": "2005", "value": "79.16666667"}, {"country": "MCO - Monaco", "index": "GII - Gender Inequality Index", "indicator": "pr_m - Share of seats in parliament, male (% held by men)", "year": "2006", "value": "79.16666667"}, {"country": "MCO - Monaco", "index": "GII - Gender Inequality Index", "indicator": "pr_m - Share of seats in parliament, male (% held by men)", "year": "2007", "value": "79.16666667"}, {"country": "MCO - Monaco", "index": "GII - Gender Inequality Index", "indicator": "pr_m - Share of seats in parliament, male (% held by men)", "year": "2008", "value": "75"}, {"country": "MCO - Monaco", "index": "GII - Gender Inequality Index", "indicator": "pr_m - Share of seats in parliament, male (% held by men)", "year": "2009", "value": "73.91304348"}, {"country": "MCO - Monaco", "index": "GII - Gender Inequality Index", "indicator": "pr_m - Share of seats in parliament, male (% held by men)", "year": "2010", "value": "73.91304348"}, {"country": "MCO - Monaco", "index": "GII - Gender Inequality Index", "indicator": "pr_m - Share of seats in parliament, male (% held by men)", "year": "2011", "value": "80.95238095"}, {"country": "MCO - Monaco", "index": "GII - Gender Inequality Index", "indicator": "pr_m - Share of seats in parliament, male (% held by men)", "year": "2012", "value": "80.95238095"}, {"country": "MCO - Monaco", "index": "GII - Gender Inequality Index", "indicator": "pr_m - Share of seats in parliament, male (% held by men)", "year": "2013", "value": "79.16666667"}, {"country": "MCO - Monaco", "index": "GII - Gender Inequality Index", "indicator": "pr_m - Share of seats in parliament, male (% held by men)", "year": "2014", "value": "79.16666667"}, {"country": "MCO - Monaco", "index": "GII - Gender Inequality Index", "indicator": "pr_m - Share of seats in parliament, male (% held by men)", "year": "2015", "value": "79.16666667"}, {"country": "MCO - Monaco", "index": "GII - Gender Inequality Index", "indicator": "pr_m - Share of seats in parliament, male (% held by men)", "year": "2016", "value": "79.16666667"}, {"country": "MCO - Monaco", "index": "GII - Gender Inequality Index", "indicator": "pr_m - Share of seats in parliament, male (% held by men)", "year": "2017", "value": "79.16666667"}, {"country": "MCO - Monaco", "index": "GII - Gender Inequality Index", "indicator": "pr_m - Share of seats in parliament, male (% held by men)", "year": "2018", "value": "66.66666667"}, {"country": "MCO - Monaco", "index": "GII - Gender Inequality Index", "indicator": "pr_m - Share of seats in parliament, male (% held by men)", "year": "2019", "value": "66.66666667"}, {"country": "MCO - Monaco", "index": "GII - Gender Inequality Index", "indicator": "pr_m - Share of seats in parliament, male (% held by men)", "year": "2020", "value": "66.66666667"}, {"country": "MCO - Monaco", "index": "GII - Gender Inequality Index", "indicator": "pr_m - Share of seats in parliament, male (% held by men)", "year": "2021", "value": "66.66666667"}]