[{"country": "SMR - San Marino", "index": "GII - Gender Inequality Index", "indicator": "abr - Adolescent Birth Rate (births per 1,000 women ages 15-19)", "year": "1990", "value": "9.444"}, {"country": "SMR - San Marino", "index": "GII - Gender Inequality Index", "indicator": "abr - Adolescent Birth Rate (births per 1,000 women ages 15-19)", "year": "1991", "value": "8.833"}, {"country": "SMR - San Marino", "index": "GII - Gender Inequality Index", "indicator": "abr - Adolescent Birth Rate (births per 1,000 women ages 15-19)", "year": "1992", "value": "8.11"}, {"country": "SMR - San Marino", "index": "GII - Gender Inequality Index", "indicator": "abr - Adolescent Birth Rate (births per 1,000 women ages 15-19)", "year": "1993", "value": "7.294"}, {"country": "SMR - San Marino", "index": "GII - Gender Inequality Index", "indicator": "abr - Adolescent Birth Rate (births per 1,000 women ages 15-19)", "year": "1994", "value": "7.061"}, {"country": "SMR - San Marino", "index": "GII - Gender Inequality Index", "indicator": "abr - Adolescent Birth Rate (births per 1,000 women ages 15-19)", "year": "1995", "value": "7.078"}, {"country": "SMR - San Marino", "index": "GII - Gender Inequality Index", "indicator": "abr - Adolescent Birth Rate (births per 1,000 women ages 15-19)", "year": "1996", "value": "7.227"}, {"country": "SMR - San Marino", "index": "GII - Gender Inequality Index", "indicator": "abr - Adolescent Birth Rate (births per 1,000 women ages 15-19)", "year": "1997", "value": "7.1"}, {"country": "SMR - San Marino", "index": "GII - Gender Inequality Index", "indicator": "abr - Adolescent Birth Rate (births per 1,000 women ages 15-19)", "year": "1998", "value": "6.885"}, {"country": "SMR - San Marino", "index": "GII - Gender Inequality Index", "indicator": "abr - Adolescent Birth Rate (births per 1,000 women ages 15-19)", "year": "1999", "value": "6.537"}, {"country": "SMR - San Marino", "index": "GII - Gender Inequality Index", "indicator": "abr - Adolescent Birth Rate (births per 1,000 women ages 15-19)", "year": "2000", "value": "6.174"}, {"country": "SMR - San Marino", "index": "GII - Gender Inequality Index", "indicator": "abr - Adolescent Birth Rate (births per 1,000 women ages 15-19)", "year": "2001", "value": "6.744"}, {"country": "SMR - San Marino", "index": "GII - Gender Inequality Index", "indicator": "abr - Adolescent Birth Rate (births per 1,000 women ages 15-19)", "year": "2002", "value": "5.938"}, {"country": "SMR - San Marino", "index": "GII - Gender Inequality Index", "indicator": "abr - Adolescent Birth Rate (births per 1,000 women ages 15-19)", "year": "2003", "value": "5.662"}, {"country": "SMR - San Marino", "index": "GII - Gender Inequality Index", "indicator": "abr - Adolescent Birth Rate (births per 1,000 women ages 15-19)", "year": "2004", "value": "5.472"}, {"country": "SMR - San Marino", "index": "GII - Gender Inequality Index", "indicator": "abr - Adolescent Birth Rate (births per 1,000 women ages 15-19)", "year": "2005", "value": "4.203"}, {"country": "SMR - San Marino", "index": "GII - Gender Inequality Index", "indicator": "abr - Adolescent Birth Rate (births per 1,000 women ages 15-19)", "year": "2006", "value": "4.194"}, {"country": "SMR - San Marino", "index": "GII - Gender Inequality Index", "indicator": "abr - Adolescent Birth Rate (births per 1,000 women ages 15-19)", "year": "2007", "value": "4.155"}, {"country": "SMR - San Marino", "index": "GII - Gender Inequality Index", "indicator": "abr - Adolescent Birth Rate (births per 1,000 women ages 15-19)", "year": "2008", "value": "5.142"}, {"country": "SMR - San Marino", "index": "GII - Gender Inequality Index", "indicator": "abr - Adolescent Birth Rate (births per 1,000 women ages 15-19)", "year": "2009", "value": "4.296"}, {"country": "SMR - San Marino", "index": "GII - Gender Inequality Index", "indicator": "abr - Adolescent Birth Rate (births per 1,000 women ages 15-19)", "year": "2010", "value": "4.684"}, {"country": "SMR - San Marino", "index": "GII - Gender Inequality Index", "indicator": "abr - Adolescent Birth Rate (births per 1,000 women ages 15-19)", "year": "2011", "value": "4.656"}, {"country": "SMR - San Marino", "index": "GII - Gender Inequality Index", "indicator": "abr - Adolescent Birth Rate (births per 1,000 women ages 15-19)", "year": "2012", "value": "3.904"}, {"country": "SMR - San Marino", "index": "GII - Gender Inequality Index", "indicator": "abr - Adolescent Birth Rate (births per 1,000 women ages 15-19)", "year": "2013", "value": "4.692"}, {"country": "SMR - San Marino", "index": "GII - Gender Inequality Index", "indicator": "abr - Adolescent Birth Rate (births per 1,000 women ages 15-19)", "year": "2014", "value": "3.976"}, {"country": "SMR - San Marino", "index": "GII - Gender Inequality Index", "indicator": "abr - Adolescent Birth Rate (births per 1,000 women ages 15-19)", "year": "2015", "value": "3.681"}, {"country": "SMR - San Marino", "index": "GII - Gender Inequality Index", "indicator": "abr - Adolescent Birth Rate (births per 1,000 women ages 15-19)", "year": "2016", "value": "3.439"}, {"country": "SMR - San Marino", "index": "GII - Gender Inequality Index", "indicator": "abr - Adolescent Birth Rate (births per 1,000 women ages 15-19)", "year": "2017", "value": "3.287"}, {"country": "SMR - San Marino", "index": "GII - Gender Inequality Index", "indicator": "abr - Adolescent Birth Rate (births per 1,000 women ages 15-19)", "year": "2018", "value": "3.429"}, {"country": "SMR - San Marino", "index": "GII - Gender Inequality Index", "indicator": "abr - Adolescent Birth Rate (births per 1,000 women ages 15-19)", "year": "2019", "value": "3.489"}, {"country": "SMR - San Marino", "index": "GII - Gender Inequality Index", "indicator": "abr - Adolescent Birth Rate (births per 1,000 women ages 15-19)", "year": "2020", "value": "3.655"}, {"country": "SMR - San Marino", "index": "GII - Gender Inequality Index", "indicator": "abr - Adolescent Birth Rate (births per 1,000 women ages 15-19)", "year": "2021", "value": "3.751"}, {"country": "SMR - San Marino", "index": "HDI - Human Development Index", "indicator": "eys - Expected Years of Schooling (years)", "year": "2018", "value": "11.89288998"}, {"country": "SMR - San Marino", "index": "HDI - Human Development Index", "indicator": "eys - Expected Years of Schooling (years)", "year": "2019", "value": "11.96094036"}, {"country": "SMR - San Marino", "index": "HDI - Human Development Index", "indicator": "eys - Expected Years of Schooling (years)", "year": "2020", "value": "12.26613998"}, {"country": "SMR - San Marino", "index": "HDI - Human Development Index", "indicator": "eys - Expected Years of Schooling (years)", "year": "2021", "value": "12.26613998"}, {"country": "SMR - San Marino", "index": "GDI - Gender Development Index", "indicator": "eys_f - Expected Years of Schooling, female (years)", "year": "2018", "value": "11.58216953"}, {"country": "SMR - San Marino", "index": "GDI - Gender Development Index", "indicator": "eys_f - Expected Years of Schooling, female (years)", "year": "2019", "value": "11.6665802"}, {"country": "SMR - San Marino", "index": "GDI - Gender Development Index", "indicator": "eys_f - Expected Years of Schooling, female (years)", "year": "2020", "value": "11.75339031"}, {"country": "SMR - San Marino", "index": "GDI - Gender Development Index", "indicator": "eys_f - Expected Years of Schooling, female (years)", "year": "2021", "value": "11.75339031"}, {"country": "SMR - San Marino", "index": "GDI - Gender Development Index", "indicator": "eys_m - Expected Years of Schooling, male (years)", "year": "2018", "value": "12.27565956"}, {"country": "SMR - San Marino", "index": "GDI - Gender Development Index", "indicator": "eys_m - Expected Years of Schooling, male (years)", "year": "2019", "value": "12.28437996"}, {"country": "SMR - San Marino", "index": "GDI - Gender Development Index", "indicator": "eys_m - Expected Years of Schooling, male (years)", "year": "2020", "value": "12.81585979"}, {"country": "SMR - San Marino", "index": "GDI - Gender Development Index", "indicator": "eys_m - Expected Years of Schooling, male (years)", "year": "2021", "value": "12.81585979"}, {"country": "SMR - San Marino", "index": "HDI - Human Development Index", "indicator": "gnipc - Gross National Income Per Capita (2017 PPP$)", "year": "1990", "value": "52984.91521"}, {"country": "SMR - San Marino", "index": "HDI - Human Development Index", "indicator": "gnipc - Gross National Income Per Capita (2017 PPP$)", "year": "1991", "value": "53083.3119799999"}, {"country": "SMR - San Marino", "index": "HDI - Human Development Index", "indicator": "gnipc - Gross National Income Per Capita (2017 PPP$)", "year": "1992", "value": "52729.44043"}, {"country": "SMR - San Marino", "index": "HDI - Human Development Index", "indicator": "gnipc - Gross National Income Per Capita (2017 PPP$)", "year": "1993", "value": "56463.80666"}, {"country": "SMR - San Marino", "index": "HDI - Human Development Index", "indicator": "gnipc - Gross National Income Per Capita (2017 PPP$)", "year": "1994", "value": "59525.39316"}, {"country": "SMR - San Marino", "index": "HDI - Human Development Index", "indicator": "gnipc - Gross National Income Per Capita (2017 PPP$)", "year": "1995", "value": "64188.41043"}, {"country": "SMR - San Marino", "index": "HDI - Human Development Index", "indicator": "gnipc - Gross National Income Per Capita (2017 PPP$)", "year": "1996", "value": "66476.20068"}, {"country": "SMR - San Marino", "index": "HDI - Human Development Index", "indicator": "gnipc - Gross National Income Per Capita (2017 PPP$)", "year": "1997", "value": "68998.06219"}, {"country": "SMR - San Marino", "index": "HDI - Human Development Index", "indicator": "gnipc - Gross National Income Per Capita (2017 PPP$)", "year": "1998", "value": "72420.49944"}, {"country": "SMR - San Marino", "index": "HDI - Human Development Index", "indicator": "gnipc - Gross National Income Per Capita (2017 PPP$)", "year": "1999", "value": "76042.49354"}, {"country": "SMR - San Marino", "index": "HDI - Human Development Index", "indicator": "gnipc - Gross National Income Per Capita (2017 PPP$)", "year": "2000", "value": "75925.2464"}, {"country": "SMR - San Marino", "index": "HDI - Human Development Index", "indicator": "gnipc - Gross National Income Per Capita (2017 PPP$)", "year": "2001", "value": "78465.99366"}, {"country": "SMR - San Marino", "index": "HDI - Human Development Index", "indicator": "gnipc - Gross National Income Per Capita (2017 PPP$)", "year": "2002", "value": "79392.72059"}, {"country": "SMR - San Marino", "index": "HDI - Human Development Index", "indicator": "gnipc - Gross National Income Per Capita (2017 PPP$)", "year": "2003", "value": "82190.51878"}, {"country": "SMR - San Marino", "index": "HDI - Human Development Index", "indicator": "gnipc - Gross National Income Per Capita (2017 PPP$)", "year": "2004", "value": "84134.23685"}, {"country": "SMR - San Marino", "index": "HDI - Human Development Index", "indicator": "gnipc - Gross National Income Per Capita (2017 PPP$)", "year": "2005", "value": "83924.8326"}, {"country": "SMR - San Marino", "index": "HDI - Human Development Index", "indicator": "gnipc - Gross National Income Per Capita (2017 PPP$)", "year": "2006", "value": "86642.53886"}, {"country": "SMR - San Marino", "index": "HDI - Human Development Index", "indicator": "gnipc - Gross National Income Per Capita (2017 PPP$)", "year": "2007", "value": "89258.18951"}, {"country": "SMR - San Marino", "index": "HDI - Human Development Index", "indicator": "gnipc - Gross National Income Per Capita (2017 PPP$)", "year": "2008", "value": "87854.18234"}, {"country": "SMR - San Marino", "index": "HDI - Human Development Index", "indicator": "gnipc - Gross National Income Per Capita (2017 PPP$)", "year": "2009", "value": "73855.71679"}, {"country": "SMR - San Marino", "index": "HDI - Human Development Index", "indicator": "gnipc - Gross National Income Per Capita (2017 PPP$)", "year": "2010", "value": "71403.10317"}, {"country": "SMR - San Marino", "index": "HDI - Human Development Index", "indicator": "gnipc - Gross National Income Per Capita (2017 PPP$)", "year": "2011", "value": "63729.09125"}, {"country": "SMR - San Marino", "index": "HDI - Human Development Index", "indicator": "gnipc - Gross National Income Per Capita (2017 PPP$)", "year": "2012", "value": "53399.67319"}, {"country": "SMR - San Marino", "index": "HDI - Human Development Index", "indicator": "gnipc - Gross National Income Per Capita (2017 PPP$)", "year": "2013", "value": "54372.70707"}, {"country": "SMR - San Marino", "index": "HDI - Human Development Index", "indicator": "gnipc - Gross National Income Per Capita (2017 PPP$)", "year": "2014", "value": "53001.20328"}, {"country": "SMR - San Marino", "index": "HDI - Human Development Index", "indicator": "gnipc - Gross National Income Per Capita (2017 PPP$)", "year": "2015", "value": "49223.39698"}, {"country": "SMR - San Marino", "index": "HDI - Human Development Index", "indicator": "gnipc - Gross National Income Per Capita (2017 PPP$)", "year": "2016", "value": "49815.34772"}, {"country": "SMR - San Marino", "index": "HDI - Human Development Index", "indicator": "gnipc - Gross National Income Per Capita (2017 PPP$)", "year": "2017", "value": "54725.64938"}, {"country": "SMR - San Marino", "index": "HDI - Human Development Index", "indicator": "gnipc - Gross National Income Per Capita (2017 PPP$)", "year": "2018", "value": "54128.06922"}, {"country": "SMR - San Marino", "index": "HDI - Human Development Index", "indicator": "gnipc - Gross National Income Per Capita (2017 PPP$)", "year": "2019", "value": "55361.79834"}, {"country": "SMR - San Marino", "index": "HDI - Human Development Index", "indicator": "gnipc - Gross National Income Per Capita (2017 PPP$)", "year": "2020", "value": "50212.24688"}, {"country": "SMR - San Marino", "index": "HDI - Human Development Index", "indicator": "gnipc - Gross National Income Per Capita (2017 PPP$)", "year": "2021", "value": "52653.82534"}, {"country": "SMR - San Marino", "index": "HDI - Human Development Index", "indicator": "hdi - Human Development Index (value)", "year": "2018", "value": "0.86"}, {"country": "SMR - San Marino", "index": "HDI - Human Development Index", "indicator": "hdi - Human Development Index (value)", "year": "2019", "value": "0.862"}, {"country": "SMR - San Marino", "index": "HDI - Human Development Index", "indicator": "hdi - Human Development Index (value)", "year": "2020", "value": "0.845"}, {"country": "SMR - San Marino", "index": "HDI - Human Development Index", "indicator": "hdi - Human Development Index (value)", "year": "2021", "value": "0.853"}, {"country": "SMR - San Marino", "index": "HDI - Human Development Index", "indicator": "hdi_rank - HDI Rank", "year": "2021", "value": "44"}, {"country": "SMR - San Marino", "index": "IHDI - Inequality-adjusted Human Development Index", "indicator": "ineq_edu - Inequality in eduation", "year": "2018", "value": "5.562256324"}, {"country": "SMR - San Marino", "index": "IHDI - Inequality-adjusted Human Development Index", "indicator": "ineq_edu - Inequality in eduation", "year": "2019", "value": "5.562256324"}, {"country": "SMR - San Marino", "index": "IHDI - Inequality-adjusted Human Development Index", "indicator": "ineq_edu - Inequality in eduation", "year": "2020", "value": "5.562256324"}, {"country": "SMR - San Marino", "index": "IHDI - Inequality-adjusted Human Development Index", "indicator": "ineq_edu - Inequality in eduation", "year": "2021", "value": "5.562256324"}, {"country": "SMR - San Marino", "index": "IHDI - Inequality-adjusted Human Development Index", "indicator": "ineq_le - Inequality in life expectancy", "year": "2010", "value": "2.942974329"}, {"country": "SMR - San Marino", "index": "IHDI - Inequality-adjusted Human Development Index", "indicator": "ineq_le - Inequality in life expectancy", "year": "2011", "value": "2.888060331"}, {"country": "SMR - San Marino", "index": "IHDI - Inequality-adjusted Human Development Index", "indicator": "ineq_le - Inequality in life expectancy", "year": "2012", "value": "3.119367838"}, {"country": "SMR - San Marino", "index": "IHDI - Inequality-adjusted Human Development Index", "indicator": "ineq_le - Inequality in life expectancy", "year": "2013", "value": "2.876288652"}, {"country": "SMR - San Marino", "index": "IHDI - Inequality-adjusted Human Development Index", "indicator": "ineq_le - Inequality in life expectancy", "year": "2014", "value": "2.82105875"}, {"country": "SMR - San Marino", "index": "IHDI - Inequality-adjusted Human Development Index", "indicator": "ineq_le - Inequality in life expectancy", "year": "2015", "value": "2.801617146"}, {"country": "SMR - San Marino", "index": "IHDI - Inequality-adjusted Human Development Index", "indicator": "ineq_le - Inequality in life expectancy", "year": "2016", "value": "2.781148434"}, {"country": "SMR - San Marino", "index": "IHDI - Inequality-adjusted Human Development Index", "indicator": "ineq_le - Inequality in life expectancy", "year": "2017", "value": "2.772199631"}, {"country": "SMR - San Marino", "index": "IHDI - Inequality-adjusted Human Development Index", "indicator": "ineq_le - Inequality in life expectancy", "year": "2018", "value": "2.744881868"}, {"country": "SMR - San Marino", "index": "IHDI - Inequality-adjusted Human Development Index", "indicator": "ineq_le - Inequality in life expectancy", "year": "2019", "value": "2.712543964"}, {"country": "SMR - San Marino", "index": "IHDI - Inequality-adjusted Human Development Index", "indicator": "ineq_le - Inequality in life expectancy", "year": "2020", "value": "3.004160643"}, {"country": "SMR - San Marino", "index": "IHDI - Inequality-adjusted Human Development Index", "indicator": "ineq_le - Inequality in life expectancy", "year": "2021", "value": "2.832036257"}, {"country": "SMR - San Marino", "index": "HDI - Human Development Index", "indicator": "le - Life Expectancy at Birth (years)", "year": "1990", "value": "78.6696"}, {"country": "SMR - San Marino", "index": "HDI - Human Development Index", "indicator": "le - Life Expectancy at Birth (years)", "year": "1991", "value": "78.8539"}, {"country": "SMR - San Marino", "index": "HDI - Human Development Index", "indicator": "le - Life Expectancy at Birth (years)", "year": "1992", "value": "78.8439"}, {"country": "SMR - San Marino", "index": "HDI - Human Development Index", "indicator": "le - Life Expectancy at Birth (years)", "year": "1993", "value": "78.9294"}, {"country": "SMR - San Marino", "index": "HDI - Human Development Index", "indicator": "le - Life Expectancy at Birth (years)", "year": "1994", "value": "79.2137"}, {"country": "SMR - San Marino", "index": "HDI - Human Development Index", "indicator": "le - Life Expectancy at Birth (years)", "year": "1995", "value": "79.606"}, {"country": "SMR - San Marino", "index": "HDI - Human Development Index", "indicator": "le - Life Expectancy at Birth (years)", "year": "1996", "value": "79.2439"}, {"country": "SMR - San Marino", "index": "HDI - Human Development Index", "indicator": "le - Life Expectancy at Birth (years)", "year": "1997", "value": "79.6085"}, {"country": "SMR - San Marino", "index": "HDI - Human Development Index", "indicator": "le - Life Expectancy at Birth (years)", "year": "1998", "value": "80.0336"}, {"country": "SMR - San Marino", "index": "HDI - Human Development Index", "indicator": "le - Life Expectancy at Birth (years)", "year": "1999", "value": "80.2569"}, {"country": "SMR - San Marino", "index": "HDI - Human Development Index", "indicator": "le - Life Expectancy at Birth (years)", "year": "2000", "value": "79.9486"}, {"country": "SMR - San Marino", "index": "HDI - Human Development Index", "indicator": "le - Life Expectancy at Birth (years)", "year": "2001", "value": "80.4193"}, {"country": "SMR - San Marino", "index": "HDI - Human Development Index", "indicator": "le - Life Expectancy at Birth (years)", "year": "2002", "value": "80.7656"}, {"country": "SMR - San Marino", "index": "HDI - Human Development Index", "indicator": "le - Life Expectancy at Birth (years)", "year": "2003", "value": "80.7311"}, {"country": "SMR - San Marino", "index": "HDI - Human Development Index", "indicator": "le - Life Expectancy at Birth (years)", "year": "2004", "value": "80.7028"}, {"country": "SMR - San Marino", "index": "HDI - Human Development Index", "indicator": "le - Life Expectancy at Birth (years)", "year": "2005", "value": "81.2182"}, {"country": "SMR - San Marino", "index": "HDI - Human Development Index", "indicator": "le - Life Expectancy at Birth (years)", "year": "2006", "value": "81.5574"}, {"country": "SMR - San Marino", "index": "HDI - Human Development Index", "indicator": "le - Life Expectancy at Birth (years)", "year": "2007", "value": "81.853"}, {"country": "SMR - San Marino", "index": "HDI - Human Development Index", "indicator": "le - Life Expectancy at Birth (years)", "year": "2008", "value": "82.2058"}, {"country": "SMR - San Marino", "index": "HDI - Human Development Index", "indicator": "le - Life Expectancy at Birth (years)", "year": "2009", "value": "82.4928"}, {"country": "SMR - San Marino", "index": "HDI - Human Development Index", "indicator": "le - Life Expectancy at Birth (years)", "year": "2010", "value": "82.6838"}, {"country": "SMR - San Marino", "index": "HDI - Human Development Index", "indicator": "le - Life Expectancy at Birth (years)", "year": "2011", "value": "82.7619"}, {"country": "SMR - San Marino", "index": "HDI - Human Development Index", "indicator": "le - Life Expectancy at Birth (years)", "year": "2012", "value": "82.575"}, {"country": "SMR - San Marino", "index": "HDI - Human Development Index", "indicator": "le - Life Expectancy at Birth (years)", "year": "2013", "value": "82.3913"}, {"country": "SMR - San Marino", "index": "HDI - Human Development Index", "indicator": "le - Life Expectancy at Birth (years)", "year": "2014", "value": "82.8949"}, {"country": "SMR - San Marino", "index": "HDI - Human Development Index", "indicator": "le - Life Expectancy at Birth (years)", "year": "2015", "value": "82.927"}, {"country": "SMR - San Marino", "index": "HDI - Human Development Index", "indicator": "le - Life Expectancy at Birth (years)", "year": "2016", "value": "82.9726"}, {"country": "SMR - San Marino", "index": "HDI - Human Development Index", "indicator": "le - Life Expectancy at Birth (years)", "year": "2017", "value": "82.9161"}, {"country": "SMR - San Marino", "index": "HDI - Human Development Index", "indicator": "le - Life Expectancy at Birth (years)", "year": "2018", "value": "82.9479"}, {"country": "SMR - San Marino", "index": "HDI - Human Development Index", "indicator": "le - Life Expectancy at Birth (years)", "year": "2019", "value": "82.9863"}, {"country": "SMR - San Marino", "index": "HDI - Human Development Index", "indicator": "le - Life Expectancy at Birth (years)", "year": "2020", "value": "79.5886"}, {"country": "SMR - San Marino", "index": "HDI - Human Development Index", "indicator": "le - Life Expectancy at Birth (years)", "year": "2021", "value": "80.8786"}, {"country": "SMR - San Marino", "index": "GDI - Gender Development Index", "indicator": "le_f - Life Expectancy at Birth, female (years)", "year": "1990", "value": "80.6948"}, {"country": "SMR - San Marino", "index": "GDI - Gender Development Index", "indicator": "le_f - Life Expectancy at Birth, female (years)", "year": "1991", "value": "80.4436"}, {"country": "SMR - San Marino", "index": "GDI - Gender Development Index", "indicator": "le_f - Life Expectancy at Birth, female (years)", "year": "1992", "value": "80.533"}, {"country": "SMR - San Marino", "index": "GDI - Gender Development Index", "indicator": "le_f - Life Expectancy at Birth, female (years)", "year": "1993", "value": "80.8788"}, {"country": "SMR - San Marino", "index": "GDI - Gender Development Index", "indicator": "le_f - Life Expectancy at Birth, female (years)", "year": "1994", "value": "81.4601"}, {"country": "SMR - San Marino", "index": "GDI - Gender Development Index", "indicator": "le_f - Life Expectancy at Birth, female (years)", "year": "1995", "value": "81.962"}, {"country": "SMR - San Marino", "index": "GDI - Gender Development Index", "indicator": "le_f - Life Expectancy at Birth, female (years)", "year": "1996", "value": "81.5899"}, {"country": "SMR - San Marino", "index": "GDI - Gender Development Index", "indicator": "le_f - Life Expectancy at Birth, female (years)", "year": "1997", "value": "82.4531"}, {"country": "SMR - San Marino", "index": "GDI - Gender Development Index", "indicator": "le_f - Life Expectancy at Birth, female (years)", "year": "1998", "value": "82.6593"}, {"country": "SMR - San Marino", "index": "GDI - Gender Development Index", "indicator": "le_f - Life Expectancy at Birth, female (years)", "year": "1999", "value": "82.6325"}, {"country": "SMR - San Marino", "index": "GDI - Gender Development Index", "indicator": "le_f - Life Expectancy at Birth, female (years)", "year": "2000", "value": "82.2952"}, {"country": "SMR - San Marino", "index": "GDI - Gender Development Index", "indicator": "le_f - Life Expectancy at Birth, female (years)", "year": "2001", "value": "82.4253"}, {"country": "SMR - San Marino", "index": "GDI - Gender Development Index", "indicator": "le_f - Life Expectancy at Birth, female (years)", "year": "2002", "value": "82.2796"}, {"country": "SMR - San Marino", "index": "GDI - Gender Development Index", "indicator": "le_f - Life Expectancy at Birth, female (years)", "year": "2003", "value": "82.1682"}, {"country": "SMR - San Marino", "index": "GDI - Gender Development Index", "indicator": "le_f - Life Expectancy at Birth, female (years)", "year": "2004", "value": "82.2553"}, {"country": "SMR - San Marino", "index": "GDI - Gender Development Index", "indicator": "le_f - Life Expectancy at Birth, female (years)", "year": "2005", "value": "82.744"}, {"country": "SMR - San Marino", "index": "GDI - Gender Development Index", "indicator": "le_f - Life Expectancy at Birth, female (years)", "year": "2006", "value": "83.1312"}, {"country": "SMR - San Marino", "index": "GDI - Gender Development Index", "indicator": "le_f - Life Expectancy at Birth, female (years)", "year": "2007", "value": "83.5074"}, {"country": "SMR - San Marino", "index": "GDI - Gender Development Index", "indicator": "le_f - Life Expectancy at Birth, female (years)", "year": "2008", "value": "83.919"}, {"country": "SMR - San Marino", "index": "GDI - Gender Development Index", "indicator": "le_f - Life Expectancy at Birth, female (years)", "year": "2009", "value": "84.2278"}, {"country": "SMR - San Marino", "index": "GDI - Gender Development Index", "indicator": "le_f - Life Expectancy at Birth, female (years)", "year": "2010", "value": "84.3287"}, {"country": "SMR - San Marino", "index": "GDI - Gender Development Index", "indicator": "le_f - Life Expectancy at Birth, female (years)", "year": "2011", "value": "84.3236"}, {"country": "SMR - San Marino", "index": "GDI - Gender Development Index", "indicator": "le_f - Life Expectancy at Birth, female (years)", "year": "2012", "value": "84.3249"}, {"country": "SMR - San Marino", "index": "GDI - Gender Development Index", "indicator": "le_f - Life Expectancy at Birth, female (years)", "year": "2013", "value": "83.5858"}, {"country": "SMR - San Marino", "index": "GDI - Gender Development Index", "indicator": "le_f - Life Expectancy at Birth, female (years)", "year": "2014", "value": "84.3297"}, {"country": "SMR - San Marino", "index": "GDI - Gender Development Index", "indicator": "le_f - Life Expectancy at Birth, female (years)", "year": "2015", "value": "84.2815"}, {"country": "SMR - San Marino", "index": "GDI - Gender Development Index", "indicator": "le_f - Life Expectancy at Birth, female (years)", "year": "2016", "value": "84.2659"}, {"country": "SMR - San Marino", "index": "GDI - Gender Development Index", "indicator": "le_f - Life Expectancy at Birth, female (years)", "year": "2017", "value": "84.2922"}, {"country": "SMR - San Marino", "index": "GDI - Gender Development Index", "indicator": "le_f - Life Expectancy at Birth, female (years)", "year": "2018", "value": "84.3294"}, {"country": "SMR - San Marino", "index": "GDI - Gender Development Index", "indicator": "le_f - Life Expectancy at Birth, female (years)", "year": "2019", "value": "84.376"}, {"country": "SMR - San Marino", "index": "GDI - Gender Development Index", "indicator": "le_f - Life Expectancy at Birth, female (years)", "year": "2020", "value": "82.4315"}, {"country": "SMR - San Marino", "index": "GDI - Gender Development Index", "indicator": "le_f - Life Expectancy at Birth, female (years)", "year": "2021", "value": "83.495"}, {"country": "SMR - San Marino", "index": "GDI - Gender Development Index", "indicator": "le_m - Life Expectancy at Birth, male (years)", "year": "1990", "value": "76.5355"}, {"country": "SMR - San Marino", "index": "GDI - Gender Development Index", "indicator": "le_m - Life Expectancy at Birth, male (years)", "year": "1991", "value": "77.1505"}, {"country": "SMR - San Marino", "index": "GDI - Gender Development Index", "indicator": "le_m - Life Expectancy at Birth, male (years)", "year": "1992", "value": "77.0451"}, {"country": "SMR - San Marino", "index": "GDI - Gender Development Index", "indicator": "le_m - Life Expectancy at Birth, male (years)", "year": "1993", "value": "76.8875"}, {"country": "SMR - San Marino", "index": "GDI - Gender Development Index", "indicator": "le_m - Life Expectancy at Birth, male (years)", "year": "1994", "value": "76.8839"}, {"country": "SMR - San Marino", "index": "GDI - Gender Development Index", "indicator": "le_m - Life Expectancy at Birth, male (years)", "year": "1995", "value": "77.1563"}, {"country": "SMR - San Marino", "index": "GDI - Gender Development Index", "indicator": "le_m - Life Expectancy at Birth, male (years)", "year": "1996", "value": "76.8293"}, {"country": "SMR - San Marino", "index": "GDI - Gender Development Index", "indicator": "le_m - Life Expectancy at Birth, male (years)", "year": "1997", "value": "76.751"}, {"country": "SMR - San Marino", "index": "GDI - Gender Development Index", "indicator": "le_m - Life Expectancy at Birth, male (years)", "year": "1998", "value": "77.3563"}, {"country": "SMR - San Marino", "index": "GDI - Gender Development Index", "indicator": "le_m - Life Expectancy at Birth, male (years)", "year": "1999", "value": "77.8022"}, {"country": "SMR - San Marino", "index": "GDI - Gender Development Index", "indicator": "le_m - Life Expectancy at Birth, male (years)", "year": "2000", "value": "77.5368"}, {"country": "SMR - San Marino", "index": "GDI - Gender Development Index", "indicator": "le_m - Life Expectancy at Birth, male (years)", "year": "2001", "value": "78.2951"}, {"country": "SMR - San Marino", "index": "GDI - Gender Development Index", "indicator": "le_m - Life Expectancy at Birth, male (years)", "year": "2002", "value": "79.0991"}, {"country": "SMR - San Marino", "index": "GDI - Gender Development Index", "indicator": "le_m - Life Expectancy at Birth, male (years)", "year": "2003", "value": "79.1336"}, {"country": "SMR - San Marino", "index": "GDI - Gender Development Index", "indicator": "le_m - Life Expectancy at Birth, male (years)", "year": "2004", "value": "79.0014"}, {"country": "SMR - San Marino", "index": "GDI - Gender Development Index", "indicator": "le_m - Life Expectancy at Birth, male (years)", "year": "2005", "value": "79.547"}, {"country": "SMR - San Marino", "index": "GDI - Gender Development Index", "indicator": "le_m - Life Expectancy at Birth, male (years)", "year": "2006", "value": "79.8343"}, {"country": "SMR - San Marino", "index": "GDI - Gender Development Index", "indicator": "le_m - Life Expectancy at Birth, male (years)", "year": "2007", "value": "80.0415"}, {"country": "SMR - San Marino", "index": "GDI - Gender Development Index", "indicator": "le_m - Life Expectancy at Birth, male (years)", "year": "2008", "value": "80.3606"}, {"country": "SMR - San Marino", "index": "GDI - Gender Development Index", "indicator": "le_m - Life Expectancy at Birth, male (years)", "year": "2009", "value": "80.6443"}, {"country": "SMR - San Marino", "index": "GDI - Gender Development Index", "indicator": "le_m - Life Expectancy at Birth, male (years)", "year": "2010", "value": "80.9158"}, {"country": "SMR - San Marino", "index": "GDI - Gender Development Index", "indicator": "le_m - Life Expectancy at Birth, male (years)", "year": "2011", "value": "81.0749"}, {"country": "SMR - San Marino", "index": "GDI - Gender Development Index", "indicator": "le_m - Life Expectancy at Birth, male (years)", "year": "2012", "value": "80.7139"}, {"country": "SMR - San Marino", "index": "GDI - Gender Development Index", "indicator": "le_m - Life Expectancy at Birth, male (years)", "year": "2013", "value": "81.0975"}, {"country": "SMR - San Marino", "index": "GDI - Gender Development Index", "indicator": "le_m - Life Expectancy at Birth, male (years)", "year": "2014", "value": "81.3421"}, {"country": "SMR - San Marino", "index": "GDI - Gender Development Index", "indicator": "le_m - Life Expectancy at Birth, male (years)", "year": "2015", "value": "81.4458"}, {"country": "SMR - San Marino", "index": "GDI - Gender Development Index", "indicator": "le_m - Life Expectancy at Birth, male (years)", "year": "2016", "value": "81.558"}, {"country": "SMR - San Marino", "index": "GDI - Gender Development Index", "indicator": "le_m - Life Expectancy at Birth, male (years)", "year": "2017", "value": "81.4399"}, {"country": "SMR - San Marino", "index": "GDI - Gender Development Index", "indicator": "le_m - Life Expectancy at Birth, male (years)", "year": "2018", "value": "81.481"}, {"country": "SMR - San Marino", "index": "GDI - Gender Development Index", "indicator": "le_m - Life Expectancy at Birth, male (years)", "year": "2019", "value": "81.5176"}, {"country": "SMR - San Marino", "index": "GDI - Gender Development Index", "indicator": "le_m - Life Expectancy at Birth, male (years)", "year": "2020", "value": "76.9517"}, {"country": "SMR - San Marino", "index": "GDI - Gender Development Index", "indicator": "le_m - Life Expectancy at Birth, male (years)", "year": "2021", "value": "78.3621"}, {"country": "SMR - San Marino", "index": "HDI - Human Development Index", "indicator": "mys - Mean Years of Schooling (years)", "year": "2018", "value": "10.80146027"}, {"country": "SMR - San Marino", "index": "HDI - Human Development Index", "indicator": "mys - Mean Years of Schooling (years)", "year": "2019", "value": "10.80146027"}, {"country": "SMR - San Marino", "index": "HDI - Human Development Index", "indicator": "mys - Mean Years of Schooling (years)", "year": "2020", "value": "10.80146027"}, {"country": "SMR - San Marino", "index": "HDI - Human Development Index", "indicator": "mys - Mean Years of Schooling (years)", "year": "2021", "value": "10.80146027"}, {"country": "SMR - San Marino", "index": "GDI - Gender Development Index", "indicator": "mys_f - Mean Years of Schooling, female (years)", "year": "2018", "value": "10.89807987"}, {"country": "SMR - San Marino", "index": "GDI - Gender Development Index", "indicator": "mys_f - Mean Years of Schooling, female (years)", "year": "2019", "value": "10.89807987"}, {"country": "SMR - San Marino", "index": "GDI - Gender Development Index", "indicator": "mys_f - Mean Years of Schooling, female (years)", "year": "2020", "value": "10.89807987"}, {"country": "SMR - San Marino", "index": "GDI - Gender Development Index", "indicator": "mys_f - Mean Years of Schooling, female (years)", "year": "2021", "value": "10.89807987"}, {"country": "SMR - San Marino", "index": "GDI - Gender Development Index", "indicator": "mys_m - Mean Years of Schooling, male (years)", "year": "2018", "value": "10.69499016"}, {"country": "SMR - San Marino", "index": "GDI - Gender Development Index", "indicator": "mys_m - Mean Years of Schooling, male (years)", "year": "2019", "value": "10.69499016"}, {"country": "SMR - San Marino", "index": "GDI - Gender Development Index", "indicator": "mys_m - Mean Years of Schooling, male (years)", "year": "2020", "value": "10.69499016"}, {"country": "SMR - San Marino", "index": "GDI - Gender Development Index", "indicator": "mys_m - Mean Years of Schooling, male (years)", "year": "2021", "value": "10.69499016"}, {"country": "SMR - San Marino", "index": "GII - Gender Inequality Index", "indicator": "pr_f - Share of seats in parliament, female (% held by women)", "year": "1990", "value": "11.66666667"}, {"country": "SMR - San Marino", "index": "GII - Gender Inequality Index", "indicator": "pr_f - Share of seats in parliament, female (% held by women)", "year": "1991", "value": "11.66666667"}, {"country": "SMR - San Marino", "index": "GII - Gender Inequality Index", "indicator": "pr_f - Share of seats in parliament, female (% held by women)", "year": "1992", "value": "11.66666667"}, {"country": "SMR - San Marino", "index": "GII - Gender Inequality Index", "indicator": "pr_f - Share of seats in parliament, female (% held by women)", "year": "1993", "value": "11.66666667"}, {"country": "SMR - San Marino", "index": "GII - Gender Inequality Index", "indicator": "pr_f - Share of seats in parliament, female (% held by women)", "year": "1994", "value": "11.66666667"}, {"country": "SMR - San Marino", "index": "GII - Gender Inequality Index", "indicator": "pr_f - Share of seats in parliament, female (% held by women)", "year": "1995", "value": "11.66666667"}, {"country": "SMR - San Marino", "index": "GII - Gender Inequality Index", "indicator": "pr_f - Share of seats in parliament, female (% held by women)", "year": "1996", "value": "11.66666667"}, {"country": "SMR - San Marino", "index": "GII - Gender Inequality Index", "indicator": "pr_f - Share of seats in parliament, female (% held by women)", "year": "1997", "value": "11.66666667"}, {"country": "SMR - San Marino", "index": "GII - Gender Inequality Index", "indicator": "pr_f - Share of seats in parliament, female (% held by women)", "year": "1998", "value": "13.33333333"}, {"country": "SMR - San Marino", "index": "GII - Gender Inequality Index", "indicator": "pr_f - Share of seats in parliament, female (% held by women)", "year": "1999", "value": "13.33333333"}, {"country": "SMR - San Marino", "index": "GII - Gender Inequality Index", "indicator": "pr_f - Share of seats in parliament, female (% held by women)", "year": "2000", "value": "13.33333333"}, {"country": "SMR - San Marino", "index": "GII - Gender Inequality Index", "indicator": "pr_f - Share of seats in parliament, female (% held by women)", "year": "2001", "value": "16.66666667"}, {"country": "SMR - San Marino", "index": "GII - Gender Inequality Index", "indicator": "pr_f - Share of seats in parliament, female (% held by women)", "year": "2002", "value": "16.66666667"}, {"country": "SMR - San Marino", "index": "GII - Gender Inequality Index", "indicator": "pr_f - Share of seats in parliament, female (% held by women)", "year": "2003", "value": "16.66666667"}, {"country": "SMR - San Marino", "index": "GII - Gender Inequality Index", "indicator": "pr_f - Share of seats in parliament, female (% held by women)", "year": "2004", "value": "16.66666667"}, {"country": "SMR - San Marino", "index": "GII - Gender Inequality Index", "indicator": "pr_f - Share of seats in parliament, female (% held by women)", "year": "2005", "value": "16.66666667"}, {"country": "SMR - San Marino", "index": "GII - Gender Inequality Index", "indicator": "pr_f - Share of seats in parliament, female (% held by women)", "year": "2006", "value": "11.66666667"}, {"country": "SMR - San Marino", "index": "GII - Gender Inequality Index", "indicator": "pr_f - Share of seats in parliament, female (% held by women)", "year": "2007", "value": "11.66666667"}, {"country": "SMR - San Marino", "index": "GII - Gender Inequality Index", "indicator": "pr_f - Share of seats in parliament, female (% held by women)", "year": "2008", "value": "15"}, {"country": "SMR - San Marino", "index": "GII - Gender Inequality Index", "indicator": "pr_f - Share of seats in parliament, female (% held by women)", "year": "2009", "value": "16.66666667"}, {"country": "SMR - San Marino", "index": "GII - Gender Inequality Index", "indicator": "pr_f - Share of seats in parliament, female (% held by women)", "year": "2010", "value": "16.66666667"}, {"country": "SMR - San Marino", "index": "GII - Gender Inequality Index", "indicator": "pr_f - Share of seats in parliament, female (% held by women)", "year": "2011", "value": "18.33333333"}, {"country": "SMR - San Marino", "index": "GII - Gender Inequality Index", "indicator": "pr_f - Share of seats in parliament, female (% held by women)", "year": "2012", "value": "16.66666667"}, {"country": "SMR - San Marino", "index": "GII - Gender Inequality Index", "indicator": "pr_f - Share of seats in parliament, female (% held by women)", "year": "2013", "value": "18.33333333"}, {"country": "SMR - San Marino", "index": "GII - Gender Inequality Index", "indicator": "pr_f - Share of seats in parliament, female (% held by women)", "year": "2014", "value": "18.33333333"}, {"country": "SMR - San Marino", "index": "GII - Gender Inequality Index", "indicator": "pr_f - Share of seats in parliament, female (% held by women)", "year": "2015", "value": "16.66666667"}, {"country": "SMR - San Marino", "index": "GII - Gender Inequality Index", "indicator": "pr_f - Share of seats in parliament, female (% held by women)", "year": "2016", "value": "23.33333333"}, {"country": "SMR - San Marino", "index": "GII - Gender Inequality Index", "indicator": "pr_f - Share of seats in parliament, female (% held by women)", "year": "2017", "value": "26.66666667"}, {"country": "SMR - San Marino", "index": "GII - Gender Inequality Index", "indicator": "pr_f - Share of seats in parliament, female (% held by women)", "year": "2018", "value": "26.66666667"}, {"country": "SMR - San Marino", "index": "GII - Gender Inequality Index", "indicator": "pr_f - Share of seats in parliament, female (% held by women)", "year": "2019", "value": "25"}, {"country": "SMR - San Marino", "index": "GII - Gender Inequality Index", "indicator": "pr_f - Share of seats in parliament, female (% held by women)", "year": "2020", "value": "33.33333333"}, {"country": "SMR - San Marino", "index": "GII - Gender Inequality Index", "indicator": "pr_f - Share of seats in parliament, female (% held by women)", "year": "2021", "value": "33.33333333"}, {"country": "SMR - San Marino", "index": "GII - Gender Inequality Index", "indicator": "pr_m - Share of seats in parliament, male (% held by men)", "year": "1990", "value": "88.33333333"}, {"country": "SMR - San Marino", "index": "GII - Gender Inequality Index", "indicator": "pr_m - Share of seats in parliament, male (% held by men)", "year": "1991", "value": "88.33333333"}, {"country": "SMR - San Marino", "index": "GII - Gender Inequality Index", "indicator": "pr_m - Share of seats in parliament, male (% held by men)", "year": "1992", "value": "88.33333333"}, {"country": "SMR - San Marino", "index": "GII - Gender Inequality Index", "indicator": "pr_m - Share of seats in parliament, male (% held by men)", "year": "1993", "value": "88.33333333"}, {"country": "SMR - San Marino", "index": "GII - Gender Inequality Index", "indicator": "pr_m - Share of seats in parliament, male (% held by men)", "year": "1994", "value": "88.33333333"}, {"country": "SMR - San Marino", "index": "GII - Gender Inequality Index", "indicator": "pr_m - Share of seats in parliament, male (% held by men)", "year": "1995", "value": "88.33333333"}, {"country": "SMR - San Marino", "index": "GII - Gender Inequality Index", "indicator": "pr_m - Share of seats in parliament, male (% held by men)", "year": "1996", "value": "88.33333333"}, {"country": "SMR - San Marino", "index": "GII - Gender Inequality Index", "indicator": "pr_m - Share of seats in parliament, male (% held by men)", "year": "1997", "value": "88.33333333"}, {"country": "SMR - San Marino", "index": "GII - Gender Inequality Index", "indicator": "pr_m - Share of seats in parliament, male (% held by men)", "year": "1998", "value": "86.66666667"}, {"country": "SMR - San Marino", "index": "GII - Gender Inequality Index", "indicator": "pr_m - Share of seats in parliament, male (% held by men)", "year": "1999", "value": "86.66666667"}, {"country": "SMR - San Marino", "index": "GII - Gender Inequality Index", "indicator": "pr_m - Share of seats in parliament, male (% held by men)", "year": "2000", "value": "86.66666667"}, {"country": "SMR - San Marino", "index": "GII - Gender Inequality Index", "indicator": "pr_m - Share of seats in parliament, male (% held by men)", "year": "2001", "value": "83.33333333"}, {"country": "SMR - San Marino", "index": "GII - Gender Inequality Index", "indicator": "pr_m - Share of seats in parliament, male (% held by men)", "year": "2002", "value": "83.33333333"}, {"country": "SMR - San Marino", "index": "GII - Gender Inequality Index", "indicator": "pr_m - Share of seats in parliament, male (% held by men)", "year": "2003", "value": "83.33333333"}, {"country": "SMR - San Marino", "index": "GII - Gender Inequality Index", "indicator": "pr_m - Share of seats in parliament, male (% held by men)", "year": "2004", "value": "83.33333333"}, {"country": "SMR - San Marino", "index": "GII - Gender Inequality Index", "indicator": "pr_m - Share of seats in parliament, male (% held by men)", "year": "2005", "value": "83.33333333"}, {"country": "SMR - San Marino", "index": "GII - Gender Inequality Index", "indicator": "pr_m - Share of seats in parliament, male (% held by men)", "year": "2006", "value": "88.33333333"}, {"country": "SMR - San Marino", "index": "GII - Gender Inequality Index", "indicator": "pr_m - Share of seats in parliament, male (% held by men)", "year": "2007", "value": "88.33333333"}, {"country": "SMR - San Marino", "index": "GII - Gender Inequality Index", "indicator": "pr_m - Share of seats in parliament, male (% held by men)", "year": "2008", "value": "85"}, {"country": "SMR - San Marino", "index": "GII - Gender Inequality Index", "indicator": "pr_m - Share of seats in parliament, male (% held by men)", "year": "2009", "value": "83.33333333"}, {"country": "SMR - San Marino", "index": "GII - Gender Inequality Index", "indicator": "pr_m - Share of seats in parliament, male (% held by men)", "year": "2010", "value": "83.33333333"}, {"country": "SMR - San Marino", "index": "GII - Gender Inequality Index", "indicator": "pr_m - Share of seats in parliament, male (% held by men)", "year": "2011", "value": "81.66666667"}, {"country": "SMR - San Marino", "index": "GII - Gender Inequality Index", "indicator": "pr_m - Share of seats in parliament, male (% held by men)", "year": "2012", "value": "83.33333333"}, {"country": "SMR - San Marino", "index": "GII - Gender Inequality Index", "indicator": "pr_m - Share of seats in parliament, male (% held by men)", "year": "2013", "value": "81.66666667"}, {"country": "SMR - San Marino", "index": "GII - Gender Inequality Index", "indicator": "pr_m - Share of seats in parliament, male (% held by men)", "year": "2014", "value": "81.66666667"}, {"country": "SMR - San Marino", "index": "GII - Gender Inequality Index", "indicator": "pr_m - Share of seats in parliament, male (% held by men)", "year": "2015", "value": "83.33333333"}, {"country": "SMR - San Marino", "index": "GII - Gender Inequality Index", "indicator": "pr_m - Share of seats in parliament, male (% held by men)", "year": "2016", "value": "76.66666667"}, {"country": "SMR - San Marino", "index": "GII - Gender Inequality Index", "indicator": "pr_m - Share of seats in parliament, male (% held by men)", "year": "2017", "value": "73.33333333"}, {"country": "SMR - San Marino", "index": "GII - Gender Inequality Index", "indicator": "pr_m - Share of seats in parliament, male (% held by men)", "year": "2018", "value": "73.33333333"}, {"country": "SMR - San Marino", "index": "GII - Gender Inequality Index", "indicator": "pr_m - Share of seats in parliament, male (% held by men)", "year": "2019", "value": "75"}, {"country": "SMR - San Marino", "index": "GII - Gender Inequality Index", "indicator": "pr_m - Share of seats in parliament, male (% held by men)", "year": "2020", "value": "66.66666667"}, {"country": "SMR - San Marino", "index": "GII - Gender Inequality Index", "indicator": "pr_m - Share of seats in parliament, male (% held by men)", "year": "2021", "value": "66.66666667"}, {"country": "SMR - San Marino", "index": "GII - Gender Inequality Index", "indicator": "se_f - Population with at least some secondary education, female (% ages 25 and older)", "year": "2018", "value": "81.75823975"}, {"country": "SMR - San Marino", "index": "GII - Gender Inequality Index", "indicator": "se_f - Population with at least some secondary education, female (% ages 25 and older)", "year": "2019", "value": "81.75823975"}, {"country": "SMR - San Marino", "index": "GII - Gender Inequality Index", "indicator": "se_f - Population with at least some secondary education, female (% ages 25 and older)", "year": "2020", "value": "81.75823975"}, {"country": "SMR - San Marino", "index": "GII - Gender Inequality Index", "indicator": "se_f - Population with at least some secondary education, female (% ages 25 and older)", "year": "2021", "value": "81.75823975"}, {"country": "SMR - San Marino", "index": "GII - Gender Inequality Index", "indicator": "se_m - Population with at least some secondary education, male (% ages 25 and older)", "year": "2018", "value": "84.284729"}, {"country": "SMR - San Marino", "index": "GII - Gender Inequality Index", "indicator": "se_m - Population with at least some secondary education, male (% ages 25 and older)", "year": "2019", "value": "84.284729"}, {"country": "SMR - San Marino", "index": "GII - Gender Inequality Index", "indicator": "se_m - Population with at least some secondary education, male (% ages 25 and older)", "year": "2020", "value": "84.284729"}, {"country": "SMR - San Marino", "index": "GII - Gender Inequality Index", "indicator": "se_m - Population with at least some secondary education, male (% ages 25 and older)", "year": "2021", "value": "84.284729"}]