[{"country": "KIR - Kiribati", "index": "GII - Gender Inequality Index", "indicator": "abr - Adolescent Birth Rate (births per 1,000 women ages 15-19)", "year": "1990", "value": "59.382"}, {"country": "KIR - Kiribati", "index": "GII - Gender Inequality Index", "indicator": "abr - Adolescent Birth Rate (births per 1,000 women ages 15-19)", "year": "1991", "value": "55.867"}, {"country": "KIR - Kiribati", "index": "GII - Gender Inequality Index", "indicator": "abr - Adolescent Birth Rate (births per 1,000 women ages 15-19)", "year": "1992", "value": "51.23"}, {"country": "KIR - Kiribati", "index": "GII - Gender Inequality Index", "indicator": "abr - Adolescent Birth Rate (births per 1,000 women ages 15-19)", "year": "1993", "value": "46.636"}, {"country": "KIR - Kiribati", "index": "GII - Gender Inequality Index", "indicator": "abr - Adolescent Birth Rate (births per 1,000 women ages 15-19)", "year": "1994", "value": "44.881"}, {"country": "KIR - Kiribati", "index": "GII - Gender Inequality Index", "indicator": "abr - Adolescent Birth Rate (births per 1,000 women ages 15-19)", "year": "1995", "value": "44.059"}, {"country": "KIR - Kiribati", "index": "GII - Gender Inequality Index", "indicator": "abr - Adolescent Birth Rate (births per 1,000 women ages 15-19)", "year": "1996", "value": "45.333"}, {"country": "KIR - Kiribati", "index": "GII - Gender Inequality Index", "indicator": "abr - Adolescent Birth Rate (births per 1,000 women ages 15-19)", "year": "1997", "value": "45.342"}, {"country": "KIR - Kiribati", "index": "GII - Gender Inequality Index", "indicator": "abr - Adolescent Birth Rate (births per 1,000 women ages 15-19)", "year": "1998", "value": "45.91"}, {"country": "KIR - Kiribati", "index": "GII - Gender Inequality Index", "indicator": "abr - Adolescent Birth Rate (births per 1,000 women ages 15-19)", "year": "1999", "value": "45.907"}, {"country": "KIR - Kiribati", "index": "GII - Gender Inequality Index", "indicator": "abr - Adolescent Birth Rate (births per 1,000 women ages 15-19)", "year": "2000", "value": "44.063"}, {"country": "KIR - Kiribati", "index": "GII - Gender Inequality Index", "indicator": "abr - Adolescent Birth Rate (births per 1,000 women ages 15-19)", "year": "2001", "value": "42.862"}, {"country": "KIR - Kiribati", "index": "GII - Gender Inequality Index", "indicator": "abr - Adolescent Birth Rate (births per 1,000 women ages 15-19)", "year": "2002", "value": "41.494"}, {"country": "KIR - Kiribati", "index": "GII - Gender Inequality Index", "indicator": "abr - Adolescent Birth Rate (births per 1,000 women ages 15-19)", "year": "2003", "value": "40.377"}, {"country": "KIR - Kiribati", "index": "GII - Gender Inequality Index", "indicator": "abr - Adolescent Birth Rate (births per 1,000 women ages 15-19)", "year": "2004", "value": "41.023"}, {"country": "KIR - Kiribati", "index": "GII - Gender Inequality Index", "indicator": "abr - Adolescent Birth Rate (births per 1,000 women ages 15-19)", "year": "2005", "value": "41.149"}, {"country": "KIR - Kiribati", "index": "GII - Gender Inequality Index", "indicator": "abr - Adolescent Birth Rate (births per 1,000 women ages 15-19)", "year": "2006", "value": "41.862"}, {"country": "KIR - Kiribati", "index": "GII - Gender Inequality Index", "indicator": "abr - Adolescent Birth Rate (births per 1,000 women ages 15-19)", "year": "2007", "value": "43.462"}, {"country": "KIR - Kiribati", "index": "GII - Gender Inequality Index", "indicator": "abr - Adolescent Birth Rate (births per 1,000 women ages 15-19)", "year": "2008", "value": "44.76"}, {"country": "KIR - Kiribati", "index": "GII - Gender Inequality Index", "indicator": "abr - Adolescent Birth Rate (births per 1,000 women ages 15-19)", "year": "2009", "value": "44.813"}, {"country": "KIR - Kiribati", "index": "GII - Gender Inequality Index", "indicator": "abr - Adolescent Birth Rate (births per 1,000 women ages 15-19)", "year": "2010", "value": "44.653"}, {"country": "KIR - Kiribati", "index": "GII - Gender Inequality Index", "indicator": "abr - Adolescent Birth Rate (births per 1,000 women ages 15-19)", "year": "2011", "value": "45.192"}, {"country": "KIR - Kiribati", "index": "GII - Gender Inequality Index", "indicator": "abr - Adolescent Birth Rate (births per 1,000 women ages 15-19)", "year": "2012", "value": "44.464"}, {"country": "KIR - Kiribati", "index": "GII - Gender Inequality Index", "indicator": "abr - Adolescent Birth Rate (births per 1,000 women ages 15-19)", "year": "2013", "value": "43.988"}, {"country": "KIR - Kiribati", "index": "GII - Gender Inequality Index", "indicator": "abr - Adolescent Birth Rate (births per 1,000 women ages 15-19)", "year": "2014", "value": "43.368"}, {"country": "KIR - Kiribati", "index": "GII - Gender Inequality Index", "indicator": "abr - Adolescent Birth Rate (births per 1,000 women ages 15-19)", "year": "2015", "value": "43.365"}, {"country": "KIR - Kiribati", "index": "GII - Gender Inequality Index", "indicator": "abr - Adolescent Birth Rate (births per 1,000 women ages 15-19)", "year": "2016", "value": "43.56"}, {"country": "KIR - Kiribati", "index": "GII - Gender Inequality Index", "indicator": "abr - Adolescent Birth Rate (births per 1,000 women ages 15-19)", "year": "2017", "value": "43.559"}, {"country": "KIR - Kiribati", "index": "GII - Gender Inequality Index", "indicator": "abr - Adolescent Birth Rate (births per 1,000 women ages 15-19)", "year": "2018", "value": "43.797"}, {"country": "KIR - Kiribati", "index": "GII - Gender Inequality Index", "indicator": "abr - Adolescent Birth Rate (births per 1,000 women ages 15-19)", "year": "2019", "value": "43.123"}, {"country": "KIR - Kiribati", "index": "GII - Gender Inequality Index", "indicator": "abr - Adolescent Birth Rate (births per 1,000 women ages 15-19)", "year": "2020", "value": "41.865"}, {"country": "KIR - Kiribati", "index": "GII - Gender Inequality Index", "indicator": "abr - Adolescent Birth Rate (births per 1,000 women ages 15-19)", "year": "2021", "value": "40.477"}, {"country": "KIR - Kiribati", "index": "PHDI - Planetary pressures\u2013adjusted Human Development Index", "indicator": "co2_prod - Carbon dioxide emissions per capita (production) (tonnes)", "year": "1990", "value": "0.303646409"}, {"country": "KIR - Kiribati", "index": "PHDI - Planetary pressures\u2013adjusted Human Development Index", "indicator": "co2_prod - Carbon dioxide emissions per capita (production) (tonnes)", "year": "1991", "value": "0.298322749"}, {"country": "KIR - Kiribati", "index": "PHDI - Planetary pressures\u2013adjusted Human Development Index", "indicator": "co2_prod - Carbon dioxide emissions per capita (production) (tonnes)", "year": "1992", "value": "0.343043629"}, {"country": "KIR - Kiribati", "index": "PHDI - Planetary pressures\u2013adjusted Human Development Index", "indicator": "co2_prod - Carbon dioxide emissions per capita (production) (tonnes)", "year": "1993", "value": "0.387130857"}, {"country": "KIR - Kiribati", "index": "PHDI - Planetary pressures\u2013adjusted Human Development Index", "indicator": "co2_prod - Carbon dioxide emissions per capita (production) (tonnes)", "year": "1994", "value": "0.382313812"}, {"country": "KIR - Kiribati", "index": "PHDI - Planetary pressures\u2013adjusted Human Development Index", "indicator": "co2_prod - Carbon dioxide emissions per capita (production) (tonnes)", "year": "1995", "value": "0.377134182"}, {"country": "KIR - Kiribati", "index": "PHDI - Planetary pressures\u2013adjusted Human Development Index", "indicator": "co2_prod - Carbon dioxide emissions per capita (production) (tonnes)", "year": "1996", "value": "0.371494113"}, {"country": "KIR - Kiribati", "index": "PHDI - Planetary pressures\u2013adjusted Human Development Index", "indicator": "co2_prod - Carbon dioxide emissions per capita (production) (tonnes)", "year": "1997", "value": "0.365545537"}, {"country": "KIR - Kiribati", "index": "PHDI - Planetary pressures\u2013adjusted Human Development Index", "indicator": "co2_prod - Carbon dioxide emissions per capita (production) (tonnes)", "year": "1998", "value": "0.359409486"}, {"country": "KIR - Kiribati", "index": "PHDI - Planetary pressures\u2013adjusted Human Development Index", "indicator": "co2_prod - Carbon dioxide emissions per capita (production) (tonnes)", "year": "1999", "value": "0.353275804"}, {"country": "KIR - Kiribati", "index": "PHDI - Planetary pressures\u2013adjusted Human Development Index", "indicator": "co2_prod - Carbon dioxide emissions per capita (production) (tonnes)", "year": "2000", "value": "0.390729418"}, {"country": "KIR - Kiribati", "index": "PHDI - Planetary pressures\u2013adjusted Human Development Index", "indicator": "co2_prod - Carbon dioxide emissions per capita (production) (tonnes)", "year": "2001", "value": "0.341436709"}, {"country": "KIR - Kiribati", "index": "PHDI - Planetary pressures\u2013adjusted Human Development Index", "indicator": "co2_prod - Carbon dioxide emissions per capita (production) (tonnes)", "year": "2002", "value": "0.461645954"}, {"country": "KIR - Kiribati", "index": "PHDI - Planetary pressures\u2013adjusted Human Development Index", "indicator": "co2_prod - Carbon dioxide emissions per capita (production) (tonnes)", "year": "2003", "value": "0.494940057"}, {"country": "KIR - Kiribati", "index": "PHDI - Planetary pressures\u2013adjusted Human Development Index", "indicator": "co2_prod - Carbon dioxide emissions per capita (production) (tonnes)", "year": "2004", "value": "0.526326258"}, {"country": "KIR - Kiribati", "index": "PHDI - Planetary pressures\u2013adjusted Human Development Index", "indicator": "co2_prod - Carbon dioxide emissions per capita (production) (tonnes)", "year": "2005", "value": "0.634974276"}, {"country": "KIR - Kiribati", "index": "PHDI - Planetary pressures\u2013adjusted Human Development Index", "indicator": "co2_prod - Carbon dioxide emissions per capita (production) (tonnes)", "year": "2006", "value": "0.699066173"}, {"country": "KIR - Kiribati", "index": "PHDI - Planetary pressures\u2013adjusted Human Development Index", "indicator": "co2_prod - Carbon dioxide emissions per capita (production) (tonnes)", "year": "2007", "value": "0.607332663"}, {"country": "KIR - Kiribati", "index": "PHDI - Planetary pressures\u2013adjusted Human Development Index", "indicator": "co2_prod - Carbon dioxide emissions per capita (production) (tonnes)", "year": "2008", "value": "0.667793967"}, {"country": "KIR - Kiribati", "index": "PHDI - Planetary pressures\u2013adjusted Human Development Index", "indicator": "co2_prod - Carbon dioxide emissions per capita (production) (tonnes)", "year": "2009", "value": "0.544535817"}, {"country": "KIR - Kiribati", "index": "PHDI - Planetary pressures\u2013adjusted Human Development Index", "indicator": "co2_prod - Carbon dioxide emissions per capita (production) (tonnes)", "year": "2010", "value": "0.569568723"}, {"country": "KIR - Kiribati", "index": "PHDI - Planetary pressures\u2013adjusted Human Development Index", "indicator": "co2_prod - Carbon dioxide emissions per capita (production) (tonnes)", "year": "2011", "value": "0.524788022"}, {"country": "KIR - Kiribati", "index": "PHDI - Planetary pressures\u2013adjusted Human Development Index", "indicator": "co2_prod - Carbon dioxide emissions per capita (production) (tonnes)", "year": "2012", "value": "0.482241233"}, {"country": "KIR - Kiribati", "index": "PHDI - Planetary pressures\u2013adjusted Human Development Index", "indicator": "co2_prod - Carbon dioxide emissions per capita (production) (tonnes)", "year": "2013", "value": "0.475447215"}, {"country": "KIR - Kiribati", "index": "PHDI - Planetary pressures\u2013adjusted Human Development Index", "indicator": "co2_prod - Carbon dioxide emissions per capita (production) (tonnes)", "year": "2014", "value": "0.535912461"}, {"country": "KIR - Kiribati", "index": "PHDI - Planetary pressures\u2013adjusted Human Development Index", "indicator": "co2_prod - Carbon dioxide emissions per capita (production) (tonnes)", "year": "2015", "value": "0.49544758"}, {"country": "KIR - Kiribati", "index": "PHDI - Planetary pressures\u2013adjusted Human Development Index", "indicator": "co2_prod - Carbon dioxide emissions per capita (production) (tonnes)", "year": "2016", "value": "0.488429135"}, {"country": "KIR - Kiribati", "index": "PHDI - Planetary pressures\u2013adjusted Human Development Index", "indicator": "co2_prod - Carbon dioxide emissions per capita (production) (tonnes)", "year": "2017", "value": "0.577725608"}, {"country": "KIR - Kiribati", "index": "PHDI - Planetary pressures\u2013adjusted Human Development Index", "indicator": "co2_prod - Carbon dioxide emissions per capita (production) (tonnes)", "year": "2018", "value": "0.569302615"}, {"country": "KIR - Kiribati", "index": "PHDI - Planetary pressures\u2013adjusted Human Development Index", "indicator": "co2_prod - Carbon dioxide emissions per capita (production) (tonnes)", "year": "2019", "value": "0.578040236"}, {"country": "KIR - Kiribati", "index": "PHDI - Planetary pressures\u2013adjusted Human Development Index", "indicator": "co2_prod - Carbon dioxide emissions per capita (production) (tonnes)", "year": "2020", "value": "0.56992524"}, {"country": "KIR - Kiribati", "index": "PHDI - Planetary pressures\u2013adjusted Human Development Index", "indicator": "co2_prod - Carbon dioxide emissions per capita (production) (tonnes)", "year": "2021", "value": "0.56992524"}, {"country": "KIR - Kiribati", "index": "IHDI - Inequality-adjusted Human Development Index", "indicator": "coef_ineq - Coefficient of human inequality", "year": "2018", "value": "17.69722474"}, {"country": "KIR - Kiribati", "index": "IHDI - Inequality-adjusted Human Development Index", "indicator": "coef_ineq - Coefficient of human inequality", "year": "2019", "value": "17.51534824"}, {"country": "KIR - Kiribati", "index": "IHDI - Inequality-adjusted Human Development Index", "indicator": "coef_ineq - Coefficient of human inequality", "year": "2020", "value": "17.33153324"}, {"country": "KIR - Kiribati", "index": "IHDI - Inequality-adjusted Human Development Index", "indicator": "coef_ineq - Coefficient of human inequality", "year": "2021", "value": "17.15409705"}, {"country": "KIR - Kiribati", "index": "HDI - Human Development Index", "indicator": "eys - Expected Years of Schooling (years)", "year": "1990", "value": "10.44217968"}, {"country": "KIR - Kiribati", "index": "HDI - Human Development Index", "indicator": "eys - Expected Years of Schooling (years)", "year": "1991", "value": "10.83154011"}, {"country": "KIR - Kiribati", "index": "HDI - Human Development Index", "indicator": "eys - Expected Years of Schooling (years)", "year": "1992", "value": "10.97579002"}, {"country": "KIR - Kiribati", "index": "HDI - Human Development Index", "indicator": "eys - Expected Years of Schooling (years)", "year": "1993", "value": "10.96735001"}, {"country": "KIR - Kiribati", "index": "HDI - Human Development Index", "indicator": "eys - Expected Years of Schooling (years)", "year": "1994", "value": "10.95890999"}, {"country": "KIR - Kiribati", "index": "HDI - Human Development Index", "indicator": "eys - Expected Years of Schooling (years)", "year": "1995", "value": "10.85208988"}, {"country": "KIR - Kiribati", "index": "HDI - Human Development Index", "indicator": "eys - Expected Years of Schooling (years)", "year": "1996", "value": "11.01930046"}, {"country": "KIR - Kiribati", "index": "HDI - Human Development Index", "indicator": "eys - Expected Years of Schooling (years)", "year": "1997", "value": "10.6796004"}, {"country": "KIR - Kiribati", "index": "HDI - Human Development Index", "indicator": "eys - Expected Years of Schooling (years)", "year": "1998", "value": "10.33990033"}, {"country": "KIR - Kiribati", "index": "HDI - Human Development Index", "indicator": "eys - Expected Years of Schooling (years)", "year": "1999", "value": "10.00020027"}, {"country": "KIR - Kiribati", "index": "HDI - Human Development Index", "indicator": "eys - Expected Years of Schooling (years)", "year": "2000", "value": "10.38836956"}, {"country": "KIR - Kiribati", "index": "HDI - Human Development Index", "indicator": "eys - Expected Years of Schooling (years)", "year": "2001", "value": "11.73746967"}, {"country": "KIR - Kiribati", "index": "HDI - Human Development Index", "indicator": "eys - Expected Years of Schooling (years)", "year": "2002", "value": "11.58656025"}, {"country": "KIR - Kiribati", "index": "HDI - Human Development Index", "indicator": "eys - Expected Years of Schooling (years)", "year": "2003", "value": "12.38922024"}, {"country": "KIR - Kiribati", "index": "HDI - Human Development Index", "indicator": "eys - Expected Years of Schooling (years)", "year": "2004", "value": "12.15614033"}, {"country": "KIR - Kiribati", "index": "HDI - Human Development Index", "indicator": "eys - Expected Years of Schooling (years)", "year": "2005", "value": "12.12123966"}, {"country": "KIR - Kiribati", "index": "HDI - Human Development Index", "indicator": "eys - Expected Years of Schooling (years)", "year": "2006", "value": "11.76896954"}, {"country": "KIR - Kiribati", "index": "HDI - Human Development Index", "indicator": "eys - Expected Years of Schooling (years)", "year": "2007", "value": "11.61940956"}, {"country": "KIR - Kiribati", "index": "HDI - Human Development Index", "indicator": "eys - Expected Years of Schooling (years)", "year": "2008", "value": "11.82483959"}, {"country": "KIR - Kiribati", "index": "HDI - Human Development Index", "indicator": "eys - Expected Years of Schooling (years)", "year": "2009", "value": "11.82276263"}, {"country": "KIR - Kiribati", "index": "HDI - Human Development Index", "indicator": "eys - Expected Years of Schooling (years)", "year": "2010", "value": "11.82068567"}, {"country": "KIR - Kiribati", "index": "HDI - Human Development Index", "indicator": "eys - Expected Years of Schooling (years)", "year": "2011", "value": "11.8186087"}, {"country": "KIR - Kiribati", "index": "HDI - Human Development Index", "indicator": "eys - Expected Years of Schooling (years)", "year": "2012", "value": "11.81653174"}, {"country": "KIR - Kiribati", "index": "HDI - Human Development Index", "indicator": "eys - Expected Years of Schooling (years)", "year": "2013", "value": "11.81445478"}, {"country": "KIR - Kiribati", "index": "HDI - Human Development Index", "indicator": "eys - Expected Years of Schooling (years)", "year": "2014", "value": "11.81237781"}, {"country": "KIR - Kiribati", "index": "HDI - Human Development Index", "indicator": "eys - Expected Years of Schooling (years)", "year": "2015", "value": "11.81030085"}, {"country": "KIR - Kiribati", "index": "HDI - Human Development Index", "indicator": "eys - Expected Years of Schooling (years)", "year": "2016", "value": "11.80822389"}, {"country": "KIR - Kiribati", "index": "HDI - Human Development Index", "indicator": "eys - Expected Years of Schooling (years)", "year": "2017", "value": "11.80614693"}, {"country": "KIR - Kiribati", "index": "HDI - Human Development Index", "indicator": "eys - Expected Years of Schooling (years)", "year": "2018", "value": "11.80406996"}, {"country": "KIR - Kiribati", "index": "HDI - Human Development Index", "indicator": "eys - Expected Years of Schooling (years)", "year": "2019", "value": "11.801993"}, {"country": "KIR - Kiribati", "index": "HDI - Human Development Index", "indicator": "eys - Expected Years of Schooling (years)", "year": "2020", "value": "11.801993"}, {"country": "KIR - Kiribati", "index": "HDI - Human Development Index", "indicator": "eys - Expected Years of Schooling (years)", "year": "2021", "value": "11.801993"}, {"country": "KIR - Kiribati", "index": "GDI - Gender Development Index", "indicator": "eys_f - Expected Years of Schooling, female (years)", "year": "1990", "value": "10.50697041"}, {"country": "KIR - Kiribati", "index": "GDI - Gender Development Index", "indicator": "eys_f - Expected Years of Schooling, female (years)", "year": "1991", "value": "10.97898006"}, {"country": "KIR - Kiribati", "index": "GDI - Gender Development Index", "indicator": "eys_f - Expected Years of Schooling, female (years)", "year": "1992", "value": "11.11468983"}, {"country": "KIR - Kiribati", "index": "GDI - Gender Development Index", "indicator": "eys_f - Expected Years of Schooling, female (years)", "year": "1993", "value": "11.14163335"}, {"country": "KIR - Kiribati", "index": "GDI - Gender Development Index", "indicator": "eys_f - Expected Years of Schooling, female (years)", "year": "1994", "value": "11.16857688"}, {"country": "KIR - Kiribati", "index": "GDI - Gender Development Index", "indicator": "eys_f - Expected Years of Schooling, female (years)", "year": "1995", "value": "11.1955204"}, {"country": "KIR - Kiribati", "index": "GDI - Gender Development Index", "indicator": "eys_f - Expected Years of Schooling, female (years)", "year": "1996", "value": "11.38175011"}, {"country": "KIR - Kiribati", "index": "GDI - Gender Development Index", "indicator": "eys_f - Expected Years of Schooling, female (years)", "year": "1997", "value": "11.06434345"}, {"country": "KIR - Kiribati", "index": "GDI - Gender Development Index", "indicator": "eys_f - Expected Years of Schooling, female (years)", "year": "1998", "value": "10.7469368"}, {"country": "KIR - Kiribati", "index": "GDI - Gender Development Index", "indicator": "eys_f - Expected Years of Schooling, female (years)", "year": "1999", "value": "10.42953014"}, {"country": "KIR - Kiribati", "index": "GDI - Gender Development Index", "indicator": "eys_f - Expected Years of Schooling, female (years)", "year": "2000", "value": "10.78886986"}, {"country": "KIR - Kiribati", "index": "GDI - Gender Development Index", "indicator": "eys_f - Expected Years of Schooling, female (years)", "year": "2001", "value": "12.29918957"}, {"country": "KIR - Kiribati", "index": "GDI - Gender Development Index", "indicator": "eys_f - Expected Years of Schooling, female (years)", "year": "2002", "value": "12.04594994"}, {"country": "KIR - Kiribati", "index": "GDI - Gender Development Index", "indicator": "eys_f - Expected Years of Schooling, female (years)", "year": "2003", "value": "12.84440041"}, {"country": "KIR - Kiribati", "index": "GDI - Gender Development Index", "indicator": "eys_f - Expected Years of Schooling, female (years)", "year": "2004", "value": "12.74619961"}, {"country": "KIR - Kiribati", "index": "GDI - Gender Development Index", "indicator": "eys_f - Expected Years of Schooling, female (years)", "year": "2005", "value": "12.53633976"}, {"country": "KIR - Kiribati", "index": "GDI - Gender Development Index", "indicator": "eys_f - Expected Years of Schooling, female (years)", "year": "2006", "value": "12.21014977"}, {"country": "KIR - Kiribati", "index": "GDI - Gender Development Index", "indicator": "eys_f - Expected Years of Schooling, female (years)", "year": "2007", "value": "12.15054035"}, {"country": "KIR - Kiribati", "index": "GDI - Gender Development Index", "indicator": "eys_f - Expected Years of Schooling, female (years)", "year": "2008", "value": "12.24913979"}, {"country": "KIR - Kiribati", "index": "GDI - Gender Development Index", "indicator": "eys_f - Expected Years of Schooling, female (years)", "year": "2009", "value": "12.26524944"}, {"country": "KIR - Kiribati", "index": "GDI - Gender Development Index", "indicator": "eys_f - Expected Years of Schooling, female (years)", "year": "2010", "value": "12.2813591"}, {"country": "KIR - Kiribati", "index": "GDI - Gender Development Index", "indicator": "eys_f - Expected Years of Schooling, female (years)", "year": "2011", "value": "12.29746875"}, {"country": "KIR - Kiribati", "index": "GDI - Gender Development Index", "indicator": "eys_f - Expected Years of Schooling, female (years)", "year": "2012", "value": "12.31357841"}, {"country": "KIR - Kiribati", "index": "GDI - Gender Development Index", "indicator": "eys_f - Expected Years of Schooling, female (years)", "year": "2013", "value": "12.32968806"}, {"country": "KIR - Kiribati", "index": "GDI - Gender Development Index", "indicator": "eys_f - Expected Years of Schooling, female (years)", "year": "2014", "value": "12.34579772"}, {"country": "KIR - Kiribati", "index": "GDI - Gender Development Index", "indicator": "eys_f - Expected Years of Schooling, female (years)", "year": "2015", "value": "12.36190738"}, {"country": "KIR - Kiribati", "index": "GDI - Gender Development Index", "indicator": "eys_f - Expected Years of Schooling, female (years)", "year": "2016", "value": "12.37801703"}, {"country": "KIR - Kiribati", "index": "GDI - Gender Development Index", "indicator": "eys_f - Expected Years of Schooling, female (years)", "year": "2017", "value": "12.39412669"}, {"country": "KIR - Kiribati", "index": "GDI - Gender Development Index", "indicator": "eys_f - Expected Years of Schooling, female (years)", "year": "2018", "value": "12.41023634"}, {"country": "KIR - Kiribati", "index": "GDI - Gender Development Index", "indicator": "eys_f - Expected Years of Schooling, female (years)", "year": "2019", "value": "12.426346"}, {"country": "KIR - Kiribati", "index": "GDI - Gender Development Index", "indicator": "eys_f - Expected Years of Schooling, female (years)", "year": "2020", "value": "12.426346"}, {"country": "KIR - Kiribati", "index": "GDI - Gender Development Index", "indicator": "eys_f - Expected Years of Schooling, female (years)", "year": "2021", "value": "12.426346"}, {"country": "KIR - Kiribati", "index": "GDI - Gender Development Index", "indicator": "eys_m - Expected Years of Schooling, male (years)", "year": "1990", "value": "10.37936974"}, {"country": "KIR - Kiribati", "index": "GDI - Gender Development Index", "indicator": "eys_m - Expected Years of Schooling, male (years)", "year": "1991", "value": "10.6916399"}, {"country": "KIR - Kiribati", "index": "GDI - Gender Development Index", "indicator": "eys_m - Expected Years of Schooling, male (years)", "year": "1992", "value": "10.84243011"}, {"country": "KIR - Kiribati", "index": "GDI - Gender Development Index", "indicator": "eys_m - Expected Years of Schooling, male (years)", "year": "1993", "value": "10.73587004"}, {"country": "KIR - Kiribati", "index": "GDI - Gender Development Index", "indicator": "eys_m - Expected Years of Schooling, male (years)", "year": "1994", "value": "10.62930997"}, {"country": "KIR - Kiribati", "index": "GDI - Gender Development Index", "indicator": "eys_m - Expected Years of Schooling, male (years)", "year": "1995", "value": "10.5227499"}, {"country": "KIR - Kiribati", "index": "GDI - Gender Development Index", "indicator": "eys_m - Expected Years of Schooling, male (years)", "year": "1996", "value": "10.66911983"}, {"country": "KIR - Kiribati", "index": "GDI - Gender Development Index", "indicator": "eys_m - Expected Years of Schooling, male (years)", "year": "1997", "value": "10.30718327"}, {"country": "KIR - Kiribati", "index": "GDI - Gender Development Index", "indicator": "eys_m - Expected Years of Schooling, male (years)", "year": "1998", "value": "9.945246696"}, {"country": "KIR - Kiribati", "index": "GDI - Gender Development Index", "indicator": "eys_m - Expected Years of Schooling, male (years)", "year": "1999", "value": "9.583310127"}, {"country": "KIR - Kiribati", "index": "GDI - Gender Development Index", "indicator": "eys_m - Expected Years of Schooling, male (years)", "year": "2000", "value": "9.995989799"}, {"country": "KIR - Kiribati", "index": "GDI - Gender Development Index", "indicator": "eys_m - Expected Years of Schooling, male (years)", "year": "2001", "value": "11.20396996"}, {"country": "KIR - Kiribati", "index": "GDI - Gender Development Index", "indicator": "eys_m - Expected Years of Schooling, male (years)", "year": "2002", "value": "11.15081978"}, {"country": "KIR - Kiribati", "index": "GDI - Gender Development Index", "indicator": "eys_m - Expected Years of Schooling, male (years)", "year": "2003", "value": "11.95312977"}, {"country": "KIR - Kiribati", "index": "GDI - Gender Development Index", "indicator": "eys_m - Expected Years of Schooling, male (years)", "year": "2004", "value": "11.59517002"}, {"country": "KIR - Kiribati", "index": "GDI - Gender Development Index", "indicator": "eys_m - Expected Years of Schooling, male (years)", "year": "2005", "value": "11.72747993"}, {"country": "KIR - Kiribati", "index": "GDI - Gender Development Index", "indicator": "eys_m - Expected Years of Schooling, male (years)", "year": "2006", "value": "11.35575962"}, {"country": "KIR - Kiribati", "index": "GDI - Gender Development Index", "indicator": "eys_m - Expected Years of Schooling, male (years)", "year": "2007", "value": "11.11639023"}, {"country": "KIR - Kiribati", "index": "GDI - Gender Development Index", "indicator": "eys_m - Expected Years of Schooling, male (years)", "year": "2008", "value": "11.42055988"}, {"country": "KIR - Kiribati", "index": "GDI - Gender Development Index", "indicator": "eys_m - Expected Years of Schooling, male (years)", "year": "2009", "value": "11.40529698"}, {"country": "KIR - Kiribati", "index": "GDI - Gender Development Index", "indicator": "eys_m - Expected Years of Schooling, male (years)", "year": "2010", "value": "11.39003409"}, {"country": "KIR - Kiribati", "index": "GDI - Gender Development Index", "indicator": "eys_m - Expected Years of Schooling, male (years)", "year": "2011", "value": "11.37477119"}, {"country": "KIR - Kiribati", "index": "GDI - Gender Development Index", "indicator": "eys_m - Expected Years of Schooling, male (years)", "year": "2012", "value": "11.35950829"}, {"country": "KIR - Kiribati", "index": "GDI - Gender Development Index", "indicator": "eys_m - Expected Years of Schooling, male (years)", "year": "2013", "value": "11.34424539"}, {"country": "KIR - Kiribati", "index": "GDI - Gender Development Index", "indicator": "eys_m - Expected Years of Schooling, male (years)", "year": "2014", "value": "11.32898249"}, {"country": "KIR - Kiribati", "index": "GDI - Gender Development Index", "indicator": "eys_m - Expected Years of Schooling, male (years)", "year": "2015", "value": "11.31371959"}, {"country": "KIR - Kiribati", "index": "GDI - Gender Development Index", "indicator": "eys_m - Expected Years of Schooling, male (years)", "year": "2016", "value": "11.2984567"}, {"country": "KIR - Kiribati", "index": "GDI - Gender Development Index", "indicator": "eys_m - Expected Years of Schooling, male (years)", "year": "2017", "value": "11.2831938"}, {"country": "KIR - Kiribati", "index": "GDI - Gender Development Index", "indicator": "eys_m - Expected Years of Schooling, male (years)", "year": "2018", "value": "11.2679309"}, {"country": "KIR - Kiribati", "index": "GDI - Gender Development Index", "indicator": "eys_m - Expected Years of Schooling, male (years)", "year": "2019", "value": "11.252668"}, {"country": "KIR - Kiribati", "index": "GDI - Gender Development Index", "indicator": "eys_m - Expected Years of Schooling, male (years)", "year": "2020", "value": "11.252668"}, {"country": "KIR - Kiribati", "index": "GDI - Gender Development Index", "indicator": "eys_m - Expected Years of Schooling, male (years)", "year": "2021", "value": "11.252668"}, {"country": "KIR - Kiribati", "index": "HDI - Human Development Index", "indicator": "gnipc - Gross National Income Per Capita (2017 PPP$)", "year": "1990", "value": "1877.076693"}, {"country": "KIR - Kiribati", "index": "HDI - Human Development Index", "indicator": "gnipc - Gross National Income Per Capita (2017 PPP$)", "year": "1991", "value": "1831.138665"}, {"country": "KIR - Kiribati", "index": "HDI - Human Development Index", "indicator": "gnipc - Gross National Income Per Capita (2017 PPP$)", "year": "1992", "value": "2288.651043"}, {"country": "KIR - Kiribati", "index": "HDI - Human Development Index", "indicator": "gnipc - Gross National Income Per Capita (2017 PPP$)", "year": "1993", "value": "2259.066259"}, {"country": "KIR - Kiribati", "index": "HDI - Human Development Index", "indicator": "gnipc - Gross National Income Per Capita (2017 PPP$)", "year": "1994", "value": "2258.823159"}, {"country": "KIR - Kiribati", "index": "HDI - Human Development Index", "indicator": "gnipc - Gross National Income Per Capita (2017 PPP$)", "year": "1995", "value": "2217.047675"}, {"country": "KIR - Kiribati", "index": "HDI - Human Development Index", "indicator": "gnipc - Gross National Income Per Capita (2017 PPP$)", "year": "1996", "value": "2215.765405"}, {"country": "KIR - Kiribati", "index": "HDI - Human Development Index", "indicator": "gnipc - Gross National Income Per Capita (2017 PPP$)", "year": "1997", "value": "2197.427498"}, {"country": "KIR - Kiribati", "index": "HDI - Human Development Index", "indicator": "gnipc - Gross National Income Per Capita (2017 PPP$)", "year": "1998", "value": "2261.676514"}, {"country": "KIR - Kiribati", "index": "HDI - Human Development Index", "indicator": "gnipc - Gross National Income Per Capita (2017 PPP$)", "year": "1999", "value": "2154.392668"}, {"country": "KIR - Kiribati", "index": "HDI - Human Development Index", "indicator": "gnipc - Gross National Income Per Capita (2017 PPP$)", "year": "2000", "value": "2236.07937"}, {"country": "KIR - Kiribati", "index": "HDI - Human Development Index", "indicator": "gnipc - Gross National Income Per Capita (2017 PPP$)", "year": "2001", "value": "3526.955715"}, {"country": "KIR - Kiribati", "index": "HDI - Human Development Index", "indicator": "gnipc - Gross National Income Per Capita (2017 PPP$)", "year": "2002", "value": "3311.557766"}, {"country": "KIR - Kiribati", "index": "HDI - Human Development Index", "indicator": "gnipc - Gross National Income Per Capita (2017 PPP$)", "year": "2003", "value": "3092.681588"}, {"country": "KIR - Kiribati", "index": "HDI - Human Development Index", "indicator": "gnipc - Gross National Income Per Capita (2017 PPP$)", "year": "2004", "value": "2975.522746"}, {"country": "KIR - Kiribati", "index": "HDI - Human Development Index", "indicator": "gnipc - Gross National Income Per Capita (2017 PPP$)", "year": "2005", "value": "2974.172053"}, {"country": "KIR - Kiribati", "index": "HDI - Human Development Index", "indicator": "gnipc - Gross National Income Per Capita (2017 PPP$)", "year": "2006", "value": "2876.388874"}, {"country": "KIR - Kiribati", "index": "HDI - Human Development Index", "indicator": "gnipc - Gross National Income Per Capita (2017 PPP$)", "year": "2007", "value": "2918.741537"}, {"country": "KIR - Kiribati", "index": "HDI - Human Development Index", "indicator": "gnipc - Gross National Income Per Capita (2017 PPP$)", "year": "2008", "value": "2849.907607"}, {"country": "KIR - Kiribati", "index": "HDI - Human Development Index", "indicator": "gnipc - Gross National Income Per Capita (2017 PPP$)", "year": "2009", "value": "2635.59129"}, {"country": "KIR - Kiribati", "index": "HDI - Human Development Index", "indicator": "gnipc - Gross National Income Per Capita (2017 PPP$)", "year": "2010", "value": "2724.164428"}, {"country": "KIR - Kiribati", "index": "HDI - Human Development Index", "indicator": "gnipc - Gross National Income Per Capita (2017 PPP$)", "year": "2011", "value": "2594.087007"}, {"country": "KIR - Kiribati", "index": "HDI - Human Development Index", "indicator": "gnipc - Gross National Income Per Capita (2017 PPP$)", "year": "2012", "value": "2917.619539"}, {"country": "KIR - Kiribati", "index": "HDI - Human Development Index", "indicator": "gnipc - Gross National Income Per Capita (2017 PPP$)", "year": "2013", "value": "3258.613856"}, {"country": "KIR - Kiribati", "index": "HDI - Human Development Index", "indicator": "gnipc - Gross National Income Per Capita (2017 PPP$)", "year": "2014", "value": "3705.649317"}, {"country": "KIR - Kiribati", "index": "HDI - Human Development Index", "indicator": "gnipc - Gross National Income Per Capita (2017 PPP$)", "year": "2015", "value": "4484.719183"}, {"country": "KIR - Kiribati", "index": "HDI - Human Development Index", "indicator": "gnipc - Gross National Income Per Capita (2017 PPP$)", "year": "2016", "value": "3998.339731"}, {"country": "KIR - Kiribati", "index": "HDI - Human Development Index", "indicator": "gnipc - Gross National Income Per Capita (2017 PPP$)", "year": "2017", "value": "4277.843684"}, {"country": "KIR - Kiribati", "index": "HDI - Human Development Index", "indicator": "gnipc - Gross National Income Per Capita (2017 PPP$)", "year": "2018", "value": "4251.548646"}, {"country": "KIR - Kiribati", "index": "HDI - Human Development Index", "indicator": "gnipc - Gross National Income Per Capita (2017 PPP$)", "year": "2019", "value": "4673.024716"}, {"country": "KIR - Kiribati", "index": "HDI - Human Development Index", "indicator": "gnipc - Gross National Income Per Capita (2017 PPP$)", "year": "2020", "value": "4074.115486"}, {"country": "KIR - Kiribati", "index": "HDI - Human Development Index", "indicator": "gnipc - Gross National Income Per Capita (2017 PPP$)", "year": "2021", "value": "4062.586034"}, {"country": "KIR - Kiribati", "index": "HDI - Human Development Index", "indicator": "hdi - Human Development Index (value)", "year": "2000", "value": "0.549"}, {"country": "KIR - Kiribati", "index": "HDI - Human Development Index", "indicator": "hdi - Human Development Index (value)", "year": "2001", "value": "0.59"}, {"country": "KIR - Kiribati", "index": "HDI - Human Development Index", "indicator": "hdi - Human Development Index (value)", "year": "2002", "value": "0.587"}, {"country": "KIR - Kiribati", "index": "HDI - Human Development Index", "indicator": "hdi - Human Development Index (value)", "year": "2003", "value": "0.593"}, {"country": "KIR - Kiribati", "index": "HDI - Human Development Index", "indicator": "hdi - Human Development Index (value)", "year": "2004", "value": "0.59"}, {"country": "KIR - Kiribati", "index": "HDI - Human Development Index", "indicator": "hdi - Human Development Index (value)", "year": "2005", "value": "0.591"}, {"country": "KIR - Kiribati", "index": "HDI - Human Development Index", "indicator": "hdi - Human Development Index (value)", "year": "2006", "value": "0.586"}, {"country": "KIR - Kiribati", "index": "HDI - Human Development Index", "indicator": "hdi - Human Development Index (value)", "year": "2007", "value": "0.587"}, {"country": "KIR - Kiribati", "index": "HDI - Human Development Index", "indicator": "hdi - Human Development Index (value)", "year": "2008", "value": "0.588"}, {"country": "KIR - Kiribati", "index": "HDI - Human Development Index", "indicator": "hdi - Human Development Index (value)", "year": "2009", "value": "0.585"}, {"country": "KIR - Kiribati", "index": "HDI - Human Development Index", "indicator": "hdi - Human Development Index (value)", "year": "2010", "value": "0.589"}, {"country": "KIR - Kiribati", "index": "HDI - Human Development Index", "indicator": "hdi - Human Development Index (value)", "year": "2011", "value": "0.587"}, {"country": "KIR - Kiribati", "index": "HDI - Human Development Index", "indicator": "hdi - Human Development Index (value)", "year": "2012", "value": "0.594"}, {"country": "KIR - Kiribati", "index": "HDI - Human Development Index", "indicator": "hdi - Human Development Index (value)", "year": "2013", "value": "0.602"}, {"country": "KIR - Kiribati", "index": "HDI - Human Development Index", "indicator": "hdi - Human Development Index (value)", "year": "2014", "value": "0.61"}, {"country": "KIR - Kiribati", "index": "HDI - Human Development Index", "indicator": "hdi - Human Development Index (value)", "year": "2015", "value": "0.622"}, {"country": "KIR - Kiribati", "index": "HDI - Human Development Index", "indicator": "hdi - Human Development Index (value)", "year": "2016", "value": "0.617"}, {"country": "KIR - Kiribati", "index": "HDI - Human Development Index", "indicator": "hdi - Human Development Index (value)", "year": "2017", "value": "0.621"}, {"country": "KIR - Kiribati", "index": "HDI - Human Development Index", "indicator": "hdi - Human Development Index (value)", "year": "2018", "value": "0.622"}, {"country": "KIR - Kiribati", "index": "HDI - Human Development Index", "indicator": "hdi - Human Development Index (value)", "year": "2019", "value": "0.63"}, {"country": "KIR - Kiribati", "index": "HDI - Human Development Index", "indicator": "hdi - Human Development Index (value)", "year": "2020", "value": "0.623"}, {"country": "KIR - Kiribati", "index": "HDI - Human Development Index", "indicator": "hdi - Human Development Index (value)", "year": "2021", "value": "0.624"}, {"country": "KIR - Kiribati", "index": "HDI - Human Development Index", "indicator": "hdi_rank - HDI Rank", "year": "2021", "value": "136"}, {"country": "KIR - Kiribati", "index": "IHDI - Inequality-adjusted Human Development Index", "indicator": "ihdi - Inequality-adjusted Human Development Index (value)", "year": "2018", "value": "0.511"}, {"country": "KIR - Kiribati", "index": "IHDI - Inequality-adjusted Human Development Index", "indicator": "ihdi - Inequality-adjusted Human Development Index (value)", "year": "2019", "value": "0.518"}, {"country": "KIR - Kiribati", "index": "IHDI - Inequality-adjusted Human Development Index", "indicator": "ihdi - Inequality-adjusted Human Development Index (value)", "year": "2020", "value": "0.514"}, {"country": "KIR - Kiribati", "index": "IHDI - Inequality-adjusted Human Development Index", "indicator": "ihdi - Inequality-adjusted Human Development Index (value)", "year": "2021", "value": "0.516"}, {"country": "KIR - Kiribati", "index": "IHDI - Inequality-adjusted Human Development Index", "indicator": "ineq_edu - Inequality in eduation", "year": "2010", "value": "21.38"}, {"country": "KIR - Kiribati", "index": "IHDI - Inequality-adjusted Human Development Index", "indicator": "ineq_edu - Inequality in eduation", "year": "2011", "value": "21.38"}, {"country": "KIR - Kiribati", "index": "IHDI - Inequality-adjusted Human Development Index", "indicator": "ineq_edu - Inequality in eduation", "year": "2012", "value": "21.38"}, {"country": "KIR - Kiribati", "index": "IHDI - Inequality-adjusted Human Development Index", "indicator": "ineq_edu - Inequality in eduation", "year": "2013", "value": "21.38"}, {"country": "KIR - Kiribati", "index": "IHDI - Inequality-adjusted Human Development Index", "indicator": "ineq_edu - Inequality in eduation", "year": "2014", "value": "21.38"}, {"country": "KIR - Kiribati", "index": "IHDI - Inequality-adjusted Human Development Index", "indicator": "ineq_edu - Inequality in eduation", "year": "2015", "value": "21.38"}, {"country": "KIR - Kiribati", "index": "IHDI - Inequality-adjusted Human Development Index", "indicator": "ineq_edu - Inequality in eduation", "year": "2018", "value": "9.63653"}, {"country": "KIR - Kiribati", "index": "IHDI - Inequality-adjusted Human Development Index", "indicator": "ineq_edu - Inequality in eduation", "year": "2019", "value": "9.63653"}, {"country": "KIR - Kiribati", "index": "IHDI - Inequality-adjusted Human Development Index", "indicator": "ineq_edu - Inequality in eduation", "year": "2020", "value": "9.63653"}, {"country": "KIR - Kiribati", "index": "IHDI - Inequality-adjusted Human Development Index", "indicator": "ineq_edu - Inequality in eduation", "year": "2021", "value": "9.63653"}, {"country": "KIR - Kiribati", "index": "IHDI - Inequality-adjusted Human Development Index", "indicator": "ineq_inc - Inequality in income", "year": "2018", "value": "19.35687"}, {"country": "KIR - Kiribati", "index": "IHDI - Inequality-adjusted Human Development Index", "indicator": "ineq_inc - Inequality in income", "year": "2019", "value": "19.35687"}, {"country": "KIR - Kiribati", "index": "IHDI - Inequality-adjusted Human Development Index", "indicator": "ineq_inc - Inequality in income", "year": "2020", "value": "19.35687"}, {"country": "KIR - Kiribati", "index": "IHDI - Inequality-adjusted Human Development Index", "indicator": "ineq_inc - Inequality in income", "year": "2021", "value": "19.35687"}, {"country": "KIR - Kiribati", "index": "IHDI - Inequality-adjusted Human Development Index", "indicator": "ineq_le - Inequality in life expectancy", "year": "2010", "value": "27.40062332"}, {"country": "KIR - Kiribati", "index": "IHDI - Inequality-adjusted Human Development Index", "indicator": "ineq_le - Inequality in life expectancy", "year": "2011", "value": "27.09345818"}, {"country": "KIR - Kiribati", "index": "IHDI - Inequality-adjusted Human Development Index", "indicator": "ineq_le - Inequality in life expectancy", "year": "2012", "value": "26.7592411"}, {"country": "KIR - Kiribati", "index": "IHDI - Inequality-adjusted Human Development Index", "indicator": "ineq_le - Inequality in life expectancy", "year": "2013", "value": "26.38279343"}, {"country": "KIR - Kiribati", "index": "IHDI - Inequality-adjusted Human Development Index", "indicator": "ineq_le - Inequality in life expectancy", "year": "2014", "value": "25.97592545"}, {"country": "KIR - Kiribati", "index": "IHDI - Inequality-adjusted Human Development Index", "indicator": "ineq_le - Inequality in life expectancy", "year": "2015", "value": "25.53634071"}, {"country": "KIR - Kiribati", "index": "IHDI - Inequality-adjusted Human Development Index", "indicator": "ineq_le - Inequality in life expectancy", "year": "2016", "value": "25.04630852"}, {"country": "KIR - Kiribati", "index": "IHDI - Inequality-adjusted Human Development Index", "indicator": "ineq_le - Inequality in life expectancy", "year": "2017", "value": "24.56849098"}, {"country": "KIR - Kiribati", "index": "IHDI - Inequality-adjusted Human Development Index", "indicator": "ineq_le - Inequality in life expectancy", "year": "2018", "value": "24.09827423"}, {"country": "KIR - Kiribati", "index": "IHDI - Inequality-adjusted Human Development Index", "indicator": "ineq_le - Inequality in life expectancy", "year": "2019", "value": "23.55264473"}, {"country": "KIR - Kiribati", "index": "IHDI - Inequality-adjusted Human Development Index", "indicator": "ineq_le - Inequality in life expectancy", "year": "2020", "value": "23.00119972"}, {"country": "KIR - Kiribati", "index": "IHDI - Inequality-adjusted Human Development Index", "indicator": "ineq_le - Inequality in life expectancy", "year": "2021", "value": "22.46889114"}, {"country": "KIR - Kiribati", "index": "HDI - Human Development Index", "indicator": "le - Life Expectancy at Birth (years)", "year": "1990", "value": "60.9174"}, {"country": "KIR - Kiribati", "index": "HDI - Human Development Index", "indicator": "le - Life Expectancy at Birth (years)", "year": "1991", "value": "61.4222"}, {"country": "KIR - Kiribati", "index": "HDI - Human Development Index", "indicator": "le - Life Expectancy at Birth (years)", "year": "1992", "value": "61.8931"}, {"country": "KIR - Kiribati", "index": "HDI - Human Development Index", "indicator": "le - Life Expectancy at Birth (years)", "year": "1993", "value": "62.321"}, {"country": "KIR - Kiribati", "index": "HDI - Human Development Index", "indicator": "le - Life Expectancy at Birth (years)", "year": "1994", "value": "62.6973"}, {"country": "KIR - Kiribati", "index": "HDI - Human Development Index", "indicator": "le - Life Expectancy at Birth (years)", "year": "1995", "value": "63.0135"}, {"country": "KIR - Kiribati", "index": "HDI - Human Development Index", "indicator": "le - Life Expectancy at Birth (years)", "year": "1996", "value": "63.2909"}, {"country": "KIR - Kiribati", "index": "HDI - Human Development Index", "indicator": "le - Life Expectancy at Birth (years)", "year": "1997", "value": "63.5751"}, {"country": "KIR - Kiribati", "index": "HDI - Human Development Index", "indicator": "le - Life Expectancy at Birth (years)", "year": "1998", "value": "63.854"}, {"country": "KIR - Kiribati", "index": "HDI - Human Development Index", "indicator": "le - Life Expectancy at Birth (years)", "year": "1999", "value": "64.136"}, {"country": "KIR - Kiribati", "index": "HDI - Human Development Index", "indicator": "le - Life Expectancy at Birth (years)", "year": "2000", "value": "64.4091"}, {"country": "KIR - Kiribati", "index": "HDI - Human Development Index", "indicator": "le - Life Expectancy at Birth (years)", "year": "2001", "value": "64.655"}, {"country": "KIR - Kiribati", "index": "HDI - Human Development Index", "indicator": "le - Life Expectancy at Birth (years)", "year": "2002", "value": "64.8402"}, {"country": "KIR - Kiribati", "index": "HDI - Human Development Index", "indicator": "le - Life Expectancy at Birth (years)", "year": "2003", "value": "64.9539"}, {"country": "KIR - Kiribati", "index": "HDI - Human Development Index", "indicator": "le - Life Expectancy at Birth (years)", "year": "2004", "value": "64.9893"}, {"country": "KIR - Kiribati", "index": "HDI - Human Development Index", "indicator": "le - Life Expectancy at Birth (years)", "year": "2005", "value": "64.9666"}, {"country": "KIR - Kiribati", "index": "HDI - Human Development Index", "indicator": "le - Life Expectancy at Birth (years)", "year": "2006", "value": "64.9058"}, {"country": "KIR - Kiribati", "index": "HDI - Human Development Index", "indicator": "le - Life Expectancy at Birth (years)", "year": "2007", "value": "64.8436"}, {"country": "KIR - Kiribati", "index": "HDI - Human Development Index", "indicator": "le - Life Expectancy at Birth (years)", "year": "2008", "value": "64.8335"}, {"country": "KIR - Kiribati", "index": "HDI - Human Development Index", "indicator": "le - Life Expectancy at Birth (years)", "year": "2009", "value": "64.8924"}, {"country": "KIR - Kiribati", "index": "HDI - Human Development Index", "indicator": "le - Life Expectancy at Birth (years)", "year": "2010", "value": "65.0161"}, {"country": "KIR - Kiribati", "index": "HDI - Human Development Index", "indicator": "le - Life Expectancy at Birth (years)", "year": "2011", "value": "65.1901"}, {"country": "KIR - Kiribati", "index": "HDI - Human Development Index", "indicator": "le - Life Expectancy at Birth (years)", "year": "2012", "value": "65.3776"}, {"country": "KIR - Kiribati", "index": "HDI - Human Development Index", "indicator": "le - Life Expectancy at Birth (years)", "year": "2013", "value": "65.5884"}, {"country": "KIR - Kiribati", "index": "HDI - Human Development Index", "indicator": "le - Life Expectancy at Birth (years)", "year": "2014", "value": "65.8147"}, {"country": "KIR - Kiribati", "index": "HDI - Human Development Index", "indicator": "le - Life Expectancy at Birth (years)", "year": "2015", "value": "66.0589"}, {"country": "KIR - Kiribati", "index": "HDI - Human Development Index", "indicator": "le - Life Expectancy at Birth (years)", "year": "2016", "value": "66.3316"}, {"country": "KIR - Kiribati", "index": "HDI - Human Development Index", "indicator": "le - Life Expectancy at Birth (years)", "year": "2017", "value": "66.5965"}, {"country": "KIR - Kiribati", "index": "HDI - Human Development Index", "indicator": "le - Life Expectancy at Birth (years)", "year": "2018", "value": "66.8545"}, {"country": "KIR - Kiribati", "index": "HDI - Human Development Index", "indicator": "le - Life Expectancy at Birth (years)", "year": "2019", "value": "67.1497"}, {"country": "KIR - Kiribati", "index": "HDI - Human Development Index", "indicator": "le - Life Expectancy at Birth (years)", "year": "2020", "value": "67.2659"}, {"country": "KIR - Kiribati", "index": "HDI - Human Development Index", "indicator": "le - Life Expectancy at Birth (years)", "year": "2021", "value": "67.4172"}, {"country": "KIR - Kiribati", "index": "GDI - Gender Development Index", "indicator": "le_f - Life Expectancy at Birth, female (years)", "year": "1990", "value": "62.5088"}, {"country": "KIR - Kiribati", "index": "GDI - Gender Development Index", "indicator": "le_f - Life Expectancy at Birth, female (years)", "year": "1991", "value": "63.0486"}, {"country": "KIR - Kiribati", "index": "GDI - Gender Development Index", "indicator": "le_f - Life Expectancy at Birth, female (years)", "year": "1992", "value": "63.5362"}, {"country": "KIR - Kiribati", "index": "GDI - Gender Development Index", "indicator": "le_f - Life Expectancy at Birth, female (years)", "year": "1993", "value": "63.9525"}, {"country": "KIR - Kiribati", "index": "GDI - Gender Development Index", "indicator": "le_f - Life Expectancy at Birth, female (years)", "year": "1994", "value": "64.3271"}, {"country": "KIR - Kiribati", "index": "GDI - Gender Development Index", "indicator": "le_f - Life Expectancy at Birth, female (years)", "year": "1995", "value": "64.6355"}, {"country": "KIR - Kiribati", "index": "GDI - Gender Development Index", "indicator": "le_f - Life Expectancy at Birth, female (years)", "year": "1996", "value": "64.9141"}, {"country": "KIR - Kiribati", "index": "GDI - Gender Development Index", "indicator": "le_f - Life Expectancy at Birth, female (years)", "year": "1997", "value": "65.2057"}, {"country": "KIR - Kiribati", "index": "GDI - Gender Development Index", "indicator": "le_f - Life Expectancy at Birth, female (years)", "year": "1998", "value": "65.4886"}, {"country": "KIR - Kiribati", "index": "GDI - Gender Development Index", "indicator": "le_f - Life Expectancy at Birth, female (years)", "year": "1999", "value": "65.7922"}, {"country": "KIR - Kiribati", "index": "GDI - Gender Development Index", "indicator": "le_f - Life Expectancy at Birth, female (years)", "year": "2000", "value": "66.0653"}, {"country": "KIR - Kiribati", "index": "GDI - Gender Development Index", "indicator": "le_f - Life Expectancy at Birth, female (years)", "year": "2001", "value": "66.2996"}, {"country": "KIR - Kiribati", "index": "GDI - Gender Development Index", "indicator": "le_f - Life Expectancy at Birth, female (years)", "year": "2002", "value": "66.4761"}, {"country": "KIR - Kiribati", "index": "GDI - Gender Development Index", "indicator": "le_f - Life Expectancy at Birth, female (years)", "year": "2003", "value": "66.5861"}, {"country": "KIR - Kiribati", "index": "GDI - Gender Development Index", "indicator": "le_f - Life Expectancy at Birth, female (years)", "year": "2004", "value": "66.6209"}, {"country": "KIR - Kiribati", "index": "GDI - Gender Development Index", "indicator": "le_f - Life Expectancy at Birth, female (years)", "year": "2005", "value": "66.597"}, {"country": "KIR - Kiribati", "index": "GDI - Gender Development Index", "indicator": "le_f - Life Expectancy at Birth, female (years)", "year": "2006", "value": "66.5266"}, {"country": "KIR - Kiribati", "index": "GDI - Gender Development Index", "indicator": "le_f - Life Expectancy at Birth, female (years)", "year": "2007", "value": "66.4681"}, {"country": "KIR - Kiribati", "index": "GDI - Gender Development Index", "indicator": "le_f - Life Expectancy at Birth, female (years)", "year": "2008", "value": "66.4514"}, {"country": "KIR - Kiribati", "index": "GDI - Gender Development Index", "indicator": "le_f - Life Expectancy at Birth, female (years)", "year": "2009", "value": "66.5168"}, {"country": "KIR - Kiribati", "index": "GDI - Gender Development Index", "indicator": "le_f - Life Expectancy at Birth, female (years)", "year": "2010", "value": "66.6248"}, {"country": "KIR - Kiribati", "index": "GDI - Gender Development Index", "indicator": "le_f - Life Expectancy at Birth, female (years)", "year": "2011", "value": "66.793"}, {"country": "KIR - Kiribati", "index": "GDI - Gender Development Index", "indicator": "le_f - Life Expectancy at Birth, female (years)", "year": "2012", "value": "66.9657"}, {"country": "KIR - Kiribati", "index": "GDI - Gender Development Index", "indicator": "le_f - Life Expectancy at Birth, female (years)", "year": "2013", "value": "67.1701"}, {"country": "KIR - Kiribati", "index": "GDI - Gender Development Index", "indicator": "le_f - Life Expectancy at Birth, female (years)", "year": "2014", "value": "67.3872"}, {"country": "KIR - Kiribati", "index": "GDI - Gender Development Index", "indicator": "le_f - Life Expectancy at Birth, female (years)", "year": "2015", "value": "67.6262"}, {"country": "KIR - Kiribati", "index": "GDI - Gender Development Index", "indicator": "le_f - Life Expectancy at Birth, female (years)", "year": "2016", "value": "67.9378"}, {"country": "KIR - Kiribati", "index": "GDI - Gender Development Index", "indicator": "le_f - Life Expectancy at Birth, female (years)", "year": "2017", "value": "68.2427"}, {"country": "KIR - Kiribati", "index": "GDI - Gender Development Index", "indicator": "le_f - Life Expectancy at Birth, female (years)", "year": "2018", "value": "68.5207"}, {"country": "KIR - Kiribati", "index": "GDI - Gender Development Index", "indicator": "le_f - Life Expectancy at Birth, female (years)", "year": "2019", "value": "68.782"}, {"country": "KIR - Kiribati", "index": "GDI - Gender Development Index", "indicator": "le_f - Life Expectancy at Birth, female (years)", "year": "2020", "value": "68.9478"}, {"country": "KIR - Kiribati", "index": "GDI - Gender Development Index", "indicator": "le_f - Life Expectancy at Birth, female (years)", "year": "2021", "value": "69.0959"}, {"country": "KIR - Kiribati", "index": "GDI - Gender Development Index", "indicator": "le_m - Life Expectancy at Birth, male (years)", "year": "1990", "value": "59.2775"}, {"country": "KIR - Kiribati", "index": "GDI - Gender Development Index", "indicator": "le_m - Life Expectancy at Birth, male (years)", "year": "1991", "value": "59.7433"}, {"country": "KIR - Kiribati", "index": "GDI - Gender Development Index", "indicator": "le_m - Life Expectancy at Birth, male (years)", "year": "1992", "value": "60.195"}, {"country": "KIR - Kiribati", "index": "GDI - Gender Development Index", "indicator": "le_m - Life Expectancy at Birth, male (years)", "year": "1993", "value": "60.6288"}, {"country": "KIR - Kiribati", "index": "GDI - Gender Development Index", "indicator": "le_m - Life Expectancy at Birth, male (years)", "year": "1994", "value": "61.0023"}, {"country": "KIR - Kiribati", "index": "GDI - Gender Development Index", "indicator": "le_m - Life Expectancy at Birth, male (years)", "year": "1995", "value": "61.3219"}, {"country": "KIR - Kiribati", "index": "GDI - Gender Development Index", "indicator": "le_m - Life Expectancy at Birth, male (years)", "year": "1996", "value": "61.5951"}, {"country": "KIR - Kiribati", "index": "GDI - Gender Development Index", "indicator": "le_m - Life Expectancy at Birth, male (years)", "year": "1997", "value": "61.8576"}, {"country": "KIR - Kiribati", "index": "GDI - Gender Development Index", "indicator": "le_m - Life Expectancy at Birth, male (years)", "year": "1998", "value": "62.1201"}, {"country": "KIR - Kiribati", "index": "GDI - Gender Development Index", "indicator": "le_m - Life Expectancy at Birth, male (years)", "year": "1999", "value": "62.3686"}, {"country": "KIR - Kiribati", "index": "GDI - Gender Development Index", "indicator": "le_m - Life Expectancy at Birth, male (years)", "year": "2000", "value": "62.6294"}, {"country": "KIR - Kiribati", "index": "GDI - Gender Development Index", "indicator": "le_m - Life Expectancy at Birth, male (years)", "year": "2001", "value": "62.8789"}, {"country": "KIR - Kiribati", "index": "GDI - Gender Development Index", "indicator": "le_m - Life Expectancy at Birth, male (years)", "year": "2002", "value": "63.0571"}, {"country": "KIR - Kiribati", "index": "GDI - Gender Development Index", "indicator": "le_m - Life Expectancy at Birth, male (years)", "year": "2003", "value": "63.1728"}, {"country": "KIR - Kiribati", "index": "GDI - Gender Development Index", "indicator": "le_m - Life Expectancy at Birth, male (years)", "year": "2004", "value": "63.2085"}, {"country": "KIR - Kiribati", "index": "GDI - Gender Development Index", "indicator": "le_m - Life Expectancy at Birth, male (years)", "year": "2005", "value": "63.1866"}, {"country": "KIR - Kiribati", "index": "GDI - Gender Development Index", "indicator": "le_m - Life Expectancy at Birth, male (years)", "year": "2006", "value": "63.1288"}, {"country": "KIR - Kiribati", "index": "GDI - Gender Development Index", "indicator": "le_m - Life Expectancy at Birth, male (years)", "year": "2007", "value": "63.0641"}, {"country": "KIR - Kiribati", "index": "GDI - Gender Development Index", "indicator": "le_m - Life Expectancy at Birth, male (years)", "year": "2008", "value": "63.0587"}, {"country": "KIR - Kiribati", "index": "GDI - Gender Development Index", "indicator": "le_m - Life Expectancy at Birth, male (years)", "year": "2009", "value": "63.1085"}, {"country": "KIR - Kiribati", "index": "GDI - Gender Development Index", "indicator": "le_m - Life Expectancy at Birth, male (years)", "year": "2010", "value": "63.2426"}, {"country": "KIR - Kiribati", "index": "GDI - Gender Development Index", "indicator": "le_m - Life Expectancy at Birth, male (years)", "year": "2011", "value": "63.4134"}, {"country": "KIR - Kiribati", "index": "GDI - Gender Development Index", "indicator": "le_m - Life Expectancy at Birth, male (years)", "year": "2012", "value": "63.6074"}, {"country": "KIR - Kiribati", "index": "GDI - Gender Development Index", "indicator": "le_m - Life Expectancy at Birth, male (years)", "year": "2013", "value": "63.8163"}, {"country": "KIR - Kiribati", "index": "GDI - Gender Development Index", "indicator": "le_m - Life Expectancy at Birth, male (years)", "year": "2014", "value": "64.0439"}, {"country": "KIR - Kiribati", "index": "GDI - Gender Development Index", "indicator": "le_m - Life Expectancy at Birth, male (years)", "year": "2015", "value": "64.2848"}, {"country": "KIR - Kiribati", "index": "GDI - Gender Development Index", "indicator": "le_m - Life Expectancy at Birth, male (years)", "year": "2016", "value": "64.5142"}, {"country": "KIR - Kiribati", "index": "GDI - Gender Development Index", "indicator": "le_m - Life Expectancy at Birth, male (years)", "year": "2017", "value": "64.7353"}, {"country": "KIR - Kiribati", "index": "GDI - Gender Development Index", "indicator": "le_m - Life Expectancy at Birth, male (years)", "year": "2018", "value": "64.9698"}, {"country": "KIR - Kiribati", "index": "GDI - Gender Development Index", "indicator": "le_m - Life Expectancy at Birth, male (years)", "year": "2019", "value": "65.2948"}, {"country": "KIR - Kiribati", "index": "GDI - Gender Development Index", "indicator": "le_m - Life Expectancy at Birth, male (years)", "year": "2020", "value": "65.3484"}, {"country": "KIR - Kiribati", "index": "GDI - Gender Development Index", "indicator": "le_m - Life Expectancy at Birth, male (years)", "year": "2021", "value": "65.504"}, {"country": "KIR - Kiribati", "index": "IHDI - Inequality-adjusted Human Development Index", "indicator": "loss - Overall loss (%)", "year": "2018", "value": "17.84565916"}, {"country": "KIR - Kiribati", "index": "IHDI - Inequality-adjusted Human Development Index", "indicator": "loss - Overall loss (%)", "year": "2019", "value": "17.77777778"}, {"country": "KIR - Kiribati", "index": "IHDI - Inequality-adjusted Human Development Index", "indicator": "loss - Overall loss (%)", "year": "2020", "value": "17.49598716"}, {"country": "KIR - Kiribati", "index": "IHDI - Inequality-adjusted Human Development Index", "indicator": "loss - Overall loss (%)", "year": "2021", "value": "17.30769231"}, {"country": "KIR - Kiribati", "index": "GII - Gender Inequality Index", "indicator": "mmr - Maternal Mortality Ratio (deaths per 100,000 live births)", "year": "1990", "value": "214"}, {"country": "KIR - Kiribati", "index": "GII - Gender Inequality Index", "indicator": "mmr - Maternal Mortality Ratio (deaths per 100,000 live births)", "year": "1991", "value": "203"}, {"country": "KIR - Kiribati", "index": "GII - Gender Inequality Index", "indicator": "mmr - Maternal Mortality Ratio (deaths per 100,000 live births)", "year": "1992", "value": "192"}, {"country": "KIR - Kiribati", "index": "GII - Gender Inequality Index", "indicator": "mmr - Maternal Mortality Ratio (deaths per 100,000 live births)", "year": "1993", "value": "184"}, {"country": "KIR - Kiribati", "index": "GII - Gender Inequality Index", "indicator": "mmr - Maternal Mortality Ratio (deaths per 100,000 live births)", "year": "1994", "value": "175"}, {"country": "KIR - Kiribati", "index": "GII - Gender Inequality Index", "indicator": "mmr - Maternal Mortality Ratio (deaths per 100,000 live births)", "year": "1995", "value": "168"}, {"country": "KIR - Kiribati", "index": "GII - Gender Inequality Index", "indicator": "mmr - Maternal Mortality Ratio (deaths per 100,000 live births)", "year": "1996", "value": "161"}, {"country": "KIR - Kiribati", "index": "GII - Gender Inequality Index", "indicator": "mmr - Maternal Mortality Ratio (deaths per 100,000 live births)", "year": "1997", "value": "154"}, {"country": "KIR - Kiribati", "index": "GII - Gender Inequality Index", "indicator": "mmr - Maternal Mortality Ratio (deaths per 100,000 live births)", "year": "1998", "value": "148"}, {"country": "KIR - Kiribati", "index": "GII - Gender Inequality Index", "indicator": "mmr - Maternal Mortality Ratio (deaths per 100,000 live births)", "year": "1999", "value": "141"}, {"country": "KIR - Kiribati", "index": "GII - Gender Inequality Index", "indicator": "mmr - Maternal Mortality Ratio (deaths per 100,000 live births)", "year": "2000", "value": "136"}, {"country": "KIR - Kiribati", "index": "GII - Gender Inequality Index", "indicator": "mmr - Maternal Mortality Ratio (deaths per 100,000 live births)", "year": "2001", "value": "131"}, {"country": "KIR - Kiribati", "index": "GII - Gender Inequality Index", "indicator": "mmr - Maternal Mortality Ratio (deaths per 100,000 live births)", "year": "2002", "value": "127"}, {"country": "KIR - Kiribati", "index": "GII - Gender Inequality Index", "indicator": "mmr - Maternal Mortality Ratio (deaths per 100,000 live births)", "year": "2003", "value": "124"}, {"country": "KIR - Kiribati", "index": "GII - Gender Inequality Index", "indicator": "mmr - Maternal Mortality Ratio (deaths per 100,000 live births)", "year": "2004", "value": "121"}, {"country": "KIR - Kiribati", "index": "GII - Gender Inequality Index", "indicator": "mmr - Maternal Mortality Ratio (deaths per 100,000 live births)", "year": "2005", "value": "119"}, {"country": "KIR - Kiribati", "index": "GII - Gender Inequality Index", "indicator": "mmr - Maternal Mortality Ratio (deaths per 100,000 live births)", "year": "2006", "value": "117"}, {"country": "KIR - Kiribati", "index": "GII - Gender Inequality Index", "indicator": "mmr - Maternal Mortality Ratio (deaths per 100,000 live births)", "year": "2007", "value": "115"}, {"country": "KIR - Kiribati", "index": "GII - Gender Inequality Index", "indicator": "mmr - Maternal Mortality Ratio (deaths per 100,000 live births)", "year": "2008", "value": "115"}, {"country": "KIR - Kiribati", "index": "GII - Gender Inequality Index", "indicator": "mmr - Maternal Mortality Ratio (deaths per 100,000 live births)", "year": "2009", "value": "113"}, {"country": "KIR - Kiribati", "index": "GII - Gender Inequality Index", "indicator": "mmr - Maternal Mortality Ratio (deaths per 100,000 live births)", "year": "2010", "value": "112"}, {"country": "KIR - Kiribati", "index": "GII - Gender Inequality Index", "indicator": "mmr - Maternal Mortality Ratio (deaths per 100,000 live births)", "year": "2011", "value": "110"}, {"country": "KIR - Kiribati", "index": "GII - Gender Inequality Index", "indicator": "mmr - Maternal Mortality Ratio (deaths per 100,000 live births)", "year": "2012", "value": "107"}, {"country": "KIR - Kiribati", "index": "GII - Gender Inequality Index", "indicator": "mmr - Maternal Mortality Ratio (deaths per 100,000 live births)", "year": "2013", "value": "104"}, {"country": "KIR - Kiribati", "index": "GII - Gender Inequality Index", "indicator": "mmr - Maternal Mortality Ratio (deaths per 100,000 live births)", "year": "2014", "value": "100"}, {"country": "KIR - Kiribati", "index": "GII - Gender Inequality Index", "indicator": "mmr - Maternal Mortality Ratio (deaths per 100,000 live births)", "year": "2015", "value": "97"}, {"country": "KIR - Kiribati", "index": "GII - Gender Inequality Index", "indicator": "mmr - Maternal Mortality Ratio (deaths per 100,000 live births)", "year": "2016", "value": "94"}, {"country": "KIR - Kiribati", "index": "GII - Gender Inequality Index", "indicator": "mmr - Maternal Mortality Ratio (deaths per 100,000 live births)", "year": "2017", "value": "92"}, {"country": "KIR - Kiribati", "index": "GII - Gender Inequality Index", "indicator": "mmr - Maternal Mortality Ratio (deaths per 100,000 live births)", "year": "2018", "value": "92"}, {"country": "KIR - Kiribati", "index": "GII - Gender Inequality Index", "indicator": "mmr - Maternal Mortality Ratio (deaths per 100,000 live births)", "year": "2019", "value": "92"}, {"country": "KIR - Kiribati", "index": "GII - Gender Inequality Index", "indicator": "mmr - Maternal Mortality Ratio (deaths per 100,000 live births)", "year": "2020", "value": "92"}, {"country": "KIR - Kiribati", "index": "GII - Gender Inequality Index", "indicator": "mmr - Maternal Mortality Ratio (deaths per 100,000 live births)", "year": "2021", "value": "92"}, {"country": "KIR - Kiribati", "index": "HDI - Human Development Index", "indicator": "mys - Mean Years of Schooling (years)", "year": "2000", "value": "6.807679113"}, {"country": "KIR - Kiribati", "index": "HDI - Human Development Index", "indicator": "mys - Mean Years of Schooling (years)", "year": "2001", "value": "6.908141952"}, {"country": "KIR - Kiribati", "index": "HDI - Human Development Index", "indicator": "mys - Mean Years of Schooling (years)", "year": "2002", "value": "7.01008735"}, {"country": "KIR - Kiribati", "index": "HDI - Human Development Index", "indicator": "mys - Mean Years of Schooling (years)", "year": "2003", "value": "7.113537184"}, {"country": "KIR - Kiribati", "index": "HDI - Human Development Index", "indicator": "mys - Mean Years of Schooling (years)", "year": "2004", "value": "7.218513657"}, {"country": "KIR - Kiribati", "index": "HDI - Human Development Index", "indicator": "mys - Mean Years of Schooling (years)", "year": "2005", "value": "7.325039297"}, {"country": "KIR - Kiribati", "index": "HDI - Human Development Index", "indicator": "mys - Mean Years of Schooling (years)", "year": "2006", "value": "7.433136966"}, {"country": "KIR - Kiribati", "index": "HDI - Human Development Index", "indicator": "mys - Mean Years of Schooling (years)", "year": "2007", "value": "7.541234635"}, {"country": "KIR - Kiribati", "index": "HDI - Human Development Index", "indicator": "mys - Mean Years of Schooling (years)", "year": "2008", "value": "7.649332304"}, {"country": "KIR - Kiribati", "index": "HDI - Human Development Index", "indicator": "mys - Mean Years of Schooling (years)", "year": "2009", "value": "7.757429974"}, {"country": "KIR - Kiribati", "index": "HDI - Human Development Index", "indicator": "mys - Mean Years of Schooling (years)", "year": "2010", "value": "7.865527643"}, {"country": "KIR - Kiribati", "index": "HDI - Human Development Index", "indicator": "mys - Mean Years of Schooling (years)", "year": "2011", "value": "7.865527643"}, {"country": "KIR - Kiribati", "index": "HDI - Human Development Index", "indicator": "mys - Mean Years of Schooling (years)", "year": "2012", "value": "7.865527643"}, {"country": "KIR - Kiribati", "index": "HDI - Human Development Index", "indicator": "mys - Mean Years of Schooling (years)", "year": "2013", "value": "7.865527643"}, {"country": "KIR - Kiribati", "index": "HDI - Human Development Index", "indicator": "mys - Mean Years of Schooling (years)", "year": "2014", "value": "7.865527643"}, {"country": "KIR - Kiribati", "index": "HDI - Human Development Index", "indicator": "mys - Mean Years of Schooling (years)", "year": "2015", "value": "7.865527643"}, {"country": "KIR - Kiribati", "index": "HDI - Human Development Index", "indicator": "mys - Mean Years of Schooling (years)", "year": "2016", "value": "7.865527643"}, {"country": "KIR - Kiribati", "index": "HDI - Human Development Index", "indicator": "mys - Mean Years of Schooling (years)", "year": "2017", "value": "7.865527643"}, {"country": "KIR - Kiribati", "index": "HDI - Human Development Index", "indicator": "mys - Mean Years of Schooling (years)", "year": "2018", "value": "7.865527643"}, {"country": "KIR - Kiribati", "index": "HDI - Human Development Index", "indicator": "mys - Mean Years of Schooling (years)", "year": "2019", "value": "7.984461822"}, {"country": "KIR - Kiribati", "index": "HDI - Human Development Index", "indicator": "mys - Mean Years of Schooling (years)", "year": "2020", "value": "7.984461822"}, {"country": "KIR - Kiribati", "index": "HDI - Human Development Index", "indicator": "mys - Mean Years of Schooling (years)", "year": "2021", "value": "7.984461822"}, {"country": "KIR - Kiribati", "index": "GII - Gender Inequality Index", "indicator": "pr_f - Share of seats in parliament, female (% held by women)", "year": "1990", "value": "0"}, {"country": "KIR - Kiribati", "index": "GII - Gender Inequality Index", "indicator": "pr_f - Share of seats in parliament, female (% held by women)", "year": "1991", "value": "0"}, {"country": "KIR - Kiribati", "index": "GII - Gender Inequality Index", "indicator": "pr_f - Share of seats in parliament, female (% held by women)", "year": "1992", "value": "0"}, {"country": "KIR - Kiribati", "index": "GII - Gender Inequality Index", "indicator": "pr_f - Share of seats in parliament, female (% held by women)", "year": "1993", "value": "0"}, {"country": "KIR - Kiribati", "index": "GII - Gender Inequality Index", "indicator": "pr_f - Share of seats in parliament, female (% held by women)", "year": "1994", "value": "0"}, {"country": "KIR - Kiribati", "index": "GII - Gender Inequality Index", "indicator": "pr_f - Share of seats in parliament, female (% held by women)", "year": "1995", "value": "0"}, {"country": "KIR - Kiribati", "index": "GII - Gender Inequality Index", "indicator": "pr_f - Share of seats in parliament, female (% held by women)", "year": "1996", "value": "0"}, {"country": "KIR - Kiribati", "index": "GII - Gender Inequality Index", "indicator": "pr_f - Share of seats in parliament, female (% held by women)", "year": "1997", "value": "0"}, {"country": "KIR - Kiribati", "index": "GII - Gender Inequality Index", "indicator": "pr_f - Share of seats in parliament, female (% held by women)", "year": "1998", "value": "0"}, {"country": "KIR - Kiribati", "index": "GII - Gender Inequality Index", "indicator": "pr_f - Share of seats in parliament, female (% held by women)", "year": "1999", "value": "4.87804878"}, {"country": "KIR - Kiribati", "index": "GII - Gender Inequality Index", "indicator": "pr_f - Share of seats in parliament, female (% held by women)", "year": "2000", "value": "4.87804878"}, {"country": "KIR - Kiribati", "index": "GII - Gender Inequality Index", "indicator": "pr_f - Share of seats in parliament, female (% held by women)", "year": "2001", "value": "4.761904762"}, {"country": "KIR - Kiribati", "index": "GII - Gender Inequality Index", "indicator": "pr_f - Share of seats in parliament, female (% held by women)", "year": "2002", "value": "4.761904762"}, {"country": "KIR - Kiribati", "index": "GII - Gender Inequality Index", "indicator": "pr_f - Share of seats in parliament, female (% held by women)", "year": "2003", "value": "4.761904762"}, {"country": "KIR - Kiribati", "index": "GII - Gender Inequality Index", "indicator": "pr_f - Share of seats in parliament, female (% held by women)", "year": "2004", "value": "4.761904762"}, {"country": "KIR - Kiribati", "index": "GII - Gender Inequality Index", "indicator": "pr_f - Share of seats in parliament, female (% held by women)", "year": "2005", "value": "4.761904762"}, {"country": "KIR - Kiribati", "index": "GII - Gender Inequality Index", "indicator": "pr_f - Share of seats in parliament, female (% held by women)", "year": "2006", "value": "7.142857143"}, {"country": "KIR - Kiribati", "index": "GII - Gender Inequality Index", "indicator": "pr_f - Share of seats in parliament, female (% held by women)", "year": "2007", "value": "4.347826087"}, {"country": "KIR - Kiribati", "index": "GII - Gender Inequality Index", "indicator": "pr_f - Share of seats in parliament, female (% held by women)", "year": "2008", "value": "4.347826087"}, {"country": "KIR - Kiribati", "index": "GII - Gender Inequality Index", "indicator": "pr_f - Share of seats in parliament, female (% held by women)", "year": "2009", "value": "4.347826087"}, {"country": "KIR - Kiribati", "index": "GII - Gender Inequality Index", "indicator": "pr_f - Share of seats in parliament, female (% held by women)", "year": "2010", "value": "4.347826087"}, {"country": "KIR - Kiribati", "index": "GII - Gender Inequality Index", "indicator": "pr_f - Share of seats in parliament, female (% held by women)", "year": "2011", "value": "8.695652174"}, {"country": "KIR - Kiribati", "index": "GII - Gender Inequality Index", "indicator": "pr_f - Share of seats in parliament, female (% held by women)", "year": "2012", "value": "8.695652174"}, {"country": "KIR - Kiribati", "index": "GII - Gender Inequality Index", "indicator": "pr_f - Share of seats in parliament, female (% held by women)", "year": "2013", "value": "8.695652174"}, {"country": "KIR - Kiribati", "index": "GII - Gender Inequality Index", "indicator": "pr_f - Share of seats in parliament, female (% held by women)", "year": "2014", "value": "8.695652174"}, {"country": "KIR - Kiribati", "index": "GII - Gender Inequality Index", "indicator": "pr_f - Share of seats in parliament, female (% held by women)", "year": "2015", "value": "8.695652174"}, {"country": "KIR - Kiribati", "index": "GII - Gender Inequality Index", "indicator": "pr_f - Share of seats in parliament, female (% held by women)", "year": "2016", "value": "6.52173913"}, {"country": "KIR - Kiribati", "index": "GII - Gender Inequality Index", "indicator": "pr_f - Share of seats in parliament, female (% held by women)", "year": "2017", "value": "6.52173913"}, {"country": "KIR - Kiribati", "index": "GII - Gender Inequality Index", "indicator": "pr_f - Share of seats in parliament, female (% held by women)", "year": "2018", "value": "6.52173913"}, {"country": "KIR - Kiribati", "index": "GII - Gender Inequality Index", "indicator": "pr_f - Share of seats in parliament, female (% held by women)", "year": "2019", "value": "6.52173913"}, {"country": "KIR - Kiribati", "index": "GII - Gender Inequality Index", "indicator": "pr_f - Share of seats in parliament, female (% held by women)", "year": "2020", "value": "8.888888889"}, {"country": "KIR - Kiribati", "index": "GII - Gender Inequality Index", "indicator": "pr_f - Share of seats in parliament, female (% held by women)", "year": "2021", "value": "6.666666667"}, {"country": "KIR - Kiribati", "index": "GII - Gender Inequality Index", "indicator": "pr_m - Share of seats in parliament, male (% held by men)", "year": "1990", "value": "100"}, {"country": "KIR - Kiribati", "index": "GII - Gender Inequality Index", "indicator": "pr_m - Share of seats in parliament, male (% held by men)", "year": "1991", "value": "100"}, {"country": "KIR - Kiribati", "index": "GII - Gender Inequality Index", "indicator": "pr_m - Share of seats in parliament, male (% held by men)", "year": "1992", "value": "100"}, {"country": "KIR - Kiribati", "index": "GII - Gender Inequality Index", "indicator": "pr_m - Share of seats in parliament, male (% held by men)", "year": "1993", "value": "100"}, {"country": "KIR - Kiribati", "index": "GII - Gender Inequality Index", "indicator": "pr_m - Share of seats in parliament, male (% held by men)", "year": "1994", "value": "100"}, {"country": "KIR - Kiribati", "index": "GII - Gender Inequality Index", "indicator": "pr_m - Share of seats in parliament, male (% held by men)", "year": "1995", "value": "100"}, {"country": "KIR - Kiribati", "index": "GII - Gender Inequality Index", "indicator": "pr_m - Share of seats in parliament, male (% held by men)", "year": "1996", "value": "100"}, {"country": "KIR - Kiribati", "index": "GII - Gender Inequality Index", "indicator": "pr_m - Share of seats in parliament, male (% held by men)", "year": "1997", "value": "100"}, {"country": "KIR - Kiribati", "index": "GII - Gender Inequality Index", "indicator": "pr_m - Share of seats in parliament, male (% held by men)", "year": "1998", "value": "100"}, {"country": "KIR - Kiribati", "index": "GII - Gender Inequality Index", "indicator": "pr_m - Share of seats in parliament, male (% held by men)", "year": "1999", "value": "95.12195122"}, {"country": "KIR - Kiribati", "index": "GII - Gender Inequality Index", "indicator": "pr_m - Share of seats in parliament, male (% held by men)", "year": "2000", "value": "95.12195122"}, {"country": "KIR - Kiribati", "index": "GII - Gender Inequality Index", "indicator": "pr_m - Share of seats in parliament, male (% held by men)", "year": "2001", "value": "95.23809524"}, {"country": "KIR - Kiribati", "index": "GII - Gender Inequality Index", "indicator": "pr_m - Share of seats in parliament, male (% held by men)", "year": "2002", "value": "95.23809524"}, {"country": "KIR - Kiribati", "index": "GII - Gender Inequality Index", "indicator": "pr_m - Share of seats in parliament, male (% held by men)", "year": "2003", "value": "95.23809524"}, {"country": "KIR - Kiribati", "index": "GII - Gender Inequality Index", "indicator": "pr_m - Share of seats in parliament, male (% held by men)", "year": "2004", "value": "95.23809524"}, {"country": "KIR - Kiribati", "index": "GII - Gender Inequality Index", "indicator": "pr_m - Share of seats in parliament, male (% held by men)", "year": "2005", "value": "95.23809524"}, {"country": "KIR - Kiribati", "index": "GII - Gender Inequality Index", "indicator": "pr_m - Share of seats in parliament, male (% held by men)", "year": "2006", "value": "92.85714286"}, {"country": "KIR - Kiribati", "index": "GII - Gender Inequality Index", "indicator": "pr_m - Share of seats in parliament, male (% held by men)", "year": "2007", "value": "95.65217391"}, {"country": "KIR - Kiribati", "index": "GII - Gender Inequality Index", "indicator": "pr_m - Share of seats in parliament, male (% held by men)", "year": "2008", "value": "95.65217391"}, {"country": "KIR - Kiribati", "index": "GII - Gender Inequality Index", "indicator": "pr_m - Share of seats in parliament, male (% held by men)", "year": "2009", "value": "95.65217391"}, {"country": "KIR - Kiribati", "index": "GII - Gender Inequality Index", "indicator": "pr_m - Share of seats in parliament, male (% held by men)", "year": "2010", "value": "95.65217391"}, {"country": "KIR - Kiribati", "index": "GII - Gender Inequality Index", "indicator": "pr_m - Share of seats in parliament, male (% held by men)", "year": "2011", "value": "91.30434783"}, {"country": "KIR - Kiribati", "index": "GII - Gender Inequality Index", "indicator": "pr_m - Share of seats in parliament, male (% held by men)", "year": "2012", "value": "91.30434783"}, {"country": "KIR - Kiribati", "index": "GII - Gender Inequality Index", "indicator": "pr_m - Share of seats in parliament, male (% held by men)", "year": "2013", "value": "91.30434783"}, {"country": "KIR - Kiribati", "index": "GII - Gender Inequality Index", "indicator": "pr_m - Share of seats in parliament, male (% held by men)", "year": "2014", "value": "91.30434783"}, {"country": "KIR - Kiribati", "index": "GII - Gender Inequality Index", "indicator": "pr_m - Share of seats in parliament, male (% held by men)", "year": "2015", "value": "91.30434783"}, {"country": "KIR - Kiribati", "index": "GII - Gender Inequality Index", "indicator": "pr_m - Share of seats in parliament, male (% held by men)", "year": "2016", "value": "93.47826087"}, {"country": "KIR - Kiribati", "index": "GII - Gender Inequality Index", "indicator": "pr_m - Share of seats in parliament, male (% held by men)", "year": "2017", "value": "93.47826087"}, {"country": "KIR - Kiribati", "index": "GII - Gender Inequality Index", "indicator": "pr_m - Share of seats in parliament, male (% held by men)", "year": "2018", "value": "93.47826087"}, {"country": "KIR - Kiribati", "index": "GII - Gender Inequality Index", "indicator": "pr_m - Share of seats in parliament, male (% held by men)", "year": "2019", "value": "93.47826087"}, {"country": "KIR - Kiribati", "index": "GII - Gender Inequality Index", "indicator": "pr_m - Share of seats in parliament, male (% held by men)", "year": "2020", "value": "91.11111111"}, {"country": "KIR - Kiribati", "index": "GII - Gender Inequality Index", "indicator": "pr_m - Share of seats in parliament, male (% held by men)", "year": "2021", "value": "93.33333333"}]