[{"country": "GRD - Grenada", "index": "GII - Gender Inequality Index", "indicator": "abr - Adolescent Birth Rate (births per 1,000 women ages 15-19)", "year": "1990", "value": "85.629"}, {"country": "GRD - Grenada", "index": "GII - Gender Inequality Index", "indicator": "abr - Adolescent Birth Rate (births per 1,000 women ages 15-19)", "year": "1991", "value": "87.036"}, {"country": "GRD - Grenada", "index": "GII - Gender Inequality Index", "indicator": "abr - Adolescent Birth Rate (births per 1,000 women ages 15-19)", "year": "1992", "value": "83.331"}, {"country": "GRD - Grenada", "index": "GII - Gender Inequality Index", "indicator": "abr - Adolescent Birth Rate (births per 1,000 women ages 15-19)", "year": "1993", "value": "79.916"}, {"country": "GRD - Grenada", "index": "GII - Gender Inequality Index", "indicator": "abr - Adolescent Birth Rate (births per 1,000 women ages 15-19)", "year": "1994", "value": "75.849"}, {"country": "GRD - Grenada", "index": "GII - Gender Inequality Index", "indicator": "abr - Adolescent Birth Rate (births per 1,000 women ages 15-19)", "year": "1995", "value": "71.044"}, {"country": "GRD - Grenada", "index": "GII - Gender Inequality Index", "indicator": "abr - Adolescent Birth Rate (births per 1,000 women ages 15-19)", "year": "1996", "value": "67.291"}, {"country": "GRD - Grenada", "index": "GII - Gender Inequality Index", "indicator": "abr - Adolescent Birth Rate (births per 1,000 women ages 15-19)", "year": "1997", "value": "63.858"}, {"country": "GRD - Grenada", "index": "GII - Gender Inequality Index", "indicator": "abr - Adolescent Birth Rate (births per 1,000 women ages 15-19)", "year": "1998", "value": "50.743"}, {"country": "GRD - Grenada", "index": "GII - Gender Inequality Index", "indicator": "abr - Adolescent Birth Rate (births per 1,000 women ages 15-19)", "year": "1999", "value": "46.118"}, {"country": "GRD - Grenada", "index": "GII - Gender Inequality Index", "indicator": "abr - Adolescent Birth Rate (births per 1,000 women ages 15-19)", "year": "2000", "value": "45.566"}, {"country": "GRD - Grenada", "index": "GII - Gender Inequality Index", "indicator": "abr - Adolescent Birth Rate (births per 1,000 women ages 15-19)", "year": "2001", "value": "44.442"}, {"country": "GRD - Grenada", "index": "GII - Gender Inequality Index", "indicator": "abr - Adolescent Birth Rate (births per 1,000 women ages 15-19)", "year": "2002", "value": "43.44"}, {"country": "GRD - Grenada", "index": "GII - Gender Inequality Index", "indicator": "abr - Adolescent Birth Rate (births per 1,000 women ages 15-19)", "year": "2003", "value": "42.914"}, {"country": "GRD - Grenada", "index": "GII - Gender Inequality Index", "indicator": "abr - Adolescent Birth Rate (births per 1,000 women ages 15-19)", "year": "2004", "value": "41.809"}, {"country": "GRD - Grenada", "index": "GII - Gender Inequality Index", "indicator": "abr - Adolescent Birth Rate (births per 1,000 women ages 15-19)", "year": "2005", "value": "41.411"}, {"country": "GRD - Grenada", "index": "GII - Gender Inequality Index", "indicator": "abr - Adolescent Birth Rate (births per 1,000 women ages 15-19)", "year": "2006", "value": "41.315"}, {"country": "GRD - Grenada", "index": "GII - Gender Inequality Index", "indicator": "abr - Adolescent Birth Rate (births per 1,000 women ages 15-19)", "year": "2007", "value": "41.016"}, {"country": "GRD - Grenada", "index": "GII - Gender Inequality Index", "indicator": "abr - Adolescent Birth Rate (births per 1,000 women ages 15-19)", "year": "2008", "value": "40.566"}, {"country": "GRD - Grenada", "index": "GII - Gender Inequality Index", "indicator": "abr - Adolescent Birth Rate (births per 1,000 women ages 15-19)", "year": "2009", "value": "40.12"}, {"country": "GRD - Grenada", "index": "GII - Gender Inequality Index", "indicator": "abr - Adolescent Birth Rate (births per 1,000 women ages 15-19)", "year": "2010", "value": "39.433"}, {"country": "GRD - Grenada", "index": "GII - Gender Inequality Index", "indicator": "abr - Adolescent Birth Rate (births per 1,000 women ages 15-19)", "year": "2011", "value": "38.699"}, {"country": "GRD - Grenada", "index": "GII - Gender Inequality Index", "indicator": "abr - Adolescent Birth Rate (births per 1,000 women ages 15-19)", "year": "2012", "value": "37.726"}, {"country": "GRD - Grenada", "index": "GII - Gender Inequality Index", "indicator": "abr - Adolescent Birth Rate (births per 1,000 women ages 15-19)", "year": "2013", "value": "36.587"}, {"country": "GRD - Grenada", "index": "GII - Gender Inequality Index", "indicator": "abr - Adolescent Birth Rate (births per 1,000 women ages 15-19)", "year": "2014", "value": "35.112"}, {"country": "GRD - Grenada", "index": "GII - Gender Inequality Index", "indicator": "abr - Adolescent Birth Rate (births per 1,000 women ages 15-19)", "year": "2015", "value": "34.957"}, {"country": "GRD - Grenada", "index": "GII - Gender Inequality Index", "indicator": "abr - Adolescent Birth Rate (births per 1,000 women ages 15-19)", "year": "2016", "value": "34.597"}, {"country": "GRD - Grenada", "index": "GII - Gender Inequality Index", "indicator": "abr - Adolescent Birth Rate (births per 1,000 women ages 15-19)", "year": "2017", "value": "34.69"}, {"country": "GRD - Grenada", "index": "GII - Gender Inequality Index", "indicator": "abr - Adolescent Birth Rate (births per 1,000 women ages 15-19)", "year": "2018", "value": "34.553"}, {"country": "GRD - Grenada", "index": "GII - Gender Inequality Index", "indicator": "abr - Adolescent Birth Rate (births per 1,000 women ages 15-19)", "year": "2019", "value": "34.096"}, {"country": "GRD - Grenada", "index": "GII - Gender Inequality Index", "indicator": "abr - Adolescent Birth Rate (births per 1,000 women ages 15-19)", "year": "2020", "value": "33.472"}, {"country": "GRD - Grenada", "index": "GII - Gender Inequality Index", "indicator": "abr - Adolescent Birth Rate (births per 1,000 women ages 15-19)", "year": "2021", "value": "32.72"}, {"country": "GRD - Grenada", "index": "PHDI - Planetary pressures\u2013adjusted Human Development Index", "indicator": "co2_prod - Carbon dioxide emissions per capita (production) (tonnes)", "year": "1990", "value": "1.103071701"}, {"country": "GRD - Grenada", "index": "PHDI - Planetary pressures\u2013adjusted Human Development Index", "indicator": "co2_prod - Carbon dioxide emissions per capita (production) (tonnes)", "year": "1991", "value": "1.139539706"}, {"country": "GRD - Grenada", "index": "PHDI - Planetary pressures\u2013adjusted Human Development Index", "indicator": "co2_prod - Carbon dioxide emissions per capita (production) (tonnes)", "year": "1992", "value": "1.206710235"}, {"country": "GRD - Grenada", "index": "PHDI - Planetary pressures\u2013adjusted Human Development Index", "indicator": "co2_prod - Carbon dioxide emissions per capita (production) (tonnes)", "year": "1993", "value": "1.230886694"}, {"country": "GRD - Grenada", "index": "PHDI - Planetary pressures\u2013adjusted Human Development Index", "indicator": "co2_prod - Carbon dioxide emissions per capita (production) (tonnes)", "year": "1994", "value": "1.438320316"}, {"country": "GRD - Grenada", "index": "PHDI - Planetary pressures\u2013adjusted Human Development Index", "indicator": "co2_prod - Carbon dioxide emissions per capita (production) (tonnes)", "year": "1995", "value": "1.497886088"}, {"country": "GRD - Grenada", "index": "PHDI - Planetary pressures\u2013adjusted Human Development Index", "indicator": "co2_prod - Carbon dioxide emissions per capita (production) (tonnes)", "year": "1996", "value": "1.523648281"}, {"country": "GRD - Grenada", "index": "PHDI - Planetary pressures\u2013adjusted Human Development Index", "indicator": "co2_prod - Carbon dioxide emissions per capita (production) (tonnes)", "year": "1997", "value": "1.659397245"}, {"country": "GRD - Grenada", "index": "PHDI - Planetary pressures\u2013adjusted Human Development Index", "indicator": "co2_prod - Carbon dioxide emissions per capita (production) (tonnes)", "year": "1998", "value": "1.723860774"}, {"country": "GRD - Grenada", "index": "PHDI - Planetary pressures\u2013adjusted Human Development Index", "indicator": "co2_prod - Carbon dioxide emissions per capita (production) (tonnes)", "year": "1999", "value": "1.895794283"}, {"country": "GRD - Grenada", "index": "PHDI - Planetary pressures\u2013adjusted Human Development Index", "indicator": "co2_prod - Carbon dioxide emissions per capita (production) (tonnes)", "year": "2000", "value": "1.852809896"}, {"country": "GRD - Grenada", "index": "PHDI - Planetary pressures\u2013adjusted Human Development Index", "indicator": "co2_prod - Carbon dioxide emissions per capita (production) (tonnes)", "year": "2001", "value": "1.880793034"}, {"country": "GRD - Grenada", "index": "PHDI - Planetary pressures\u2013adjusted Human Development Index", "indicator": "co2_prod - Carbon dioxide emissions per capita (production) (tonnes)", "year": "2002", "value": "1.979852172"}, {"country": "GRD - Grenada", "index": "PHDI - Planetary pressures\u2013adjusted Human Development Index", "indicator": "co2_prod - Carbon dioxide emissions per capita (production) (tonnes)", "year": "2003", "value": "2.078553916"}, {"country": "GRD - Grenada", "index": "PHDI - Planetary pressures\u2013adjusted Human Development Index", "indicator": "co2_prod - Carbon dioxide emissions per capita (production) (tonnes)", "year": "2004", "value": "1.9663239"}, {"country": "GRD - Grenada", "index": "PHDI - Planetary pressures\u2013adjusted Human Development Index", "indicator": "co2_prod - Carbon dioxide emissions per capita (production) (tonnes)", "year": "2005", "value": "2.065525841"}, {"country": "GRD - Grenada", "index": "PHDI - Planetary pressures\u2013adjusted Human Development Index", "indicator": "co2_prod - Carbon dioxide emissions per capita (production) (tonnes)", "year": "2006", "value": "2.199784624"}, {"country": "GRD - Grenada", "index": "PHDI - Planetary pressures\u2013adjusted Human Development Index", "indicator": "co2_prod - Carbon dioxide emissions per capita (production) (tonnes)", "year": "2007", "value": "2.264093545"}, {"country": "GRD - Grenada", "index": "PHDI - Planetary pressures\u2013adjusted Human Development Index", "indicator": "co2_prod - Carbon dioxide emissions per capita (production) (tonnes)", "year": "2008", "value": "2.397397967"}, {"country": "GRD - Grenada", "index": "PHDI - Planetary pressures\u2013adjusted Human Development Index", "indicator": "co2_prod - Carbon dioxide emissions per capita (production) (tonnes)", "year": "2009", "value": "2.389851497"}, {"country": "GRD - Grenada", "index": "PHDI - Planetary pressures\u2013adjusted Human Development Index", "indicator": "co2_prod - Carbon dioxide emissions per capita (production) (tonnes)", "year": "2010", "value": "2.448768274"}, {"country": "GRD - Grenada", "index": "PHDI - Planetary pressures\u2013adjusted Human Development Index", "indicator": "co2_prod - Carbon dioxide emissions per capita (production) (tonnes)", "year": "2011", "value": "2.367317128"}, {"country": "GRD - Grenada", "index": "PHDI - Planetary pressures\u2013adjusted Human Development Index", "indicator": "co2_prod - Carbon dioxide emissions per capita (production) (tonnes)", "year": "2012", "value": "2.523500177"}, {"country": "GRD - Grenada", "index": "PHDI - Planetary pressures\u2013adjusted Human Development Index", "indicator": "co2_prod - Carbon dioxide emissions per capita (production) (tonnes)", "year": "2013", "value": "2.811407969"}, {"country": "GRD - Grenada", "index": "PHDI - Planetary pressures\u2013adjusted Human Development Index", "indicator": "co2_prod - Carbon dioxide emissions per capita (production) (tonnes)", "year": "2014", "value": "2.153312152"}, {"country": "GRD - Grenada", "index": "PHDI - Planetary pressures\u2013adjusted Human Development Index", "indicator": "co2_prod - Carbon dioxide emissions per capita (production) (tonnes)", "year": "2015", "value": "2.373561803"}, {"country": "GRD - Grenada", "index": "PHDI - Planetary pressures\u2013adjusted Human Development Index", "indicator": "co2_prod - Carbon dioxide emissions per capita (production) (tonnes)", "year": "2016", "value": "2.425789717"}, {"country": "GRD - Grenada", "index": "PHDI - Planetary pressures\u2013adjusted Human Development Index", "indicator": "co2_prod - Carbon dioxide emissions per capita (production) (tonnes)", "year": "2017", "value": "2.51149954"}, {"country": "GRD - Grenada", "index": "PHDI - Planetary pressures\u2013adjusted Human Development Index", "indicator": "co2_prod - Carbon dioxide emissions per capita (production) (tonnes)", "year": "2018", "value": "2.761498017"}, {"country": "GRD - Grenada", "index": "PHDI - Planetary pressures\u2013adjusted Human Development Index", "indicator": "co2_prod - Carbon dioxide emissions per capita (production) (tonnes)", "year": "2019", "value": "2.966616966"}, {"country": "GRD - Grenada", "index": "PHDI - Planetary pressures\u2013adjusted Human Development Index", "indicator": "co2_prod - Carbon dioxide emissions per capita (production) (tonnes)", "year": "2020", "value": "2.620175431"}, {"country": "GRD - Grenada", "index": "PHDI - Planetary pressures\u2013adjusted Human Development Index", "indicator": "co2_prod - Carbon dioxide emissions per capita (production) (tonnes)", "year": "2021", "value": "2.620175431"}, {"country": "GRD - Grenada", "index": "HDI - Human Development Index", "indicator": "eys - Expected Years of Schooling (years)", "year": "1990", "value": "14.39464777"}, {"country": "GRD - Grenada", "index": "HDI - Human Development Index", "indicator": "eys - Expected Years of Schooling (years)", "year": "1991", "value": "14.55154526"}, {"country": "GRD - Grenada", "index": "HDI - Human Development Index", "indicator": "eys - Expected Years of Schooling (years)", "year": "1992", "value": "14.7101529"}, {"country": "GRD - Grenada", "index": "HDI - Human Development Index", "indicator": "eys - Expected Years of Schooling (years)", "year": "1993", "value": "14.87048932"}, {"country": "GRD - Grenada", "index": "HDI - Human Development Index", "indicator": "eys - Expected Years of Schooling (years)", "year": "1994", "value": "15.03257335"}, {"country": "GRD - Grenada", "index": "HDI - Human Development Index", "indicator": "eys - Expected Years of Schooling (years)", "year": "1995", "value": "15.19642405"}, {"country": "GRD - Grenada", "index": "HDI - Human Development Index", "indicator": "eys - Expected Years of Schooling (years)", "year": "1996", "value": "15.36206068"}, {"country": "GRD - Grenada", "index": "HDI - Human Development Index", "indicator": "eys - Expected Years of Schooling (years)", "year": "1997", "value": "15.5295027"}, {"country": "GRD - Grenada", "index": "HDI - Human Development Index", "indicator": "eys - Expected Years of Schooling (years)", "year": "1998", "value": "15.69876979"}, {"country": "GRD - Grenada", "index": "HDI - Human Development Index", "indicator": "eys - Expected Years of Schooling (years)", "year": "1999", "value": "15.86988184"}, {"country": "GRD - Grenada", "index": "HDI - Human Development Index", "indicator": "eys - Expected Years of Schooling (years)", "year": "2000", "value": "16.04285897"}, {"country": "GRD - Grenada", "index": "HDI - Human Development Index", "indicator": "eys - Expected Years of Schooling (years)", "year": "2001", "value": "16.21772149"}, {"country": "GRD - Grenada", "index": "HDI - Human Development Index", "indicator": "eys - Expected Years of Schooling (years)", "year": "2002", "value": "16.39448997"}, {"country": "GRD - Grenada", "index": "HDI - Human Development Index", "indicator": "eys - Expected Years of Schooling (years)", "year": "2003", "value": "16.57318517"}, {"country": "GRD - Grenada", "index": "HDI - Human Development Index", "indicator": "eys - Expected Years of Schooling (years)", "year": "2004", "value": "16.7538281"}, {"country": "GRD - Grenada", "index": "HDI - Human Development Index", "indicator": "eys - Expected Years of Schooling (years)", "year": "2005", "value": "16.93643998"}, {"country": "GRD - Grenada", "index": "HDI - Human Development Index", "indicator": "eys - Expected Years of Schooling (years)", "year": "2006", "value": "17.12104228"}, {"country": "GRD - Grenada", "index": "HDI - Human Development Index", "indicator": "eys - Expected Years of Schooling (years)", "year": "2007", "value": "17.30765669"}, {"country": "GRD - Grenada", "index": "HDI - Human Development Index", "indicator": "eys - Expected Years of Schooling (years)", "year": "2008", "value": "17.49630514"}, {"country": "GRD - Grenada", "index": "HDI - Human Development Index", "indicator": "eys - Expected Years of Schooling (years)", "year": "2009", "value": "17.68700981"}, {"country": "GRD - Grenada", "index": "HDI - Human Development Index", "indicator": "eys - Expected Years of Schooling (years)", "year": "2010", "value": "17.88404147"}, {"country": "GRD - Grenada", "index": "HDI - Human Development Index", "indicator": "eys - Expected Years of Schooling (years)", "year": "2011", "value": "18.08107313"}, {"country": "GRD - Grenada", "index": "HDI - Human Development Index", "indicator": "eys - Expected Years of Schooling (years)", "year": "2012", "value": "18.27810478"}, {"country": "GRD - Grenada", "index": "HDI - Human Development Index", "indicator": "eys - Expected Years of Schooling (years)", "year": "2013", "value": "18.47513644"}, {"country": "GRD - Grenada", "index": "HDI - Human Development Index", "indicator": "eys - Expected Years of Schooling (years)", "year": "2014", "value": "18.6721681"}, {"country": "GRD - Grenada", "index": "HDI - Human Development Index", "indicator": "eys - Expected Years of Schooling (years)", "year": "2015", "value": "18.86919975"}, {"country": "GRD - Grenada", "index": "HDI - Human Development Index", "indicator": "eys - Expected Years of Schooling (years)", "year": "2016", "value": "18.81738091"}, {"country": "GRD - Grenada", "index": "HDI - Human Development Index", "indicator": "eys - Expected Years of Schooling (years)", "year": "2017", "value": "18.48951912"}, {"country": "GRD - Grenada", "index": "HDI - Human Development Index", "indicator": "eys - Expected Years of Schooling (years)", "year": "2018", "value": "18.62984085"}, {"country": "GRD - Grenada", "index": "HDI - Human Development Index", "indicator": "eys - Expected Years of Schooling (years)", "year": "2019", "value": "18.66202035"}, {"country": "GRD - Grenada", "index": "HDI - Human Development Index", "indicator": "eys - Expected Years of Schooling (years)", "year": "2020", "value": "18.66202035"}, {"country": "GRD - Grenada", "index": "HDI - Human Development Index", "indicator": "eys - Expected Years of Schooling (years)", "year": "2021", "value": "18.66202035"}, {"country": "GRD - Grenada", "index": "GDI - Gender Development Index", "indicator": "eys_f - Expected Years of Schooling, female (years)", "year": "1990", "value": "16.18688236"}, {"country": "GRD - Grenada", "index": "GDI - Gender Development Index", "indicator": "eys_f - Expected Years of Schooling, female (years)", "year": "1991", "value": "16.29168716"}, {"country": "GRD - Grenada", "index": "GDI - Gender Development Index", "indicator": "eys_f - Expected Years of Schooling, female (years)", "year": "1992", "value": "16.39717055"}, {"country": "GRD - Grenada", "index": "GDI - Gender Development Index", "indicator": "eys_f - Expected Years of Schooling, female (years)", "year": "1993", "value": "16.5033369"}, {"country": "GRD - Grenada", "index": "GDI - Gender Development Index", "indicator": "eys_f - Expected Years of Schooling, female (years)", "year": "1994", "value": "16.61019065"}, {"country": "GRD - Grenada", "index": "GDI - Gender Development Index", "indicator": "eys_f - Expected Years of Schooling, female (years)", "year": "1995", "value": "16.71773624"}, {"country": "GRD - Grenada", "index": "GDI - Gender Development Index", "indicator": "eys_f - Expected Years of Schooling, female (years)", "year": "1996", "value": "16.82597815"}, {"country": "GRD - Grenada", "index": "GDI - Gender Development Index", "indicator": "eys_f - Expected Years of Schooling, female (years)", "year": "1997", "value": "16.9349209"}, {"country": "GRD - Grenada", "index": "GDI - Gender Development Index", "indicator": "eys_f - Expected Years of Schooling, female (years)", "year": "1998", "value": "17.04456901"}, {"country": "GRD - Grenada", "index": "GDI - Gender Development Index", "indicator": "eys_f - Expected Years of Schooling, female (years)", "year": "1999", "value": "17.15492706"}, {"country": "GRD - Grenada", "index": "GDI - Gender Development Index", "indicator": "eys_f - Expected Years of Schooling, female (years)", "year": "2000", "value": "17.26599964"}, {"country": "GRD - Grenada", "index": "GDI - Gender Development Index", "indicator": "eys_f - Expected Years of Schooling, female (years)", "year": "2001", "value": "17.37779138"}, {"country": "GRD - Grenada", "index": "GDI - Gender Development Index", "indicator": "eys_f - Expected Years of Schooling, female (years)", "year": "2002", "value": "17.49030694"}, {"country": "GRD - Grenada", "index": "GDI - Gender Development Index", "indicator": "eys_f - Expected Years of Schooling, female (years)", "year": "2003", "value": "17.603551"}, {"country": "GRD - Grenada", "index": "GDI - Gender Development Index", "indicator": "eys_f - Expected Years of Schooling, female (years)", "year": "2004", "value": "17.71752827"}, {"country": "GRD - Grenada", "index": "GDI - Gender Development Index", "indicator": "eys_f - Expected Years of Schooling, female (years)", "year": "2005", "value": "17.83224352"}, {"country": "GRD - Grenada", "index": "GDI - Gender Development Index", "indicator": "eys_f - Expected Years of Schooling, female (years)", "year": "2006", "value": "17.9477015"}, {"country": "GRD - Grenada", "index": "GDI - Gender Development Index", "indicator": "eys_f - Expected Years of Schooling, female (years)", "year": "2007", "value": "18.06390704"}, {"country": "GRD - Grenada", "index": "GDI - Gender Development Index", "indicator": "eys_f - Expected Years of Schooling, female (years)", "year": "2008", "value": "18.18086497"}, {"country": "GRD - Grenada", "index": "GDI - Gender Development Index", "indicator": "eys_f - Expected Years of Schooling, female (years)", "year": "2009", "value": "18.29858017"}, {"country": "GRD - Grenada", "index": "GDI - Gender Development Index", "indicator": "eys_f - Expected Years of Schooling, female (years)", "year": "2010", "value": "18.41860167"}, {"country": "GRD - Grenada", "index": "GDI - Gender Development Index", "indicator": "eys_f - Expected Years of Schooling, female (years)", "year": "2011", "value": "18.53862317"}, {"country": "GRD - Grenada", "index": "GDI - Gender Development Index", "indicator": "eys_f - Expected Years of Schooling, female (years)", "year": "2012", "value": "18.65864468"}, {"country": "GRD - Grenada", "index": "GDI - Gender Development Index", "indicator": "eys_f - Expected Years of Schooling, female (years)", "year": "2013", "value": "18.77866618"}, {"country": "GRD - Grenada", "index": "GDI - Gender Development Index", "indicator": "eys_f - Expected Years of Schooling, female (years)", "year": "2014", "value": "18.89868768"}, {"country": "GRD - Grenada", "index": "GDI - Gender Development Index", "indicator": "eys_f - Expected Years of Schooling, female (years)", "year": "2015", "value": "19.01870918"}, {"country": "GRD - Grenada", "index": "GDI - Gender Development Index", "indicator": "eys_f - Expected Years of Schooling, female (years)", "year": "2016", "value": "19.36046028"}, {"country": "GRD - Grenada", "index": "GDI - Gender Development Index", "indicator": "eys_f - Expected Years of Schooling, female (years)", "year": "2017", "value": "18.87457085"}, {"country": "GRD - Grenada", "index": "GDI - Gender Development Index", "indicator": "eys_f - Expected Years of Schooling, female (years)", "year": "2018", "value": "19.1821003"}, {"country": "GRD - Grenada", "index": "GDI - Gender Development Index", "indicator": "eys_f - Expected Years of Schooling, female (years)", "year": "2019", "value": "19.26614739"}, {"country": "GRD - Grenada", "index": "GDI - Gender Development Index", "indicator": "eys_f - Expected Years of Schooling, female (years)", "year": "2020", "value": "19.26614739"}, {"country": "GRD - Grenada", "index": "GDI - Gender Development Index", "indicator": "eys_f - Expected Years of Schooling, female (years)", "year": "2021", "value": "19.26614739"}, {"country": "GRD - Grenada", "index": "GDI - Gender Development Index", "indicator": "eys_m - Expected Years of Schooling, male (years)", "year": "1990", "value": "12.80689717"}, {"country": "GRD - Grenada", "index": "GDI - Gender Development Index", "indicator": "eys_m - Expected Years of Schooling, male (years)", "year": "1991", "value": "13.00338709"}, {"country": "GRD - Grenada", "index": "GDI - Gender Development Index", "indicator": "eys_m - Expected Years of Schooling, male (years)", "year": "1992", "value": "13.20289166"}, {"country": "GRD - Grenada", "index": "GDI - Gender Development Index", "indicator": "eys_m - Expected Years of Schooling, male (years)", "year": "1993", "value": "13.40545713"}, {"country": "GRD - Grenada", "index": "GDI - Gender Development Index", "indicator": "eys_m - Expected Years of Schooling, male (years)", "year": "1994", "value": "13.61113046"}, {"country": "GRD - Grenada", "index": "GDI - Gender Development Index", "indicator": "eys_m - Expected Years of Schooling, male (years)", "year": "1995", "value": "13.81995933"}, {"country": "GRD - Grenada", "index": "GDI - Gender Development Index", "indicator": "eys_m - Expected Years of Schooling, male (years)", "year": "1996", "value": "14.03199217"}, {"country": "GRD - Grenada", "index": "GDI - Gender Development Index", "indicator": "eys_m - Expected Years of Schooling, male (years)", "year": "1997", "value": "14.24727812"}, {"country": "GRD - Grenada", "index": "GDI - Gender Development Index", "indicator": "eys_m - Expected Years of Schooling, male (years)", "year": "1998", "value": "14.4658671"}, {"country": "GRD - Grenada", "index": "GDI - Gender Development Index", "indicator": "eys_m - Expected Years of Schooling, male (years)", "year": "1999", "value": "14.68780978"}, {"country": "GRD - Grenada", "index": "GDI - Gender Development Index", "indicator": "eys_m - Expected Years of Schooling, male (years)", "year": "2000", "value": "14.91315762"}, {"country": "GRD - Grenada", "index": "GDI - Gender Development Index", "indicator": "eys_m - Expected Years of Schooling, male (years)", "year": "2001", "value": "15.14196286"}, {"country": "GRD - Grenada", "index": "GDI - Gender Development Index", "indicator": "eys_m - Expected Years of Schooling, male (years)", "year": "2002", "value": "15.37427854"}, {"country": "GRD - Grenada", "index": "GDI - Gender Development Index", "indicator": "eys_m - Expected Years of Schooling, male (years)", "year": "2003", "value": "15.61015853"}, {"country": "GRD - Grenada", "index": "GDI - Gender Development Index", "indicator": "eys_m - Expected Years of Schooling, male (years)", "year": "2004", "value": "15.84965751"}, {"country": "GRD - Grenada", "index": "GDI - Gender Development Index", "indicator": "eys_m - Expected Years of Schooling, male (years)", "year": "2005", "value": "16.09283101"}, {"country": "GRD - Grenada", "index": "GDI - Gender Development Index", "indicator": "eys_m - Expected Years of Schooling, male (years)", "year": "2006", "value": "16.33973539"}, {"country": "GRD - Grenada", "index": "GDI - Gender Development Index", "indicator": "eys_m - Expected Years of Schooling, male (years)", "year": "2007", "value": "16.59042791"}, {"country": "GRD - Grenada", "index": "GDI - Gender Development Index", "indicator": "eys_m - Expected Years of Schooling, male (years)", "year": "2008", "value": "16.84496669"}, {"country": "GRD - Grenada", "index": "GDI - Gender Development Index", "indicator": "eys_m - Expected Years of Schooling, male (years)", "year": "2009", "value": "17.10341072"}, {"country": "GRD - Grenada", "index": "GDI - Gender Development Index", "indicator": "eys_m - Expected Years of Schooling, male (years)", "year": "2010", "value": "17.37399546"}, {"country": "GRD - Grenada", "index": "GDI - Gender Development Index", "indicator": "eys_m - Expected Years of Schooling, male (years)", "year": "2011", "value": "17.64458021"}, {"country": "GRD - Grenada", "index": "GDI - Gender Development Index", "indicator": "eys_m - Expected Years of Schooling, male (years)", "year": "2012", "value": "17.91516495"}, {"country": "GRD - Grenada", "index": "GDI - Gender Development Index", "indicator": "eys_m - Expected Years of Schooling, male (years)", "year": "2013", "value": "18.18574969"}, {"country": "GRD - Grenada", "index": "GDI - Gender Development Index", "indicator": "eys_m - Expected Years of Schooling, male (years)", "year": "2014", "value": "18.45633443"}, {"country": "GRD - Grenada", "index": "GDI - Gender Development Index", "indicator": "eys_m - Expected Years of Schooling, male (years)", "year": "2015", "value": "18.72691917"}, {"country": "GRD - Grenada", "index": "GDI - Gender Development Index", "indicator": "eys_m - Expected Years of Schooling, male (years)", "year": "2016", "value": "18.28520012"}, {"country": "GRD - Grenada", "index": "GDI - Gender Development Index", "indicator": "eys_m - Expected Years of Schooling, male (years)", "year": "2017", "value": "18.12060928"}, {"country": "GRD - Grenada", "index": "GDI - Gender Development Index", "indicator": "eys_m - Expected Years of Schooling, male (years)", "year": "2018", "value": "18.09244919"}, {"country": "GRD - Grenada", "index": "GDI - Gender Development Index", "indicator": "eys_m - Expected Years of Schooling, male (years)", "year": "2019", "value": "18.07579333"}, {"country": "GRD - Grenada", "index": "GDI - Gender Development Index", "indicator": "eys_m - Expected Years of Schooling, male (years)", "year": "2020", "value": "18.07579333"}, {"country": "GRD - Grenada", "index": "GDI - Gender Development Index", "indicator": "eys_m - Expected Years of Schooling, male (years)", "year": "2021", "value": "18.07579333"}, {"country": "GRD - Grenada", "index": "HDI - Human Development Index", "indicator": "gnipc - Gross National Income Per Capita (2017 PPP$)", "year": "1990", "value": "8146.417016"}, {"country": "GRD - Grenada", "index": "HDI - Human Development Index", "indicator": "gnipc - Gross National Income Per Capita (2017 PPP$)", "year": "1991", "value": "8494.559802"}, {"country": "GRD - Grenada", "index": "HDI - Human Development Index", "indicator": "gnipc - Gross National Income Per Capita (2017 PPP$)", "year": "1992", "value": "8456.85149"}, {"country": "GRD - Grenada", "index": "HDI - Human Development Index", "indicator": "gnipc - Gross National Income Per Capita (2017 PPP$)", "year": "1993", "value": "8060.280186"}, {"country": "GRD - Grenada", "index": "HDI - Human Development Index", "indicator": "gnipc - Gross National Income Per Capita (2017 PPP$)", "year": "1994", "value": "8190.693035"}, {"country": "GRD - Grenada", "index": "HDI - Human Development Index", "indicator": "gnipc - Gross National Income Per Capita (2017 PPP$)", "year": "1995", "value": "8183.305168"}, {"country": "GRD - Grenada", "index": "HDI - Human Development Index", "indicator": "gnipc - Gross National Income Per Capita (2017 PPP$)", "year": "1996", "value": "8462.4886"}, {"country": "GRD - Grenada", "index": "HDI - Human Development Index", "indicator": "gnipc - Gross National Income Per Capita (2017 PPP$)", "year": "1997", "value": "8826.030278"}, {"country": "GRD - Grenada", "index": "HDI - Human Development Index", "indicator": "gnipc - Gross National Income Per Capita (2017 PPP$)", "year": "1998", "value": "9727.916118"}, {"country": "GRD - Grenada", "index": "HDI - Human Development Index", "indicator": "gnipc - Gross National Income Per Capita (2017 PPP$)", "year": "1999", "value": "10330.65765"}, {"country": "GRD - Grenada", "index": "HDI - Human Development Index", "indicator": "gnipc - Gross National Income Per Capita (2017 PPP$)", "year": "2000", "value": "10675.43562"}, {"country": "GRD - Grenada", "index": "HDI - Human Development Index", "indicator": "gnipc - Gross National Income Per Capita (2017 PPP$)", "year": "2001", "value": "10253.07688"}, {"country": "GRD - Grenada", "index": "HDI - Human Development Index", "indicator": "gnipc - Gross National Income Per Capita (2017 PPP$)", "year": "2002", "value": "10468.69717"}, {"country": "GRD - Grenada", "index": "HDI - Human Development Index", "indicator": "gnipc - Gross National Income Per Capita (2017 PPP$)", "year": "2003", "value": "11452.12124"}, {"country": "GRD - Grenada", "index": "HDI - Human Development Index", "indicator": "gnipc - Gross National Income Per Capita (2017 PPP$)", "year": "2004", "value": "11050.78558"}, {"country": "GRD - Grenada", "index": "HDI - Human Development Index", "indicator": "gnipc - Gross National Income Per Capita (2017 PPP$)", "year": "2005", "value": "13433.94524"}, {"country": "GRD - Grenada", "index": "HDI - Human Development Index", "indicator": "gnipc - Gross National Income Per Capita (2017 PPP$)", "year": "2006", "value": "12855.43863"}, {"country": "GRD - Grenada", "index": "HDI - Human Development Index", "indicator": "gnipc - Gross National Income Per Capita (2017 PPP$)", "year": "2007", "value": "13427.23027"}, {"country": "GRD - Grenada", "index": "HDI - Human Development Index", "indicator": "gnipc - Gross National Income Per Capita (2017 PPP$)", "year": "2008", "value": "13555.53855"}, {"country": "GRD - Grenada", "index": "HDI - Human Development Index", "indicator": "gnipc - Gross National Income Per Capita (2017 PPP$)", "year": "2009", "value": "12214.12381"}, {"country": "GRD - Grenada", "index": "HDI - Human Development Index", "indicator": "gnipc - Gross National Income Per Capita (2017 PPP$)", "year": "2010", "value": "12502.10947"}, {"country": "GRD - Grenada", "index": "HDI - Human Development Index", "indicator": "gnipc - Gross National Income Per Capita (2017 PPP$)", "year": "2011", "value": "12675.81463"}, {"country": "GRD - Grenada", "index": "HDI - Human Development Index", "indicator": "gnipc - Gross National Income Per Capita (2017 PPP$)", "year": "2012", "value": "12426.59763"}, {"country": "GRD - Grenada", "index": "HDI - Human Development Index", "indicator": "gnipc - Gross National Income Per Capita (2017 PPP$)", "year": "2013", "value": "12734.95982"}, {"country": "GRD - Grenada", "index": "HDI - Human Development Index", "indicator": "gnipc - Gross National Income Per Capita (2017 PPP$)", "year": "2014", "value": "12844.95119"}, {"country": "GRD - Grenada", "index": "HDI - Human Development Index", "indicator": "gnipc - Gross National Income Per Capita (2017 PPP$)", "year": "2015", "value": "13219.27937"}, {"country": "GRD - Grenada", "index": "HDI - Human Development Index", "indicator": "gnipc - Gross National Income Per Capita (2017 PPP$)", "year": "2016", "value": "13914.87047"}, {"country": "GRD - Grenada", "index": "HDI - Human Development Index", "indicator": "gnipc - Gross National Income Per Capita (2017 PPP$)", "year": "2017", "value": "14465.19775"}, {"country": "GRD - Grenada", "index": "HDI - Human Development Index", "indicator": "gnipc - Gross National Income Per Capita (2017 PPP$)", "year": "2018", "value": "14975.50952"}, {"country": "GRD - Grenada", "index": "HDI - Human Development Index", "indicator": "gnipc - Gross National Income Per Capita (2017 PPP$)", "year": "2019", "value": "14983.78605"}, {"country": "GRD - Grenada", "index": "HDI - Human Development Index", "indicator": "gnipc - Gross National Income Per Capita (2017 PPP$)", "year": "2020", "value": "12840.52175"}, {"country": "GRD - Grenada", "index": "HDI - Human Development Index", "indicator": "gnipc - Gross National Income Per Capita (2017 PPP$)", "year": "2021", "value": "13483.5774"}, {"country": "GRD - Grenada", "index": "HDI - Human Development Index", "indicator": "hdi - Human Development Index (value)", "year": "2002", "value": "0.739"}, {"country": "GRD - Grenada", "index": "HDI - Human Development Index", "indicator": "hdi - Human Development Index (value)", "year": "2003", "value": "0.747"}, {"country": "GRD - Grenada", "index": "HDI - Human Development Index", "indicator": "hdi - Human Development Index (value)", "year": "2004", "value": "0.742"}, {"country": "GRD - Grenada", "index": "HDI - Human Development Index", "indicator": "hdi - Human Development Index (value)", "year": "2005", "value": "0.763"}, {"country": "GRD - Grenada", "index": "HDI - Human Development Index", "indicator": "hdi - Human Development Index (value)", "year": "2006", "value": "0.765"}, {"country": "GRD - Grenada", "index": "HDI - Human Development Index", "indicator": "hdi - Human Development Index (value)", "year": "2007", "value": "0.773"}, {"country": "GRD - Grenada", "index": "HDI - Human Development Index", "indicator": "hdi - Human Development Index (value)", "year": "2008", "value": "0.778"}, {"country": "GRD - Grenada", "index": "HDI - Human Development Index", "indicator": "hdi - Human Development Index (value)", "year": "2009", "value": "0.777"}, {"country": "GRD - Grenada", "index": "HDI - Human Development Index", "indicator": "hdi - Human Development Index (value)", "year": "2010", "value": "0.782"}, {"country": "GRD - Grenada", "index": "HDI - Human Development Index", "indicator": "hdi - Human Development Index (value)", "year": "2011", "value": "0.786"}, {"country": "GRD - Grenada", "index": "HDI - Human Development Index", "indicator": "hdi - Human Development Index (value)", "year": "2012", "value": "0.784"}, {"country": "GRD - Grenada", "index": "HDI - Human Development Index", "indicator": "hdi - Human Development Index (value)", "year": "2013", "value": "0.787"}, {"country": "GRD - Grenada", "index": "HDI - Human Development Index", "indicator": "hdi - Human Development Index (value)", "year": "2014", "value": "0.787"}, {"country": "GRD - Grenada", "index": "HDI - Human Development Index", "indicator": "hdi - Human Development Index (value)", "year": "2015", "value": "0.79"}, {"country": "GRD - Grenada", "index": "HDI - Human Development Index", "indicator": "hdi - Human Development Index (value)", "year": "2016", "value": "0.791"}, {"country": "GRD - Grenada", "index": "HDI - Human Development Index", "indicator": "hdi - Human Development Index (value)", "year": "2017", "value": "0.794"}, {"country": "GRD - Grenada", "index": "HDI - Human Development Index", "indicator": "hdi - Human Development Index (value)", "year": "2018", "value": "0.797"}, {"country": "GRD - Grenada", "index": "HDI - Human Development Index", "indicator": "hdi - Human Development Index (value)", "year": "2019", "value": "0.8"}, {"country": "GRD - Grenada", "index": "HDI - Human Development Index", "indicator": "hdi - Human Development Index (value)", "year": "2020", "value": "0.792"}, {"country": "GRD - Grenada", "index": "HDI - Human Development Index", "indicator": "hdi - Human Development Index (value)", "year": "2021", "value": "0.795"}, {"country": "GRD - Grenada", "index": "HDI - Human Development Index", "indicator": "hdi_rank - HDI Rank", "year": "2021", "value": "68"}, {"country": "GRD - Grenada", "index": "IHDI - Inequality-adjusted Human Development Index", "indicator": "ineq_le - Inequality in life expectancy", "year": "2010", "value": "9.429408073"}, {"country": "GRD - Grenada", "index": "IHDI - Inequality-adjusted Human Development Index", "indicator": "ineq_le - Inequality in life expectancy", "year": "2011", "value": "9.493803024"}, {"country": "GRD - Grenada", "index": "IHDI - Inequality-adjusted Human Development Index", "indicator": "ineq_le - Inequality in life expectancy", "year": "2012", "value": "9.592565536"}, {"country": "GRD - Grenada", "index": "IHDI - Inequality-adjusted Human Development Index", "indicator": "ineq_le - Inequality in life expectancy", "year": "2013", "value": "9.679112434"}, {"country": "GRD - Grenada", "index": "IHDI - Inequality-adjusted Human Development Index", "indicator": "ineq_le - Inequality in life expectancy", "year": "2014", "value": "9.766962051"}, {"country": "GRD - Grenada", "index": "IHDI - Inequality-adjusted Human Development Index", "indicator": "ineq_le - Inequality in life expectancy", "year": "2015", "value": "9.843903542"}, {"country": "GRD - Grenada", "index": "IHDI - Inequality-adjusted Human Development Index", "indicator": "ineq_le - Inequality in life expectancy", "year": "2016", "value": "9.92332077"}, {"country": "GRD - Grenada", "index": "IHDI - Inequality-adjusted Human Development Index", "indicator": "ineq_le - Inequality in life expectancy", "year": "2017", "value": "9.969642639"}, {"country": "GRD - Grenada", "index": "IHDI - Inequality-adjusted Human Development Index", "indicator": "ineq_le - Inequality in life expectancy", "year": "2018", "value": "9.964535713"}, {"country": "GRD - Grenada", "index": "IHDI - Inequality-adjusted Human Development Index", "indicator": "ineq_le - Inequality in life expectancy", "year": "2019", "value": "9.900878906"}, {"country": "GRD - Grenada", "index": "IHDI - Inequality-adjusted Human Development Index", "indicator": "ineq_le - Inequality in life expectancy", "year": "2020", "value": "9.787959099"}, {"country": "GRD - Grenada", "index": "IHDI - Inequality-adjusted Human Development Index", "indicator": "ineq_le - Inequality in life expectancy", "year": "2021", "value": "9.633924484"}, {"country": "GRD - Grenada", "index": "HDI - Human Development Index", "indicator": "le - Life Expectancy at Birth (years)", "year": "1990", "value": "70.6834"}, {"country": "GRD - Grenada", "index": "HDI - Human Development Index", "indicator": "le - Life Expectancy at Birth (years)", "year": "1991", "value": "70.9738"}, {"country": "GRD - Grenada", "index": "HDI - Human Development Index", "indicator": "le - Life Expectancy at Birth (years)", "year": "1992", "value": "71.291"}, {"country": "GRD - Grenada", "index": "HDI - Human Development Index", "indicator": "le - Life Expectancy at Birth (years)", "year": "1993", "value": "71.5761"}, {"country": "GRD - Grenada", "index": "HDI - Human Development Index", "indicator": "le - Life Expectancy at Birth (years)", "year": "1994", "value": "71.7856"}, {"country": "GRD - Grenada", "index": "HDI - Human Development Index", "indicator": "le - Life Expectancy at Birth (years)", "year": "1995", "value": "72.1095"}, {"country": "GRD - Grenada", "index": "HDI - Human Development Index", "indicator": "le - Life Expectancy at Birth (years)", "year": "1996", "value": "72.3312"}, {"country": "GRD - Grenada", "index": "HDI - Human Development Index", "indicator": "le - Life Expectancy at Birth (years)", "year": "1997", "value": "72.5677"}, {"country": "GRD - Grenada", "index": "HDI - Human Development Index", "indicator": "le - Life Expectancy at Birth (years)", "year": "1998", "value": "72.8047"}, {"country": "GRD - Grenada", "index": "HDI - Human Development Index", "indicator": "le - Life Expectancy at Birth (years)", "year": "1999", "value": "72.9026"}, {"country": "GRD - Grenada", "index": "HDI - Human Development Index", "indicator": "le - Life Expectancy at Birth (years)", "year": "2000", "value": "72.7829"}, {"country": "GRD - Grenada", "index": "HDI - Human Development Index", "indicator": "le - Life Expectancy at Birth (years)", "year": "2001", "value": "73.1181"}, {"country": "GRD - Grenada", "index": "HDI - Human Development Index", "indicator": "le - Life Expectancy at Birth (years)", "year": "2002", "value": "73.167"}, {"country": "GRD - Grenada", "index": "HDI - Human Development Index", "indicator": "le - Life Expectancy at Birth (years)", "year": "2003", "value": "73.1875"}, {"country": "GRD - Grenada", "index": "HDI - Human Development Index", "indicator": "le - Life Expectancy at Birth (years)", "year": "2004", "value": "71.7876"}, {"country": "GRD - Grenada", "index": "HDI - Human Development Index", "indicator": "le - Life Expectancy at Birth (years)", "year": "2005", "value": "73.5214"}, {"country": "GRD - Grenada", "index": "HDI - Human Development Index", "indicator": "le - Life Expectancy at Birth (years)", "year": "2006", "value": "73.7004"}, {"country": "GRD - Grenada", "index": "HDI - Human Development Index", "indicator": "le - Life Expectancy at Birth (years)", "year": "2007", "value": "74.3165"}, {"country": "GRD - Grenada", "index": "HDI - Human Development Index", "indicator": "le - Life Expectancy at Birth (years)", "year": "2008", "value": "74.6558"}, {"country": "GRD - Grenada", "index": "HDI - Human Development Index", "indicator": "le - Life Expectancy at Birth (years)", "year": "2009", "value": "75.0363"}, {"country": "GRD - Grenada", "index": "HDI - Human Development Index", "indicator": "le - Life Expectancy at Birth (years)", "year": "2010", "value": "74.9988"}, {"country": "GRD - Grenada", "index": "HDI - Human Development Index", "indicator": "le - Life Expectancy at Birth (years)", "year": "2011", "value": "75.2947"}, {"country": "GRD - Grenada", "index": "HDI - Human Development Index", "indicator": "le - Life Expectancy at Birth (years)", "year": "2012", "value": "75.0416"}, {"country": "GRD - Grenada", "index": "HDI - Human Development Index", "indicator": "le - Life Expectancy at Birth (years)", "year": "2013", "value": "75.1161"}, {"country": "GRD - Grenada", "index": "HDI - Human Development Index", "indicator": "le - Life Expectancy at Birth (years)", "year": "2014", "value": "74.985"}, {"country": "GRD - Grenada", "index": "HDI - Human Development Index", "indicator": "le - Life Expectancy at Birth (years)", "year": "2015", "value": "75.0125"}, {"country": "GRD - Grenada", "index": "HDI - Human Development Index", "indicator": "le - Life Expectancy at Birth (years)", "year": "2016", "value": "74.7622"}, {"country": "GRD - Grenada", "index": "HDI - Human Development Index", "indicator": "le - Life Expectancy at Birth (years)", "year": "2017", "value": "74.7652"}, {"country": "GRD - Grenada", "index": "HDI - Human Development Index", "indicator": "le - Life Expectancy at Birth (years)", "year": "2018", "value": "74.8076"}, {"country": "GRD - Grenada", "index": "HDI - Human Development Index", "indicator": "le - Life Expectancy at Birth (years)", "year": "2019", "value": "74.8632"}, {"country": "GRD - Grenada", "index": "HDI - Human Development Index", "indicator": "le - Life Expectancy at Birth (years)", "year": "2020", "value": "74.9238"}, {"country": "GRD - Grenada", "index": "HDI - Human Development Index", "indicator": "le - Life Expectancy at Birth (years)", "year": "2021", "value": "74.9362"}, {"country": "GRD - Grenada", "index": "GDI - Gender Development Index", "indicator": "le_f - Life Expectancy at Birth, female (years)", "year": "1990", "value": "73.2165"}, {"country": "GRD - Grenada", "index": "GDI - Gender Development Index", "indicator": "le_f - Life Expectancy at Birth, female (years)", "year": "1991", "value": "73.5014"}, {"country": "GRD - Grenada", "index": "GDI - Gender Development Index", "indicator": "le_f - Life Expectancy at Birth, female (years)", "year": "1992", "value": "73.7794"}, {"country": "GRD - Grenada", "index": "GDI - Gender Development Index", "indicator": "le_f - Life Expectancy at Birth, female (years)", "year": "1993", "value": "74.0678"}, {"country": "GRD - Grenada", "index": "GDI - Gender Development Index", "indicator": "le_f - Life Expectancy at Birth, female (years)", "year": "1994", "value": "74.3491"}, {"country": "GRD - Grenada", "index": "GDI - Gender Development Index", "indicator": "le_f - Life Expectancy at Birth, female (years)", "year": "1995", "value": "74.7668"}, {"country": "GRD - Grenada", "index": "GDI - Gender Development Index", "indicator": "le_f - Life Expectancy at Birth, female (years)", "year": "1996", "value": "74.9992"}, {"country": "GRD - Grenada", "index": "GDI - Gender Development Index", "indicator": "le_f - Life Expectancy at Birth, female (years)", "year": "1997", "value": "75.2303"}, {"country": "GRD - Grenada", "index": "GDI - Gender Development Index", "indicator": "le_f - Life Expectancy at Birth, female (years)", "year": "1998", "value": "75.483"}, {"country": "GRD - Grenada", "index": "GDI - Gender Development Index", "indicator": "le_f - Life Expectancy at Birth, female (years)", "year": "1999", "value": "75.4595"}, {"country": "GRD - Grenada", "index": "GDI - Gender Development Index", "indicator": "le_f - Life Expectancy at Birth, female (years)", "year": "2000", "value": "75.1212"}, {"country": "GRD - Grenada", "index": "GDI - Gender Development Index", "indicator": "le_f - Life Expectancy at Birth, female (years)", "year": "2001", "value": "75.4255"}, {"country": "GRD - Grenada", "index": "GDI - Gender Development Index", "indicator": "le_f - Life Expectancy at Birth, female (years)", "year": "2002", "value": "75.4637"}, {"country": "GRD - Grenada", "index": "GDI - Gender Development Index", "indicator": "le_f - Life Expectancy at Birth, female (years)", "year": "2003", "value": "75.8245"}, {"country": "GRD - Grenada", "index": "GDI - Gender Development Index", "indicator": "le_f - Life Expectancy at Birth, female (years)", "year": "2004", "value": "74.1622"}, {"country": "GRD - Grenada", "index": "GDI - Gender Development Index", "indicator": "le_f - Life Expectancy at Birth, female (years)", "year": "2005", "value": "76.5152"}, {"country": "GRD - Grenada", "index": "GDI - Gender Development Index", "indicator": "le_f - Life Expectancy at Birth, female (years)", "year": "2006", "value": "76.7504"}, {"country": "GRD - Grenada", "index": "GDI - Gender Development Index", "indicator": "le_f - Life Expectancy at Birth, female (years)", "year": "2007", "value": "77.3549"}, {"country": "GRD - Grenada", "index": "GDI - Gender Development Index", "indicator": "le_f - Life Expectancy at Birth, female (years)", "year": "2008", "value": "77.3415"}, {"country": "GRD - Grenada", "index": "GDI - Gender Development Index", "indicator": "le_f - Life Expectancy at Birth, female (years)", "year": "2009", "value": "77.829"}, {"country": "GRD - Grenada", "index": "GDI - Gender Development Index", "indicator": "le_f - Life Expectancy at Birth, female (years)", "year": "2010", "value": "77.6324"}, {"country": "GRD - Grenada", "index": "GDI - Gender Development Index", "indicator": "le_f - Life Expectancy at Birth, female (years)", "year": "2011", "value": "78.0668"}, {"country": "GRD - Grenada", "index": "GDI - Gender Development Index", "indicator": "le_f - Life Expectancy at Birth, female (years)", "year": "2012", "value": "77.8947"}, {"country": "GRD - Grenada", "index": "GDI - Gender Development Index", "indicator": "le_f - Life Expectancy at Birth, female (years)", "year": "2013", "value": "77.9028"}, {"country": "GRD - Grenada", "index": "GDI - Gender Development Index", "indicator": "le_f - Life Expectancy at Birth, female (years)", "year": "2014", "value": "78.0045"}, {"country": "GRD - Grenada", "index": "GDI - Gender Development Index", "indicator": "le_f - Life Expectancy at Birth, female (years)", "year": "2015", "value": "78.0516"}, {"country": "GRD - Grenada", "index": "GDI - Gender Development Index", "indicator": "le_f - Life Expectancy at Birth, female (years)", "year": "2016", "value": "77.8138"}, {"country": "GRD - Grenada", "index": "GDI - Gender Development Index", "indicator": "le_f - Life Expectancy at Birth, female (years)", "year": "2017", "value": "77.7719"}, {"country": "GRD - Grenada", "index": "GDI - Gender Development Index", "indicator": "le_f - Life Expectancy at Birth, female (years)", "year": "2018", "value": "77.7959"}, {"country": "GRD - Grenada", "index": "GDI - Gender Development Index", "indicator": "le_f - Life Expectancy at Birth, female (years)", "year": "2019", "value": "77.8338"}, {"country": "GRD - Grenada", "index": "GDI - Gender Development Index", "indicator": "le_f - Life Expectancy at Birth, female (years)", "year": "2020", "value": "77.8688"}, {"country": "GRD - Grenada", "index": "GDI - Gender Development Index", "indicator": "le_f - Life Expectancy at Birth, female (years)", "year": "2021", "value": "77.8979"}, {"country": "GRD - Grenada", "index": "GDI - Gender Development Index", "indicator": "le_m - Life Expectancy at Birth, male (years)", "year": "1990", "value": "68.0146"}, {"country": "GRD - Grenada", "index": "GDI - Gender Development Index", "indicator": "le_m - Life Expectancy at Birth, male (years)", "year": "1991", "value": "68.3206"}, {"country": "GRD - Grenada", "index": "GDI - Gender Development Index", "indicator": "le_m - Life Expectancy at Birth, male (years)", "year": "1992", "value": "68.6864"}, {"country": "GRD - Grenada", "index": "GDI - Gender Development Index", "indicator": "le_m - Life Expectancy at Birth, male (years)", "year": "1993", "value": "68.9835"}, {"country": "GRD - Grenada", "index": "GDI - Gender Development Index", "indicator": "le_m - Life Expectancy at Birth, male (years)", "year": "1994", "value": "69.146"}, {"country": "GRD - Grenada", "index": "GDI - Gender Development Index", "indicator": "le_m - Life Expectancy at Birth, male (years)", "year": "1995", "value": "69.4015"}, {"country": "GRD - Grenada", "index": "GDI - Gender Development Index", "indicator": "le_m - Life Expectancy at Birth, male (years)", "year": "1996", "value": "69.6328"}, {"country": "GRD - Grenada", "index": "GDI - Gender Development Index", "indicator": "le_m - Life Expectancy at Birth, male (years)", "year": "1997", "value": "69.893"}, {"country": "GRD - Grenada", "index": "GDI - Gender Development Index", "indicator": "le_m - Life Expectancy at Birth, male (years)", "year": "1998", "value": "70.1358"}, {"country": "GRD - Grenada", "index": "GDI - Gender Development Index", "indicator": "le_m - Life Expectancy at Birth, male (years)", "year": "1999", "value": "70.3618"}, {"country": "GRD - Grenada", "index": "GDI - Gender Development Index", "indicator": "le_m - Life Expectancy at Birth, male (years)", "year": "2000", "value": "70.463"}, {"country": "GRD - Grenada", "index": "GDI - Gender Development Index", "indicator": "le_m - Life Expectancy at Birth, male (years)", "year": "2001", "value": "70.8439"}, {"country": "GRD - Grenada", "index": "GDI - Gender Development Index", "indicator": "le_m - Life Expectancy at Birth, male (years)", "year": "2002", "value": "70.9113"}, {"country": "GRD - Grenada", "index": "GDI - Gender Development Index", "indicator": "le_m - Life Expectancy at Birth, male (years)", "year": "2003", "value": "70.6639"}, {"country": "GRD - Grenada", "index": "GDI - Gender Development Index", "indicator": "le_m - Life Expectancy at Birth, male (years)", "year": "2004", "value": "69.508"}, {"country": "GRD - Grenada", "index": "GDI - Gender Development Index", "indicator": "le_m - Life Expectancy at Birth, male (years)", "year": "2005", "value": "70.7196"}, {"country": "GRD - Grenada", "index": "GDI - Gender Development Index", "indicator": "le_m - Life Expectancy at Birth, male (years)", "year": "2006", "value": "70.8591"}, {"country": "GRD - Grenada", "index": "GDI - Gender Development Index", "indicator": "le_m - Life Expectancy at Birth, male (years)", "year": "2007", "value": "71.4739"}, {"country": "GRD - Grenada", "index": "GDI - Gender Development Index", "indicator": "le_m - Life Expectancy at Birth, male (years)", "year": "2008", "value": "72.0991"}, {"country": "GRD - Grenada", "index": "GDI - Gender Development Index", "indicator": "le_m - Life Expectancy at Birth, male (years)", "year": "2009", "value": "72.3949"}, {"country": "GRD - Grenada", "index": "GDI - Gender Development Index", "indicator": "le_m - Life Expectancy at Birth, male (years)", "year": "2010", "value": "72.504"}, {"country": "GRD - Grenada", "index": "GDI - Gender Development Index", "indicator": "le_m - Life Expectancy at Birth, male (years)", "year": "2011", "value": "72.6918"}, {"country": "GRD - Grenada", "index": "GDI - Gender Development Index", "indicator": "le_m - Life Expectancy at Birth, male (years)", "year": "2012", "value": "72.3854"}, {"country": "GRD - Grenada", "index": "GDI - Gender Development Index", "indicator": "le_m - Life Expectancy at Birth, male (years)", "year": "2013", "value": "72.514"}, {"country": "GRD - Grenada", "index": "GDI - Gender Development Index", "indicator": "le_m - Life Expectancy at Birth, male (years)", "year": "2014", "value": "72.2071"}, {"country": "GRD - Grenada", "index": "GDI - Gender Development Index", "indicator": "le_m - Life Expectancy at Birth, male (years)", "year": "2015", "value": "72.2192"}, {"country": "GRD - Grenada", "index": "GDI - Gender Development Index", "indicator": "le_m - Life Expectancy at Birth, male (years)", "year": "2016", "value": "71.9685"}, {"country": "GRD - Grenada", "index": "GDI - Gender Development Index", "indicator": "le_m - Life Expectancy at Birth, male (years)", "year": "2017", "value": "72.0048"}, {"country": "GRD - Grenada", "index": "GDI - Gender Development Index", "indicator": "le_m - Life Expectancy at Birth, male (years)", "year": "2018", "value": "72.0604"}, {"country": "GRD - Grenada", "index": "GDI - Gender Development Index", "indicator": "le_m - Life Expectancy at Birth, male (years)", "year": "2019", "value": "72.1286"}, {"country": "GRD - Grenada", "index": "GDI - Gender Development Index", "indicator": "le_m - Life Expectancy at Birth, male (years)", "year": "2020", "value": "72.2084"}, {"country": "GRD - Grenada", "index": "GDI - Gender Development Index", "indicator": "le_m - Life Expectancy at Birth, male (years)", "year": "2021", "value": "72.2123"}, {"country": "GRD - Grenada", "index": "GII - Gender Inequality Index", "indicator": "mmr - Maternal Mortality Ratio (deaths per 100,000 live births)", "year": "1990", "value": "58"}, {"country": "GRD - Grenada", "index": "GII - Gender Inequality Index", "indicator": "mmr - Maternal Mortality Ratio (deaths per 100,000 live births)", "year": "1991", "value": "56"}, {"country": "GRD - Grenada", "index": "GII - Gender Inequality Index", "indicator": "mmr - Maternal Mortality Ratio (deaths per 100,000 live births)", "year": "1992", "value": "54"}, {"country": "GRD - Grenada", "index": "GII - Gender Inequality Index", "indicator": "mmr - Maternal Mortality Ratio (deaths per 100,000 live births)", "year": "1993", "value": "52"}, {"country": "GRD - Grenada", "index": "GII - Gender Inequality Index", "indicator": "mmr - Maternal Mortality Ratio (deaths per 100,000 live births)", "year": "1994", "value": "51"}, {"country": "GRD - Grenada", "index": "GII - Gender Inequality Index", "indicator": "mmr - Maternal Mortality Ratio (deaths per 100,000 live births)", "year": "1995", "value": "49"}, {"country": "GRD - Grenada", "index": "GII - Gender Inequality Index", "indicator": "mmr - Maternal Mortality Ratio (deaths per 100,000 live births)", "year": "1996", "value": "47"}, {"country": "GRD - Grenada", "index": "GII - Gender Inequality Index", "indicator": "mmr - Maternal Mortality Ratio (deaths per 100,000 live births)", "year": "1997", "value": "45"}, {"country": "GRD - Grenada", "index": "GII - Gender Inequality Index", "indicator": "mmr - Maternal Mortality Ratio (deaths per 100,000 live births)", "year": "1998", "value": "42"}, {"country": "GRD - Grenada", "index": "GII - Gender Inequality Index", "indicator": "mmr - Maternal Mortality Ratio (deaths per 100,000 live births)", "year": "1999", "value": "40"}, {"country": "GRD - Grenada", "index": "GII - Gender Inequality Index", "indicator": "mmr - Maternal Mortality Ratio (deaths per 100,000 live births)", "year": "2000", "value": "38"}, {"country": "GRD - Grenada", "index": "GII - Gender Inequality Index", "indicator": "mmr - Maternal Mortality Ratio (deaths per 100,000 live births)", "year": "2001", "value": "36"}, {"country": "GRD - Grenada", "index": "GII - Gender Inequality Index", "indicator": "mmr - Maternal Mortality Ratio (deaths per 100,000 live births)", "year": "2002", "value": "34"}, {"country": "GRD - Grenada", "index": "GII - Gender Inequality Index", "indicator": "mmr - Maternal Mortality Ratio (deaths per 100,000 live births)", "year": "2003", "value": "34"}, {"country": "GRD - Grenada", "index": "GII - Gender Inequality Index", "indicator": "mmr - Maternal Mortality Ratio (deaths per 100,000 live births)", "year": "2004", "value": "38"}, {"country": "GRD - Grenada", "index": "GII - Gender Inequality Index", "indicator": "mmr - Maternal Mortality Ratio (deaths per 100,000 live births)", "year": "2005", "value": "33"}, {"country": "GRD - Grenada", "index": "GII - Gender Inequality Index", "indicator": "mmr - Maternal Mortality Ratio (deaths per 100,000 live births)", "year": "2006", "value": "31"}, {"country": "GRD - Grenada", "index": "GII - Gender Inequality Index", "indicator": "mmr - Maternal Mortality Ratio (deaths per 100,000 live births)", "year": "2007", "value": "31"}, {"country": "GRD - Grenada", "index": "GII - Gender Inequality Index", "indicator": "mmr - Maternal Mortality Ratio (deaths per 100,000 live births)", "year": "2008", "value": "30"}, {"country": "GRD - Grenada", "index": "GII - Gender Inequality Index", "indicator": "mmr - Maternal Mortality Ratio (deaths per 100,000 live births)", "year": "2009", "value": "30"}, {"country": "GRD - Grenada", "index": "GII - Gender Inequality Index", "indicator": "mmr - Maternal Mortality Ratio (deaths per 100,000 live births)", "year": "2010", "value": "29"}, {"country": "GRD - Grenada", "index": "GII - Gender Inequality Index", "indicator": "mmr - Maternal Mortality Ratio (deaths per 100,000 live births)", "year": "2011", "value": "28"}, {"country": "GRD - Grenada", "index": "GII - Gender Inequality Index", "indicator": "mmr - Maternal Mortality Ratio (deaths per 100,000 live births)", "year": "2012", "value": "28"}, {"country": "GRD - Grenada", "index": "GII - Gender Inequality Index", "indicator": "mmr - Maternal Mortality Ratio (deaths per 100,000 live births)", "year": "2013", "value": "27"}, {"country": "GRD - Grenada", "index": "GII - Gender Inequality Index", "indicator": "mmr - Maternal Mortality Ratio (deaths per 100,000 live births)", "year": "2014", "value": "26"}, {"country": "GRD - Grenada", "index": "GII - Gender Inequality Index", "indicator": "mmr - Maternal Mortality Ratio (deaths per 100,000 live births)", "year": "2015", "value": "25"}, {"country": "GRD - Grenada", "index": "GII - Gender Inequality Index", "indicator": "mmr - Maternal Mortality Ratio (deaths per 100,000 live births)", "year": "2016", "value": "25"}, {"country": "GRD - Grenada", "index": "GII - Gender Inequality Index", "indicator": "mmr - Maternal Mortality Ratio (deaths per 100,000 live births)", "year": "2017", "value": "25"}, {"country": "GRD - Grenada", "index": "GII - Gender Inequality Index", "indicator": "mmr - Maternal Mortality Ratio (deaths per 100,000 live births)", "year": "2018", "value": "25"}, {"country": "GRD - Grenada", "index": "GII - Gender Inequality Index", "indicator": "mmr - Maternal Mortality Ratio (deaths per 100,000 live births)", "year": "2019", "value": "25"}, {"country": "GRD - Grenada", "index": "GII - Gender Inequality Index", "indicator": "mmr - Maternal Mortality Ratio (deaths per 100,000 live births)", "year": "2020", "value": "25"}, {"country": "GRD - Grenada", "index": "GII - Gender Inequality Index", "indicator": "mmr - Maternal Mortality Ratio (deaths per 100,000 live births)", "year": "2021", "value": "25"}, {"country": "GRD - Grenada", "index": "HDI - Human Development Index", "indicator": "mys - Mean Years of Schooling (years)", "year": "2002", "value": "7.445400273"}, {"country": "GRD - Grenada", "index": "HDI - Human Development Index", "indicator": "mys - Mean Years of Schooling (years)", "year": "2003", "value": "7.552225239"}, {"country": "GRD - Grenada", "index": "HDI - Human Development Index", "indicator": "mys - Mean Years of Schooling (years)", "year": "2004", "value": "7.659050204"}, {"country": "GRD - Grenada", "index": "HDI - Human Development Index", "indicator": "mys - Mean Years of Schooling (years)", "year": "2005", "value": "7.76587517"}, {"country": "GRD - Grenada", "index": "HDI - Human Development Index", "indicator": "mys - Mean Years of Schooling (years)", "year": "2006", "value": "7.872700136"}, {"country": "GRD - Grenada", "index": "HDI - Human Development Index", "indicator": "mys - Mean Years of Schooling (years)", "year": "2007", "value": "7.979525102"}, {"country": "GRD - Grenada", "index": "HDI - Human Development Index", "indicator": "mys - Mean Years of Schooling (years)", "year": "2008", "value": "8.086350068"}, {"country": "GRD - Grenada", "index": "HDI - Human Development Index", "indicator": "mys - Mean Years of Schooling (years)", "year": "2009", "value": "8.193175034"}, {"country": "GRD - Grenada", "index": "HDI - Human Development Index", "indicator": "mys - Mean Years of Schooling (years)", "year": "2010", "value": "8.3"}, {"country": "GRD - Grenada", "index": "HDI - Human Development Index", "indicator": "mys - Mean Years of Schooling (years)", "year": "2011", "value": "8.375"}, {"country": "GRD - Grenada", "index": "HDI - Human Development Index", "indicator": "mys - Mean Years of Schooling (years)", "year": "2012", "value": "8.45"}, {"country": "GRD - Grenada", "index": "HDI - Human Development Index", "indicator": "mys - Mean Years of Schooling (years)", "year": "2013", "value": "8.525"}, {"country": "GRD - Grenada", "index": "HDI - Human Development Index", "indicator": "mys - Mean Years of Schooling (years)", "year": "2014", "value": "8.6"}, {"country": "GRD - Grenada", "index": "HDI - Human Development Index", "indicator": "mys - Mean Years of Schooling (years)", "year": "2015", "value": "8.675659824"}, {"country": "GRD - Grenada", "index": "HDI - Human Development Index", "indicator": "mys - Mean Years of Schooling (years)", "year": "2016", "value": "8.675659824"}, {"country": "GRD - Grenada", "index": "HDI - Human Development Index", "indicator": "mys - Mean Years of Schooling (years)", "year": "2017", "value": "8.675659824"}, {"country": "GRD - Grenada", "index": "HDI - Human Development Index", "indicator": "mys - Mean Years of Schooling (years)", "year": "2018", "value": "8.8"}, {"country": "GRD - Grenada", "index": "HDI - Human Development Index", "indicator": "mys - Mean Years of Schooling (years)", "year": "2019", "value": "9.032104"}, {"country": "GRD - Grenada", "index": "HDI - Human Development Index", "indicator": "mys - Mean Years of Schooling (years)", "year": "2020", "value": "9.032104"}, {"country": "GRD - Grenada", "index": "HDI - Human Development Index", "indicator": "mys - Mean Years of Schooling (years)", "year": "2021", "value": "9.032104"}, {"country": "GRD - Grenada", "index": "GII - Gender Inequality Index", "indicator": "pr_f - Share of seats in parliament, female (% held by women)", "year": "2000", "value": "17.85714286"}, {"country": "GRD - Grenada", "index": "GII - Gender Inequality Index", "indicator": "pr_f - Share of seats in parliament, female (% held by women)", "year": "2001", "value": "17.85714286"}, {"country": "GRD - Grenada", "index": "GII - Gender Inequality Index", "indicator": "pr_f - Share of seats in parliament, female (% held by women)", "year": "2002", "value": "17.85714286"}, {"country": "GRD - Grenada", "index": "GII - Gender Inequality Index", "indicator": "pr_f - Share of seats in parliament, female (% held by women)", "year": "2003", "value": "17.85714286"}, {"country": "GRD - Grenada", "index": "GII - Gender Inequality Index", "indicator": "pr_f - Share of seats in parliament, female (% held by women)", "year": "2004", "value": "28.57142857"}, {"country": "GRD - Grenada", "index": "GII - Gender Inequality Index", "indicator": "pr_f - Share of seats in parliament, female (% held by women)", "year": "2005", "value": "32.14285714"}, {"country": "GRD - Grenada", "index": "GII - Gender Inequality Index", "indicator": "pr_f - Share of seats in parliament, female (% held by women)", "year": "2006", "value": "28.57142857"}, {"country": "GRD - Grenada", "index": "GII - Gender Inequality Index", "indicator": "pr_f - Share of seats in parliament, female (% held by women)", "year": "2007", "value": "28.57142857"}, {"country": "GRD - Grenada", "index": "GII - Gender Inequality Index", "indicator": "pr_f - Share of seats in parliament, female (% held by women)", "year": "2008", "value": "21.42857143"}, {"country": "GRD - Grenada", "index": "GII - Gender Inequality Index", "indicator": "pr_f - Share of seats in parliament, female (% held by women)", "year": "2009", "value": "21.42857143"}, {"country": "GRD - Grenada", "index": "GII - Gender Inequality Index", "indicator": "pr_f - Share of seats in parliament, female (% held by women)", "year": "2010", "value": "21.42857143"}, {"country": "GRD - Grenada", "index": "GII - Gender Inequality Index", "indicator": "pr_f - Share of seats in parliament, female (% held by women)", "year": "2011", "value": "17.85714286"}, {"country": "GRD - Grenada", "index": "GII - Gender Inequality Index", "indicator": "pr_f - Share of seats in parliament, female (% held by women)", "year": "2012", "value": "17.85714286"}, {"country": "GRD - Grenada", "index": "GII - Gender Inequality Index", "indicator": "pr_f - Share of seats in parliament, female (% held by women)", "year": "2013", "value": "25"}, {"country": "GRD - Grenada", "index": "GII - Gender Inequality Index", "indicator": "pr_f - Share of seats in parliament, female (% held by women)", "year": "2014", "value": "25"}, {"country": "GRD - Grenada", "index": "GII - Gender Inequality Index", "indicator": "pr_f - Share of seats in parliament, female (% held by women)", "year": "2015", "value": "25"}, {"country": "GRD - Grenada", "index": "GII - Gender Inequality Index", "indicator": "pr_f - Share of seats in parliament, female (% held by women)", "year": "2016", "value": "25"}, {"country": "GRD - Grenada", "index": "GII - Gender Inequality Index", "indicator": "pr_f - Share of seats in parliament, female (% held by women)", "year": "2017", "value": "25"}, {"country": "GRD - Grenada", "index": "GII - Gender Inequality Index", "indicator": "pr_f - Share of seats in parliament, female (% held by women)", "year": "2018", "value": "39.28571429"}, {"country": "GRD - Grenada", "index": "GII - Gender Inequality Index", "indicator": "pr_f - Share of seats in parliament, female (% held by women)", "year": "2019", "value": "39.28571429"}, {"country": "GRD - Grenada", "index": "GII - Gender Inequality Index", "indicator": "pr_f - Share of seats in parliament, female (% held by women)", "year": "2020", "value": "39.28571429"}, {"country": "GRD - Grenada", "index": "GII - Gender Inequality Index", "indicator": "pr_f - Share of seats in parliament, female (% held by women)", "year": "2021", "value": "32.14285714"}, {"country": "GRD - Grenada", "index": "GII - Gender Inequality Index", "indicator": "pr_m - Share of seats in parliament, male (% held by men)", "year": "2000", "value": "82.14285714"}, {"country": "GRD - Grenada", "index": "GII - Gender Inequality Index", "indicator": "pr_m - Share of seats in parliament, male (% held by men)", "year": "2001", "value": "82.14285714"}, {"country": "GRD - Grenada", "index": "GII - Gender Inequality Index", "indicator": "pr_m - Share of seats in parliament, male (% held by men)", "year": "2002", "value": "82.14285714"}, {"country": "GRD - Grenada", "index": "GII - Gender Inequality Index", "indicator": "pr_m - Share of seats in parliament, male (% held by men)", "year": "2003", "value": "82.14285714"}, {"country": "GRD - Grenada", "index": "GII - Gender Inequality Index", "indicator": "pr_m - Share of seats in parliament, male (% held by men)", "year": "2004", "value": "71.42857143"}, {"country": "GRD - Grenada", "index": "GII - Gender Inequality Index", "indicator": "pr_m - Share of seats in parliament, male (% held by men)", "year": "2005", "value": "67.85714286"}, {"country": "GRD - Grenada", "index": "GII - Gender Inequality Index", "indicator": "pr_m - Share of seats in parliament, male (% held by men)", "year": "2006", "value": "71.42857143"}, {"country": "GRD - Grenada", "index": "GII - Gender Inequality Index", "indicator": "pr_m - Share of seats in parliament, male (% held by men)", "year": "2007", "value": "71.42857143"}, {"country": "GRD - Grenada", "index": "GII - Gender Inequality Index", "indicator": "pr_m - Share of seats in parliament, male (% held by men)", "year": "2008", "value": "78.57142857"}, {"country": "GRD - Grenada", "index": "GII - Gender Inequality Index", "indicator": "pr_m - Share of seats in parliament, male (% held by men)", "year": "2009", "value": "78.57142857"}, {"country": "GRD - Grenada", "index": "GII - Gender Inequality Index", "indicator": "pr_m - Share of seats in parliament, male (% held by men)", "year": "2010", "value": "78.57142857"}, {"country": "GRD - Grenada", "index": "GII - Gender Inequality Index", "indicator": "pr_m - Share of seats in parliament, male (% held by men)", "year": "2011", "value": "82.14285714"}, {"country": "GRD - Grenada", "index": "GII - Gender Inequality Index", "indicator": "pr_m - Share of seats in parliament, male (% held by men)", "year": "2012", "value": "82.14285714"}, {"country": "GRD - Grenada", "index": "GII - Gender Inequality Index", "indicator": "pr_m - Share of seats in parliament, male (% held by men)", "year": "2013", "value": "75"}, {"country": "GRD - Grenada", "index": "GII - Gender Inequality Index", "indicator": "pr_m - Share of seats in parliament, male (% held by men)", "year": "2014", "value": "75"}, {"country": "GRD - Grenada", "index": "GII - Gender Inequality Index", "indicator": "pr_m - Share of seats in parliament, male (% held by men)", "year": "2015", "value": "75"}, {"country": "GRD - Grenada", "index": "GII - Gender Inequality Index", "indicator": "pr_m - Share of seats in parliament, male (% held by men)", "year": "2016", "value": "75"}, {"country": "GRD - Grenada", "index": "GII - Gender Inequality Index", "indicator": "pr_m - Share of seats in parliament, male (% held by men)", "year": "2017", "value": "75"}, {"country": "GRD - Grenada", "index": "GII - Gender Inequality Index", "indicator": "pr_m - Share of seats in parliament, male (% held by men)", "year": "2018", "value": "60.71428571"}, {"country": "GRD - Grenada", "index": "GII - Gender Inequality Index", "indicator": "pr_m - Share of seats in parliament, male (% held by men)", "year": "2019", "value": "60.71428571"}, {"country": "GRD - Grenada", "index": "GII - Gender Inequality Index", "indicator": "pr_m - Share of seats in parliament, male (% held by men)", "year": "2020", "value": "60.71428571"}, {"country": "GRD - Grenada", "index": "GII - Gender Inequality Index", "indicator": "pr_m - Share of seats in parliament, male (% held by men)", "year": "2021", "value": "67.85714286"}]