[{"country": "SYC - Seychelles", "index": "GII - Gender Inequality Index", "indicator": "abr - Adolescent Birth Rate (births per 1,000 women ages 15-19)", "year": "1990", "value": "61.431"}, {"country": "SYC - Seychelles", "index": "GII - Gender Inequality Index", "indicator": "abr - Adolescent Birth Rate (births per 1,000 women ages 15-19)", "year": "1991", "value": "67.796"}, {"country": "SYC - Seychelles", "index": "GII - Gender Inequality Index", "indicator": "abr - Adolescent Birth Rate (births per 1,000 women ages 15-19)", "year": "1992", "value": "66.313"}, {"country": "SYC - Seychelles", "index": "GII - Gender Inequality Index", "indicator": "abr - Adolescent Birth Rate (births per 1,000 women ages 15-19)", "year": "1993", "value": "72.207"}, {"country": "SYC - Seychelles", "index": "GII - Gender Inequality Index", "indicator": "abr - Adolescent Birth Rate (births per 1,000 women ages 15-19)", "year": "1994", "value": "69.613"}, {"country": "SYC - Seychelles", "index": "GII - Gender Inequality Index", "indicator": "abr - Adolescent Birth Rate (births per 1,000 women ages 15-19)", "year": "1995", "value": "59.362"}, {"country": "SYC - Seychelles", "index": "GII - Gender Inequality Index", "indicator": "abr - Adolescent Birth Rate (births per 1,000 women ages 15-19)", "year": "1996", "value": "57.872"}, {"country": "SYC - Seychelles", "index": "GII - Gender Inequality Index", "indicator": "abr - Adolescent Birth Rate (births per 1,000 women ages 15-19)", "year": "1997", "value": "53.986"}, {"country": "SYC - Seychelles", "index": "GII - Gender Inequality Index", "indicator": "abr - Adolescent Birth Rate (births per 1,000 women ages 15-19)", "year": "1998", "value": "54.62"}, {"country": "SYC - Seychelles", "index": "GII - Gender Inequality Index", "indicator": "abr - Adolescent Birth Rate (births per 1,000 women ages 15-19)", "year": "1999", "value": "56.35"}, {"country": "SYC - Seychelles", "index": "GII - Gender Inequality Index", "indicator": "abr - Adolescent Birth Rate (births per 1,000 women ages 15-19)", "year": "2000", "value": "55.256"}, {"country": "SYC - Seychelles", "index": "GII - Gender Inequality Index", "indicator": "abr - Adolescent Birth Rate (births per 1,000 women ages 15-19)", "year": "2001", "value": "53.38"}, {"country": "SYC - Seychelles", "index": "GII - Gender Inequality Index", "indicator": "abr - Adolescent Birth Rate (births per 1,000 women ages 15-19)", "year": "2002", "value": "54.168"}, {"country": "SYC - Seychelles", "index": "GII - Gender Inequality Index", "indicator": "abr - Adolescent Birth Rate (births per 1,000 women ages 15-19)", "year": "2003", "value": "55.111"}, {"country": "SYC - Seychelles", "index": "GII - Gender Inequality Index", "indicator": "abr - Adolescent Birth Rate (births per 1,000 women ages 15-19)", "year": "2004", "value": "53.04"}, {"country": "SYC - Seychelles", "index": "GII - Gender Inequality Index", "indicator": "abr - Adolescent Birth Rate (births per 1,000 women ages 15-19)", "year": "2005", "value": "56.346"}, {"country": "SYC - Seychelles", "index": "GII - Gender Inequality Index", "indicator": "abr - Adolescent Birth Rate (births per 1,000 women ages 15-19)", "year": "2006", "value": "54.371"}, {"country": "SYC - Seychelles", "index": "GII - Gender Inequality Index", "indicator": "abr - Adolescent Birth Rate (births per 1,000 women ages 15-19)", "year": "2007", "value": "59.616"}, {"country": "SYC - Seychelles", "index": "GII - Gender Inequality Index", "indicator": "abr - Adolescent Birth Rate (births per 1,000 women ages 15-19)", "year": "2008", "value": "62.665"}, {"country": "SYC - Seychelles", "index": "GII - Gender Inequality Index", "indicator": "abr - Adolescent Birth Rate (births per 1,000 women ages 15-19)", "year": "2009", "value": "65.516"}, {"country": "SYC - Seychelles", "index": "GII - Gender Inequality Index", "indicator": "abr - Adolescent Birth Rate (births per 1,000 women ages 15-19)", "year": "2010", "value": "59.203"}, {"country": "SYC - Seychelles", "index": "GII - Gender Inequality Index", "indicator": "abr - Adolescent Birth Rate (births per 1,000 women ages 15-19)", "year": "2011", "value": "64.116"}, {"country": "SYC - Seychelles", "index": "GII - Gender Inequality Index", "indicator": "abr - Adolescent Birth Rate (births per 1,000 women ages 15-19)", "year": "2012", "value": "63.69"}, {"country": "SYC - Seychelles", "index": "GII - Gender Inequality Index", "indicator": "abr - Adolescent Birth Rate (births per 1,000 women ages 15-19)", "year": "2013", "value": "58.776"}, {"country": "SYC - Seychelles", "index": "GII - Gender Inequality Index", "indicator": "abr - Adolescent Birth Rate (births per 1,000 women ages 15-19)", "year": "2014", "value": "55.854"}, {"country": "SYC - Seychelles", "index": "GII - Gender Inequality Index", "indicator": "abr - Adolescent Birth Rate (births per 1,000 women ages 15-19)", "year": "2015", "value": "56.212"}, {"country": "SYC - Seychelles", "index": "GII - Gender Inequality Index", "indicator": "abr - Adolescent Birth Rate (births per 1,000 women ages 15-19)", "year": "2016", "value": "58.209"}, {"country": "SYC - Seychelles", "index": "GII - Gender Inequality Index", "indicator": "abr - Adolescent Birth Rate (births per 1,000 women ages 15-19)", "year": "2017", "value": "57.608"}, {"country": "SYC - Seychelles", "index": "GII - Gender Inequality Index", "indicator": "abr - Adolescent Birth Rate (births per 1,000 women ages 15-19)", "year": "2018", "value": "56.505"}, {"country": "SYC - Seychelles", "index": "GII - Gender Inequality Index", "indicator": "abr - Adolescent Birth Rate (births per 1,000 women ages 15-19)", "year": "2019", "value": "55.738"}, {"country": "SYC - Seychelles", "index": "GII - Gender Inequality Index", "indicator": "abr - Adolescent Birth Rate (births per 1,000 women ages 15-19)", "year": "2020", "value": "54.356"}, {"country": "SYC - Seychelles", "index": "GII - Gender Inequality Index", "indicator": "abr - Adolescent Birth Rate (births per 1,000 women ages 15-19)", "year": "2021", "value": "53.444"}, {"country": "SYC - Seychelles", "index": "PHDI - Planetary pressures\u2013adjusted Human Development Index", "indicator": "co2_prod - Carbon dioxide emissions per capita (production) (tonnes)", "year": "1990", "value": "2.128666572"}, {"country": "SYC - Seychelles", "index": "PHDI - Planetary pressures\u2013adjusted Human Development Index", "indicator": "co2_prod - Carbon dioxide emissions per capita (production) (tonnes)", "year": "1991", "value": "2.410689288"}, {"country": "SYC - Seychelles", "index": "PHDI - Planetary pressures\u2013adjusted Human Development Index", "indicator": "co2_prod - Carbon dioxide emissions per capita (production) (tonnes)", "year": "1992", "value": "2.370242929"}, {"country": "SYC - Seychelles", "index": "PHDI - Planetary pressures\u2013adjusted Human Development Index", "indicator": "co2_prod - Carbon dioxide emissions per capita (production) (tonnes)", "year": "1993", "value": "2.473503004"}, {"country": "SYC - Seychelles", "index": "PHDI - Planetary pressures\u2013adjusted Human Development Index", "indicator": "co2_prod - Carbon dioxide emissions per capita (production) (tonnes)", "year": "1994", "value": "2.67126193"}, {"country": "SYC - Seychelles", "index": "PHDI - Planetary pressures\u2013adjusted Human Development Index", "indicator": "co2_prod - Carbon dioxide emissions per capita (production) (tonnes)", "year": "1995", "value": "2.581377448"}, {"country": "SYC - Seychelles", "index": "PHDI - Planetary pressures\u2013adjusted Human Development Index", "indicator": "co2_prod - Carbon dioxide emissions per capita (production) (tonnes)", "year": "1996", "value": "3.022140887"}, {"country": "SYC - Seychelles", "index": "PHDI - Planetary pressures\u2013adjusted Human Development Index", "indicator": "co2_prod - Carbon dioxide emissions per capita (production) (tonnes)", "year": "1997", "value": "3.507115053"}, {"country": "SYC - Seychelles", "index": "PHDI - Planetary pressures\u2013adjusted Human Development Index", "indicator": "co2_prod - Carbon dioxide emissions per capita (production) (tonnes)", "year": "1998", "value": "3.661084691"}, {"country": "SYC - Seychelles", "index": "PHDI - Planetary pressures\u2013adjusted Human Development Index", "indicator": "co2_prod - Carbon dioxide emissions per capita (production) (tonnes)", "year": "1999", "value": "3.80627558"}, {"country": "SYC - Seychelles", "index": "PHDI - Planetary pressures\u2013adjusted Human Development Index", "indicator": "co2_prod - Carbon dioxide emissions per capita (production) (tonnes)", "year": "2000", "value": "3.890315571"}, {"country": "SYC - Seychelles", "index": "PHDI - Planetary pressures\u2013adjusted Human Development Index", "indicator": "co2_prod - Carbon dioxide emissions per capita (production) (tonnes)", "year": "2001", "value": "4.17914432"}, {"country": "SYC - Seychelles", "index": "PHDI - Planetary pressures\u2013adjusted Human Development Index", "indicator": "co2_prod - Carbon dioxide emissions per capita (production) (tonnes)", "year": "2002", "value": "4.140014511"}, {"country": "SYC - Seychelles", "index": "PHDI - Planetary pressures\u2013adjusted Human Development Index", "indicator": "co2_prod - Carbon dioxide emissions per capita (production) (tonnes)", "year": "2003", "value": "3.970982403"}, {"country": "SYC - Seychelles", "index": "PHDI - Planetary pressures\u2013adjusted Human Development Index", "indicator": "co2_prod - Carbon dioxide emissions per capita (production) (tonnes)", "year": "2004", "value": "4.234435252"}, {"country": "SYC - Seychelles", "index": "PHDI - Planetary pressures\u2013adjusted Human Development Index", "indicator": "co2_prod - Carbon dioxide emissions per capita (production) (tonnes)", "year": "2005", "value": "4.298574136"}, {"country": "SYC - Seychelles", "index": "PHDI - Planetary pressures\u2013adjusted Human Development Index", "indicator": "co2_prod - Carbon dioxide emissions per capita (production) (tonnes)", "year": "2006", "value": "4.297299109"}, {"country": "SYC - Seychelles", "index": "PHDI - Planetary pressures\u2013adjusted Human Development Index", "indicator": "co2_prod - Carbon dioxide emissions per capita (production) (tonnes)", "year": "2007", "value": "4.473847793"}, {"country": "SYC - Seychelles", "index": "PHDI - Planetary pressures\u2013adjusted Human Development Index", "indicator": "co2_prod - Carbon dioxide emissions per capita (production) (tonnes)", "year": "2008", "value": "4.577496711"}, {"country": "SYC - Seychelles", "index": "PHDI - Planetary pressures\u2013adjusted Human Development Index", "indicator": "co2_prod - Carbon dioxide emissions per capita (production) (tonnes)", "year": "2009", "value": "4.842184093"}, {"country": "SYC - Seychelles", "index": "PHDI - Planetary pressures\u2013adjusted Human Development Index", "indicator": "co2_prod - Carbon dioxide emissions per capita (production) (tonnes)", "year": "2010", "value": "4.857775245"}, {"country": "SYC - Seychelles", "index": "PHDI - Planetary pressures\u2013adjusted Human Development Index", "indicator": "co2_prod - Carbon dioxide emissions per capita (production) (tonnes)", "year": "2011", "value": "4.426281249"}, {"country": "SYC - Seychelles", "index": "PHDI - Planetary pressures\u2013adjusted Human Development Index", "indicator": "co2_prod - Carbon dioxide emissions per capita (production) (tonnes)", "year": "2012", "value": "4.589700118"}, {"country": "SYC - Seychelles", "index": "PHDI - Planetary pressures\u2013adjusted Human Development Index", "indicator": "co2_prod - Carbon dioxide emissions per capita (production) (tonnes)", "year": "2013", "value": "4.433106697"}, {"country": "SYC - Seychelles", "index": "PHDI - Planetary pressures\u2013adjusted Human Development Index", "indicator": "co2_prod - Carbon dioxide emissions per capita (production) (tonnes)", "year": "2014", "value": "4.900068991"}, {"country": "SYC - Seychelles", "index": "PHDI - Planetary pressures\u2013adjusted Human Development Index", "indicator": "co2_prod - Carbon dioxide emissions per capita (production) (tonnes)", "year": "2015", "value": "5.053591358"}, {"country": "SYC - Seychelles", "index": "PHDI - Planetary pressures\u2013adjusted Human Development Index", "indicator": "co2_prod - Carbon dioxide emissions per capita (production) (tonnes)", "year": "2016", "value": "5.589175635"}, {"country": "SYC - Seychelles", "index": "PHDI - Planetary pressures\u2013adjusted Human Development Index", "indicator": "co2_prod - Carbon dioxide emissions per capita (production) (tonnes)", "year": "2017", "value": "5.776203613"}, {"country": "SYC - Seychelles", "index": "PHDI - Planetary pressures\u2013adjusted Human Development Index", "indicator": "co2_prod - Carbon dioxide emissions per capita (production) (tonnes)", "year": "2018", "value": "5.735869655"}, {"country": "SYC - Seychelles", "index": "PHDI - Planetary pressures\u2013adjusted Human Development Index", "indicator": "co2_prod - Carbon dioxide emissions per capita (production) (tonnes)", "year": "2019", "value": "5.94532377"}, {"country": "SYC - Seychelles", "index": "PHDI - Planetary pressures\u2013adjusted Human Development Index", "indicator": "co2_prod - Carbon dioxide emissions per capita (production) (tonnes)", "year": "2020", "value": "4.993238228"}, {"country": "SYC - Seychelles", "index": "PHDI - Planetary pressures\u2013adjusted Human Development Index", "indicator": "co2_prod - Carbon dioxide emissions per capita (production) (tonnes)", "year": "2021", "value": "4.993238228"}, {"country": "SYC - Seychelles", "index": "IHDI - Inequality-adjusted Human Development Index", "indicator": "coef_ineq - Coefficient of human inequality", "year": "2019", "value": "15.00301507"}, {"country": "SYC - Seychelles", "index": "IHDI - Inequality-adjusted Human Development Index", "indicator": "coef_ineq - Coefficient of human inequality", "year": "2020", "value": "15.22720483"}, {"country": "SYC - Seychelles", "index": "IHDI - Inequality-adjusted Human Development Index", "indicator": "coef_ineq - Coefficient of human inequality", "year": "2021", "value": "15.14949785"}, {"country": "SYC - Seychelles", "index": "HDI - Human Development Index", "indicator": "eys - Expected Years of Schooling (years)", "year": "1990", "value": "11.45063391"}, {"country": "SYC - Seychelles", "index": "HDI - Human Development Index", "indicator": "eys - Expected Years of Schooling (years)", "year": "1991", "value": "11.53717995"}, {"country": "SYC - Seychelles", "index": "HDI - Human Development Index", "indicator": "eys - Expected Years of Schooling (years)", "year": "1992", "value": "11.62438011"}, {"country": "SYC - Seychelles", "index": "HDI - Human Development Index", "indicator": "eys - Expected Years of Schooling (years)", "year": "1993", "value": "11.75706959"}, {"country": "SYC - Seychelles", "index": "HDI - Human Development Index", "indicator": "eys - Expected Years of Schooling (years)", "year": "1994", "value": "11.99201965"}, {"country": "SYC - Seychelles", "index": "HDI - Human Development Index", "indicator": "eys - Expected Years of Schooling (years)", "year": "1995", "value": "11.87429047"}, {"country": "SYC - Seychelles", "index": "HDI - Human Development Index", "indicator": "eys - Expected Years of Schooling (years)", "year": "1996", "value": "11.93842983"}, {"country": "SYC - Seychelles", "index": "HDI - Human Development Index", "indicator": "eys - Expected Years of Schooling (years)", "year": "1997", "value": "11.95779514"}, {"country": "SYC - Seychelles", "index": "HDI - Human Development Index", "indicator": "eys - Expected Years of Schooling (years)", "year": "1998", "value": "11.97716045"}, {"country": "SYC - Seychelles", "index": "HDI - Human Development Index", "indicator": "eys - Expected Years of Schooling (years)", "year": "1999", "value": "12.3228302"}, {"country": "SYC - Seychelles", "index": "HDI - Human Development Index", "indicator": "eys - Expected Years of Schooling (years)", "year": "2000", "value": "12.23814964"}, {"country": "SYC - Seychelles", "index": "HDI - Human Development Index", "indicator": "eys - Expected Years of Schooling (years)", "year": "2001", "value": "11.7389698"}, {"country": "SYC - Seychelles", "index": "HDI - Human Development Index", "indicator": "eys - Expected Years of Schooling (years)", "year": "2002", "value": "12.10793018"}, {"country": "SYC - Seychelles", "index": "HDI - Human Development Index", "indicator": "eys - Expected Years of Schooling (years)", "year": "2003", "value": "12.2996397"}, {"country": "SYC - Seychelles", "index": "HDI - Human Development Index", "indicator": "eys - Expected Years of Schooling (years)", "year": "2004", "value": "12.10647011"}, {"country": "SYC - Seychelles", "index": "HDI - Human Development Index", "indicator": "eys - Expected Years of Schooling (years)", "year": "2005", "value": "13.06902027"}, {"country": "SYC - Seychelles", "index": "HDI - Human Development Index", "indicator": "eys - Expected Years of Schooling (years)", "year": "2006", "value": "11.68035984"}, {"country": "SYC - Seychelles", "index": "HDI - Human Development Index", "indicator": "eys - Expected Years of Schooling (years)", "year": "2007", "value": "13.2150898"}, {"country": "SYC - Seychelles", "index": "HDI - Human Development Index", "indicator": "eys - Expected Years of Schooling (years)", "year": "2008", "value": "13.30142021"}, {"country": "SYC - Seychelles", "index": "HDI - Human Development Index", "indicator": "eys - Expected Years of Schooling (years)", "year": "2009", "value": "13.31093025"}, {"country": "SYC - Seychelles", "index": "HDI - Human Development Index", "indicator": "eys - Expected Years of Schooling (years)", "year": "2010", "value": "13.37236023"}, {"country": "SYC - Seychelles", "index": "HDI - Human Development Index", "indicator": "eys - Expected Years of Schooling (years)", "year": "2011", "value": "11.83082962"}, {"country": "SYC - Seychelles", "index": "HDI - Human Development Index", "indicator": "eys - Expected Years of Schooling (years)", "year": "2012", "value": "13.53345013"}, {"country": "SYC - Seychelles", "index": "HDI - Human Development Index", "indicator": "eys - Expected Years of Schooling (years)", "year": "2013", "value": "13.38127041"}, {"country": "SYC - Seychelles", "index": "HDI - Human Development Index", "indicator": "eys - Expected Years of Schooling (years)", "year": "2014", "value": "14.26441002"}, {"country": "SYC - Seychelles", "index": "HDI - Human Development Index", "indicator": "eys - Expected Years of Schooling (years)", "year": "2015", "value": "14.19937992"}, {"country": "SYC - Seychelles", "index": "HDI - Human Development Index", "indicator": "eys - Expected Years of Schooling (years)", "year": "2016", "value": "14.10877991"}, {"country": "SYC - Seychelles", "index": "HDI - Human Development Index", "indicator": "eys - Expected Years of Schooling (years)", "year": "2017", "value": "13.89396954"}, {"country": "SYC - Seychelles", "index": "HDI - Human Development Index", "indicator": "eys - Expected Years of Schooling (years)", "year": "2018", "value": "14.14966011"}, {"country": "SYC - Seychelles", "index": "HDI - Human Development Index", "indicator": "eys - Expected Years of Schooling (years)", "year": "2019", "value": "14.19274998"}, {"country": "SYC - Seychelles", "index": "HDI - Human Development Index", "indicator": "eys - Expected Years of Schooling (years)", "year": "2020", "value": "13.94161034"}, {"country": "SYC - Seychelles", "index": "HDI - Human Development Index", "indicator": "eys - Expected Years of Schooling (years)", "year": "2021", "value": "13.94161034"}, {"country": "SYC - Seychelles", "index": "GDI - Gender Development Index", "indicator": "eys_f - Expected Years of Schooling, female (years)", "year": "1990", "value": "11.41250331"}, {"country": "SYC - Seychelles", "index": "GDI - Gender Development Index", "indicator": "eys_f - Expected Years of Schooling, female (years)", "year": "1991", "value": "11.51630974"}, {"country": "SYC - Seychelles", "index": "GDI - Gender Development Index", "indicator": "eys_f - Expected Years of Schooling, female (years)", "year": "1992", "value": "11.62106037"}, {"country": "SYC - Seychelles", "index": "GDI - Gender Development Index", "indicator": "eys_f - Expected Years of Schooling, female (years)", "year": "1993", "value": "11.78711033"}, {"country": "SYC - Seychelles", "index": "GDI - Gender Development Index", "indicator": "eys_f - Expected Years of Schooling, female (years)", "year": "1994", "value": "12.11341"}, {"country": "SYC - Seychelles", "index": "GDI - Gender Development Index", "indicator": "eys_f - Expected Years of Schooling, female (years)", "year": "1995", "value": "11.91584015"}, {"country": "SYC - Seychelles", "index": "GDI - Gender Development Index", "indicator": "eys_f - Expected Years of Schooling, female (years)", "year": "1996", "value": "12.05815983"}, {"country": "SYC - Seychelles", "index": "GDI - Gender Development Index", "indicator": "eys_f - Expected Years of Schooling, female (years)", "year": "1997", "value": "12.06996012"}, {"country": "SYC - Seychelles", "index": "GDI - Gender Development Index", "indicator": "eys_f - Expected Years of Schooling, female (years)", "year": "1998", "value": "12.08176041"}, {"country": "SYC - Seychelles", "index": "GDI - Gender Development Index", "indicator": "eys_f - Expected Years of Schooling, female (years)", "year": "1999", "value": "12.64675045"}, {"country": "SYC - Seychelles", "index": "GDI - Gender Development Index", "indicator": "eys_f - Expected Years of Schooling, female (years)", "year": "2000", "value": "12.71131992"}, {"country": "SYC - Seychelles", "index": "GDI - Gender Development Index", "indicator": "eys_f - Expected Years of Schooling, female (years)", "year": "2001", "value": "11.98007965"}, {"country": "SYC - Seychelles", "index": "GDI - Gender Development Index", "indicator": "eys_f - Expected Years of Schooling, female (years)", "year": "2002", "value": "12.36394978"}, {"country": "SYC - Seychelles", "index": "GDI - Gender Development Index", "indicator": "eys_f - Expected Years of Schooling, female (years)", "year": "2003", "value": "12.53660965"}, {"country": "SYC - Seychelles", "index": "GDI - Gender Development Index", "indicator": "eys_f - Expected Years of Schooling, female (years)", "year": "2004", "value": "12.51014996"}, {"country": "SYC - Seychelles", "index": "GDI - Gender Development Index", "indicator": "eys_f - Expected Years of Schooling, female (years)", "year": "2005", "value": "13.36285973"}, {"country": "SYC - Seychelles", "index": "GDI - Gender Development Index", "indicator": "eys_f - Expected Years of Schooling, female (years)", "year": "2006", "value": "11.85921955"}, {"country": "SYC - Seychelles", "index": "GDI - Gender Development Index", "indicator": "eys_f - Expected Years of Schooling, female (years)", "year": "2007", "value": "13.81410027"}, {"country": "SYC - Seychelles", "index": "GDI - Gender Development Index", "indicator": "eys_f - Expected Years of Schooling, female (years)", "year": "2008", "value": "14.03417969"}, {"country": "SYC - Seychelles", "index": "GDI - Gender Development Index", "indicator": "eys_f - Expected Years of Schooling, female (years)", "year": "2009", "value": "13.9843502"}, {"country": "SYC - Seychelles", "index": "GDI - Gender Development Index", "indicator": "eys_f - Expected Years of Schooling, female (years)", "year": "2010", "value": "13.92679024"}, {"country": "SYC - Seychelles", "index": "GDI - Gender Development Index", "indicator": "eys_f - Expected Years of Schooling, female (years)", "year": "2011", "value": "12.21467972"}, {"country": "SYC - Seychelles", "index": "GDI - Gender Development Index", "indicator": "eys_f - Expected Years of Schooling, female (years)", "year": "2012", "value": "13.5072403"}, {"country": "SYC - Seychelles", "index": "GDI - Gender Development Index", "indicator": "eys_f - Expected Years of Schooling, female (years)", "year": "2013", "value": "13.56443977"}, {"country": "SYC - Seychelles", "index": "GDI - Gender Development Index", "indicator": "eys_f - Expected Years of Schooling, female (years)", "year": "2014", "value": "15.05624962"}, {"country": "SYC - Seychelles", "index": "GDI - Gender Development Index", "indicator": "eys_f - Expected Years of Schooling, female (years)", "year": "2015", "value": "14.96399021"}, {"country": "SYC - Seychelles", "index": "GDI - Gender Development Index", "indicator": "eys_f - Expected Years of Schooling, female (years)", "year": "2016", "value": "14.89579964"}, {"country": "SYC - Seychelles", "index": "GDI - Gender Development Index", "indicator": "eys_f - Expected Years of Schooling, female (years)", "year": "2017", "value": "14.94489002"}, {"country": "SYC - Seychelles", "index": "GDI - Gender Development Index", "indicator": "eys_f - Expected Years of Schooling, female (years)", "year": "2018", "value": "15.33333969"}, {"country": "SYC - Seychelles", "index": "GDI - Gender Development Index", "indicator": "eys_f - Expected Years of Schooling, female (years)", "year": "2019", "value": "15.59078026"}, {"country": "SYC - Seychelles", "index": "GDI - Gender Development Index", "indicator": "eys_f - Expected Years of Schooling, female (years)", "year": "2020", "value": "15.11960983"}, {"country": "SYC - Seychelles", "index": "GDI - Gender Development Index", "indicator": "eys_f - Expected Years of Schooling, female (years)", "year": "2021", "value": "15.11960983"}, {"country": "SYC - Seychelles", "index": "GDI - Gender Development Index", "indicator": "eys_m - Expected Years of Schooling, male (years)", "year": "1990", "value": "11.48743348"}, {"country": "SYC - Seychelles", "index": "GDI - Gender Development Index", "indicator": "eys_m - Expected Years of Schooling, male (years)", "year": "1991", "value": "11.55725956"}, {"country": "SYC - Seychelles", "index": "GDI - Gender Development Index", "indicator": "eys_m - Expected Years of Schooling, male (years)", "year": "1992", "value": "11.62751007"}, {"country": "SYC - Seychelles", "index": "GDI - Gender Development Index", "indicator": "eys_m - Expected Years of Schooling, male (years)", "year": "1993", "value": "11.72807026"}, {"country": "SYC - Seychelles", "index": "GDI - Gender Development Index", "indicator": "eys_m - Expected Years of Schooling, male (years)", "year": "1994", "value": "11.87578964"}, {"country": "SYC - Seychelles", "index": "GDI - Gender Development Index", "indicator": "eys_m - Expected Years of Schooling, male (years)", "year": "1995", "value": "11.83456993"}, {"country": "SYC - Seychelles", "index": "GDI - Gender Development Index", "indicator": "eys_m - Expected Years of Schooling, male (years)", "year": "1996", "value": "11.82285976"}, {"country": "SYC - Seychelles", "index": "GDI - Gender Development Index", "indicator": "eys_m - Expected Years of Schooling, male (years)", "year": "1997", "value": "11.84955502"}, {"country": "SYC - Seychelles", "index": "GDI - Gender Development Index", "indicator": "eys_m - Expected Years of Schooling, male (years)", "year": "1998", "value": "11.87625027"}, {"country": "SYC - Seychelles", "index": "GDI - Gender Development Index", "indicator": "eys_m - Expected Years of Schooling, male (years)", "year": "1999", "value": "12.01292038"}, {"country": "SYC - Seychelles", "index": "GDI - Gender Development Index", "indicator": "eys_m - Expected Years of Schooling, male (years)", "year": "2000", "value": "11.78505039"}, {"country": "SYC - Seychelles", "index": "GDI - Gender Development Index", "indicator": "eys_m - Expected Years of Schooling, male (years)", "year": "2001", "value": "11.5090704"}, {"country": "SYC - Seychelles", "index": "GDI - Gender Development Index", "indicator": "eys_m - Expected Years of Schooling, male (years)", "year": "2002", "value": "11.86437035"}, {"country": "SYC - Seychelles", "index": "GDI - Gender Development Index", "indicator": "eys_m - Expected Years of Schooling, male (years)", "year": "2003", "value": "12.07561016"}, {"country": "SYC - Seychelles", "index": "GDI - Gender Development Index", "indicator": "eys_m - Expected Years of Schooling, male (years)", "year": "2004", "value": "11.72579956"}, {"country": "SYC - Seychelles", "index": "GDI - Gender Development Index", "indicator": "eys_m - Expected Years of Schooling, male (years)", "year": "2005", "value": "12.79493999"}, {"country": "SYC - Seychelles", "index": "GDI - Gender Development Index", "indicator": "eys_m - Expected Years of Schooling, male (years)", "year": "2006", "value": "11.51340008"}, {"country": "SYC - Seychelles", "index": "GDI - Gender Development Index", "indicator": "eys_m - Expected Years of Schooling, male (years)", "year": "2007", "value": "12.66736984"}, {"country": "SYC - Seychelles", "index": "GDI - Gender Development Index", "indicator": "eys_m - Expected Years of Schooling, male (years)", "year": "2008", "value": "12.6358099"}, {"country": "SYC - Seychelles", "index": "GDI - Gender Development Index", "indicator": "eys_m - Expected Years of Schooling, male (years)", "year": "2009", "value": "12.70119953"}, {"country": "SYC - Seychelles", "index": "GDI - Gender Development Index", "indicator": "eys_m - Expected Years of Schooling, male (years)", "year": "2010", "value": "12.86915016"}, {"country": "SYC - Seychelles", "index": "GDI - Gender Development Index", "indicator": "eys_m - Expected Years of Schooling, male (years)", "year": "2011", "value": "11.47502041"}, {"country": "SYC - Seychelles", "index": "GDI - Gender Development Index", "indicator": "eys_m - Expected Years of Schooling, male (years)", "year": "2012", "value": "13.55381012"}, {"country": "SYC - Seychelles", "index": "GDI - Gender Development Index", "indicator": "eys_m - Expected Years of Schooling, male (years)", "year": "2013", "value": "13.21498966"}, {"country": "SYC - Seychelles", "index": "GDI - Gender Development Index", "indicator": "eys_m - Expected Years of Schooling, male (years)", "year": "2014", "value": "13.55533028"}, {"country": "SYC - Seychelles", "index": "GDI - Gender Development Index", "indicator": "eys_m - Expected Years of Schooling, male (years)", "year": "2015", "value": "13.50996017"}, {"country": "SYC - Seychelles", "index": "GDI - Gender Development Index", "indicator": "eys_m - Expected Years of Schooling, male (years)", "year": "2016", "value": "13.39116001"}, {"country": "SYC - Seychelles", "index": "GDI - Gender Development Index", "indicator": "eys_m - Expected Years of Schooling, male (years)", "year": "2017", "value": "12.92704964"}, {"country": "SYC - Seychelles", "index": "GDI - Gender Development Index", "indicator": "eys_m - Expected Years of Schooling, male (years)", "year": "2018", "value": "13.07452011"}, {"country": "SYC - Seychelles", "index": "GDI - Gender Development Index", "indicator": "eys_m - Expected Years of Schooling, male (years)", "year": "2019", "value": "12.92016983"}, {"country": "SYC - Seychelles", "index": "GDI - Gender Development Index", "indicator": "eys_m - Expected Years of Schooling, male (years)", "year": "2020", "value": "12.86174011"}, {"country": "SYC - Seychelles", "index": "GDI - Gender Development Index", "indicator": "eys_m - Expected Years of Schooling, male (years)", "year": "2021", "value": "12.86174011"}, {"country": "SYC - Seychelles", "index": "HDI - Human Development Index", "indicator": "gnipc - Gross National Income Per Capita (2017 PPP$)", "year": "1990", "value": "14257.99389"}, {"country": "SYC - Seychelles", "index": "HDI - Human Development Index", "indicator": "gnipc - Gross National Income Per Capita (2017 PPP$)", "year": "1991", "value": "14576.98476"}, {"country": "SYC - Seychelles", "index": "HDI - Human Development Index", "indicator": "gnipc - Gross National Income Per Capita (2017 PPP$)", "year": "1992", "value": "15634.95973"}, {"country": "SYC - Seychelles", "index": "HDI - Human Development Index", "indicator": "gnipc - Gross National Income Per Capita (2017 PPP$)", "year": "1993", "value": "16215.97581"}, {"country": "SYC - Seychelles", "index": "HDI - Human Development Index", "indicator": "gnipc - Gross National Income Per Capita (2017 PPP$)", "year": "1994", "value": "15919.05551"}, {"country": "SYC - Seychelles", "index": "HDI - Human Development Index", "indicator": "gnipc - Gross National Income Per Capita (2017 PPP$)", "year": "1995", "value": "15022.49782"}, {"country": "SYC - Seychelles", "index": "HDI - Human Development Index", "indicator": "gnipc - Gross National Income Per Capita (2017 PPP$)", "year": "1996", "value": "15688.25336"}, {"country": "SYC - Seychelles", "index": "HDI - Human Development Index", "indicator": "gnipc - Gross National Income Per Capita (2017 PPP$)", "year": "1997", "value": "17513.9897"}, {"country": "SYC - Seychelles", "index": "HDI - Human Development Index", "indicator": "gnipc - Gross National Income Per Capita (2017 PPP$)", "year": "1998", "value": "18324.82066"}, {"country": "SYC - Seychelles", "index": "HDI - Human Development Index", "indicator": "gnipc - Gross National Income Per Capita (2017 PPP$)", "year": "1999", "value": "18209.42936"}, {"country": "SYC - Seychelles", "index": "HDI - Human Development Index", "indicator": "gnipc - Gross National Income Per Capita (2017 PPP$)", "year": "2000", "value": "18225.26954"}, {"country": "SYC - Seychelles", "index": "HDI - Human Development Index", "indicator": "gnipc - Gross National Income Per Capita (2017 PPP$)", "year": "2001", "value": "18228.44008"}, {"country": "SYC - Seychelles", "index": "HDI - Human Development Index", "indicator": "gnipc - Gross National Income Per Capita (2017 PPP$)", "year": "2002", "value": "16537.72143"}, {"country": "SYC - Seychelles", "index": "HDI - Human Development Index", "indicator": "gnipc - Gross National Income Per Capita (2017 PPP$)", "year": "2003", "value": "16334.60332"}, {"country": "SYC - Seychelles", "index": "HDI - Human Development Index", "indicator": "gnipc - Gross National Income Per Capita (2017 PPP$)", "year": "2004", "value": "17267.48742"}, {"country": "SYC - Seychelles", "index": "HDI - Human Development Index", "indicator": "gnipc - Gross National Income Per Capita (2017 PPP$)", "year": "2005", "value": "18489.48593"}, {"country": "SYC - Seychelles", "index": "HDI - Human Development Index", "indicator": "gnipc - Gross National Income Per Capita (2017 PPP$)", "year": "2006", "value": "20039.09556"}, {"country": "SYC - Seychelles", "index": "HDI - Human Development Index", "indicator": "gnipc - Gross National Income Per Capita (2017 PPP$)", "year": "2007", "value": "20142.90475"}, {"country": "SYC - Seychelles", "index": "HDI - Human Development Index", "indicator": "gnipc - Gross National Income Per Capita (2017 PPP$)", "year": "2008", "value": "19303.36403"}, {"country": "SYC - Seychelles", "index": "HDI - Human Development Index", "indicator": "gnipc - Gross National Income Per Capita (2017 PPP$)", "year": "2009", "value": "18457.00091"}, {"country": "SYC - Seychelles", "index": "HDI - Human Development Index", "indicator": "gnipc - Gross National Income Per Capita (2017 PPP$)", "year": "2010", "value": "20108.74922"}, {"country": "SYC - Seychelles", "index": "HDI - Human Development Index", "indicator": "gnipc - Gross National Income Per Capita (2017 PPP$)", "year": "2011", "value": "20821.04164"}, {"country": "SYC - Seychelles", "index": "HDI - Human Development Index", "indicator": "gnipc - Gross National Income Per Capita (2017 PPP$)", "year": "2012", "value": "22260.9096"}, {"country": "SYC - Seychelles", "index": "HDI - Human Development Index", "indicator": "gnipc - Gross National Income Per Capita (2017 PPP$)", "year": "2013", "value": "23169.25013"}, {"country": "SYC - Seychelles", "index": "HDI - Human Development Index", "indicator": "gnipc - Gross National Income Per Capita (2017 PPP$)", "year": "2014", "value": "23452.55824"}, {"country": "SYC - Seychelles", "index": "HDI - Human Development Index", "indicator": "gnipc - Gross National Income Per Capita (2017 PPP$)", "year": "2015", "value": "24084.57792"}, {"country": "SYC - Seychelles", "index": "HDI - Human Development Index", "indicator": "gnipc - Gross National Income Per Capita (2017 PPP$)", "year": "2016", "value": "24513.60635"}, {"country": "SYC - Seychelles", "index": "HDI - Human Development Index", "indicator": "gnipc - Gross National Income Per Capita (2017 PPP$)", "year": "2017", "value": "25224.47069"}, {"country": "SYC - Seychelles", "index": "HDI - Human Development Index", "indicator": "gnipc - Gross National Income Per Capita (2017 PPP$)", "year": "2018", "value": "25788.59798"}, {"country": "SYC - Seychelles", "index": "HDI - Human Development Index", "indicator": "gnipc - Gross National Income Per Capita (2017 PPP$)", "year": "2019", "value": "26084.29819"}, {"country": "SYC - Seychelles", "index": "HDI - Human Development Index", "indicator": "gnipc - Gross National Income Per Capita (2017 PPP$)", "year": "2020", "value": "24132.79487"}, {"country": "SYC - Seychelles", "index": "HDI - Human Development Index", "indicator": "gnipc - Gross National Income Per Capita (2017 PPP$)", "year": "2021", "value": "25830.61775"}, {"country": "SYC - Seychelles", "index": "HDI - Human Development Index", "indicator": "hdi - Human Development Index (value)", "year": "2000", "value": "0.744"}, {"country": "SYC - Seychelles", "index": "HDI - Human Development Index", "indicator": "hdi - Human Development Index (value)", "year": "2001", "value": "0.741"}, {"country": "SYC - Seychelles", "index": "HDI - Human Development Index", "indicator": "hdi - Human Development Index (value)", "year": "2002", "value": "0.742"}, {"country": "SYC - Seychelles", "index": "HDI - Human Development Index", "indicator": "hdi - Human Development Index (value)", "year": "2003", "value": "0.746"}, {"country": "SYC - Seychelles", "index": "HDI - Human Development Index", "indicator": "hdi - Human Development Index (value)", "year": "2004", "value": "0.747"}, {"country": "SYC - Seychelles", "index": "HDI - Human Development Index", "indicator": "hdi - Human Development Index (value)", "year": "2005", "value": "0.762"}, {"country": "SYC - Seychelles", "index": "HDI - Human Development Index", "indicator": "hdi - Human Development Index (value)", "year": "2006", "value": "0.753"}, {"country": "SYC - Seychelles", "index": "HDI - Human Development Index", "indicator": "hdi - Human Development Index (value)", "year": "2007", "value": "0.77"}, {"country": "SYC - Seychelles", "index": "HDI - Human Development Index", "indicator": "hdi - Human Development Index (value)", "year": "2008", "value": "0.771"}, {"country": "SYC - Seychelles", "index": "HDI - Human Development Index", "indicator": "hdi - Human Development Index (value)", "year": "2009", "value": "0.77"}, {"country": "SYC - Seychelles", "index": "HDI - Human Development Index", "indicator": "hdi - Human Development Index (value)", "year": "2010", "value": "0.776"}, {"country": "SYC - Seychelles", "index": "HDI - Human Development Index", "indicator": "hdi - Human Development Index (value)", "year": "2011", "value": "0.766"}, {"country": "SYC - Seychelles", "index": "HDI - Human Development Index", "indicator": "hdi - Human Development Index (value)", "year": "2012", "value": "0.786"}, {"country": "SYC - Seychelles", "index": "HDI - Human Development Index", "indicator": "hdi - Human Development Index (value)", "year": "2013", "value": "0.787"}, {"country": "SYC - Seychelles", "index": "HDI - Human Development Index", "indicator": "hdi - Human Development Index (value)", "year": "2014", "value": "0.796"}, {"country": "SYC - Seychelles", "index": "HDI - Human Development Index", "indicator": "hdi - Human Development Index (value)", "year": "2015", "value": "0.796"}, {"country": "SYC - Seychelles", "index": "HDI - Human Development Index", "indicator": "hdi - Human Development Index (value)", "year": "2016", "value": "0.796"}, {"country": "SYC - Seychelles", "index": "HDI - Human Development Index", "indicator": "hdi - Human Development Index (value)", "year": "2017", "value": "0.796"}, {"country": "SYC - Seychelles", "index": "HDI - Human Development Index", "indicator": "hdi - Human Development Index (value)", "year": "2018", "value": "0.8"}, {"country": "SYC - Seychelles", "index": "HDI - Human Development Index", "indicator": "hdi - Human Development Index (value)", "year": "2019", "value": "0.802"}, {"country": "SYC - Seychelles", "index": "HDI - Human Development Index", "indicator": "hdi - Human Development Index (value)", "year": "2020", "value": "0.793"}, {"country": "SYC - Seychelles", "index": "HDI - Human Development Index", "indicator": "hdi - Human Development Index (value)", "year": "2021", "value": "0.785"}, {"country": "SYC - Seychelles", "index": "HDI - Human Development Index", "indicator": "hdi_rank - HDI Rank", "year": "2021", "value": "72"}, {"country": "SYC - Seychelles", "index": "IHDI - Inequality-adjusted Human Development Index", "indicator": "ihdi - Inequality-adjusted Human Development Index (value)", "year": "2019", "value": "0.677"}, {"country": "SYC - Seychelles", "index": "IHDI - Inequality-adjusted Human Development Index", "indicator": "ihdi - Inequality-adjusted Human Development Index (value)", "year": "2020", "value": "0.667"}, {"country": "SYC - Seychelles", "index": "IHDI - Inequality-adjusted Human Development Index", "indicator": "ihdi - Inequality-adjusted Human Development Index (value)", "year": "2021", "value": "0.661"}, {"country": "SYC - Seychelles", "index": "IHDI - Inequality-adjusted Human Development Index", "indicator": "ineq_edu - Inequality in eduation", "year": "2019", "value": "6.65648"}, {"country": "SYC - Seychelles", "index": "IHDI - Inequality-adjusted Human Development Index", "indicator": "ineq_edu - Inequality in eduation", "year": "2020", "value": "6.65648"}, {"country": "SYC - Seychelles", "index": "IHDI - Inequality-adjusted Human Development Index", "indicator": "ineq_edu - Inequality in eduation", "year": "2021", "value": "6.65648"}, {"country": "SYC - Seychelles", "index": "IHDI - Inequality-adjusted Human Development Index", "indicator": "ineq_inc - Inequality in income", "year": "2013", "value": "29.34535638"}, {"country": "SYC - Seychelles", "index": "IHDI - Inequality-adjusted Human Development Index", "indicator": "ineq_inc - Inequality in income", "year": "2014", "value": "29.34535638"}, {"country": "SYC - Seychelles", "index": "IHDI - Inequality-adjusted Human Development Index", "indicator": "ineq_inc - Inequality in income", "year": "2015", "value": "29.34535638"}, {"country": "SYC - Seychelles", "index": "IHDI - Inequality-adjusted Human Development Index", "indicator": "ineq_inc - Inequality in income", "year": "2016", "value": "29.34535638"}, {"country": "SYC - Seychelles", "index": "IHDI - Inequality-adjusted Human Development Index", "indicator": "ineq_inc - Inequality in income", "year": "2017", "value": "29.34535638"}, {"country": "SYC - Seychelles", "index": "IHDI - Inequality-adjusted Human Development Index", "indicator": "ineq_inc - Inequality in income", "year": "2018", "value": "29.34535638"}, {"country": "SYC - Seychelles", "index": "IHDI - Inequality-adjusted Human Development Index", "indicator": "ineq_inc - Inequality in income", "year": "2019", "value": "29.34535638"}, {"country": "SYC - Seychelles", "index": "IHDI - Inequality-adjusted Human Development Index", "indicator": "ineq_inc - Inequality in income", "year": "2020", "value": "29.34535638"}, {"country": "SYC - Seychelles", "index": "IHDI - Inequality-adjusted Human Development Index", "indicator": "ineq_inc - Inequality in income", "year": "2021", "value": "29.34535638"}, {"country": "SYC - Seychelles", "index": "IHDI - Inequality-adjusted Human Development Index", "indicator": "ineq_le - Inequality in life expectancy", "year": "2010", "value": "9.146141052"}, {"country": "SYC - Seychelles", "index": "IHDI - Inequality-adjusted Human Development Index", "indicator": "ineq_le - Inequality in life expectancy", "year": "2011", "value": "9.15166378"}, {"country": "SYC - Seychelles", "index": "IHDI - Inequality-adjusted Human Development Index", "indicator": "ineq_le - Inequality in life expectancy", "year": "2012", "value": "9.189457893"}, {"country": "SYC - Seychelles", "index": "IHDI - Inequality-adjusted Human Development Index", "indicator": "ineq_le - Inequality in life expectancy", "year": "2013", "value": "9.235715866"}, {"country": "SYC - Seychelles", "index": "IHDI - Inequality-adjusted Human Development Index", "indicator": "ineq_le - Inequality in life expectancy", "year": "2014", "value": "9.289466858"}, {"country": "SYC - Seychelles", "index": "IHDI - Inequality-adjusted Human Development Index", "indicator": "ineq_le - Inequality in life expectancy", "year": "2015", "value": "9.344342232"}, {"country": "SYC - Seychelles", "index": "IHDI - Inequality-adjusted Human Development Index", "indicator": "ineq_le - Inequality in life expectancy", "year": "2016", "value": "9.335977554"}, {"country": "SYC - Seychelles", "index": "IHDI - Inequality-adjusted Human Development Index", "indicator": "ineq_le - Inequality in life expectancy", "year": "2017", "value": "9.268683434"}, {"country": "SYC - Seychelles", "index": "IHDI - Inequality-adjusted Human Development Index", "indicator": "ineq_le - Inequality in life expectancy", "year": "2018", "value": "9.156647682"}, {"country": "SYC - Seychelles", "index": "IHDI - Inequality-adjusted Human Development Index", "indicator": "ineq_le - Inequality in life expectancy", "year": "2019", "value": "9.007208824"}, {"country": "SYC - Seychelles", "index": "IHDI - Inequality-adjusted Human Development Index", "indicator": "ineq_le - Inequality in life expectancy", "year": "2020", "value": "9.679778099"}, {"country": "SYC - Seychelles", "index": "IHDI - Inequality-adjusted Human Development Index", "indicator": "ineq_le - Inequality in life expectancy", "year": "2021", "value": "9.446657181"}, {"country": "SYC - Seychelles", "index": "HDI - Human Development Index", "indicator": "le - Life Expectancy at Birth (years)", "year": "1990", "value": "69.0142"}, {"country": "SYC - Seychelles", "index": "HDI - Human Development Index", "indicator": "le - Life Expectancy at Birth (years)", "year": "1991", "value": "68.9347"}, {"country": "SYC - Seychelles", "index": "HDI - Human Development Index", "indicator": "le - Life Expectancy at Birth (years)", "year": "1992", "value": "69.0824"}, {"country": "SYC - Seychelles", "index": "HDI - Human Development Index", "indicator": "le - Life Expectancy at Birth (years)", "year": "1993", "value": "69.0419"}, {"country": "SYC - Seychelles", "index": "HDI - Human Development Index", "indicator": "le - Life Expectancy at Birth (years)", "year": "1994", "value": "68.976"}, {"country": "SYC - Seychelles", "index": "HDI - Human Development Index", "indicator": "le - Life Expectancy at Birth (years)", "year": "1995", "value": "68.5282"}, {"country": "SYC - Seychelles", "index": "HDI - Human Development Index", "indicator": "le - Life Expectancy at Birth (years)", "year": "1996", "value": "68.9309"}, {"country": "SYC - Seychelles", "index": "HDI - Human Development Index", "indicator": "le - Life Expectancy at Birth (years)", "year": "1997", "value": "68.9981"}, {"country": "SYC - Seychelles", "index": "HDI - Human Development Index", "indicator": "le - Life Expectancy at Birth (years)", "year": "1998", "value": "69.8642"}, {"country": "SYC - Seychelles", "index": "HDI - Human Development Index", "indicator": "le - Life Expectancy at Birth (years)", "year": "1999", "value": "69.5445"}, {"country": "SYC - Seychelles", "index": "HDI - Human Development Index", "indicator": "le - Life Expectancy at Birth (years)", "year": "2000", "value": "69.7218"}, {"country": "SYC - Seychelles", "index": "HDI - Human Development Index", "indicator": "le - Life Expectancy at Birth (years)", "year": "2001", "value": "69.9853"}, {"country": "SYC - Seychelles", "index": "HDI - Human Development Index", "indicator": "le - Life Expectancy at Birth (years)", "year": "2002", "value": "70.3955"}, {"country": "SYC - Seychelles", "index": "HDI - Human Development Index", "indicator": "le - Life Expectancy at Birth (years)", "year": "2003", "value": "70.9818"}, {"country": "SYC - Seychelles", "index": "HDI - Human Development Index", "indicator": "le - Life Expectancy at Birth (years)", "year": "2004", "value": "71.1618"}, {"country": "SYC - Seychelles", "index": "HDI - Human Development Index", "indicator": "le - Life Expectancy at Birth (years)", "year": "2005", "value": "71.5618"}, {"country": "SYC - Seychelles", "index": "HDI - Human Development Index", "indicator": "le - Life Expectancy at Birth (years)", "year": "2006", "value": "71.8336"}, {"country": "SYC - Seychelles", "index": "HDI - Human Development Index", "indicator": "le - Life Expectancy at Birth (years)", "year": "2007", "value": "72.1124"}, {"country": "SYC - Seychelles", "index": "HDI - Human Development Index", "indicator": "le - Life Expectancy at Birth (years)", "year": "2008", "value": "72.3969"}, {"country": "SYC - Seychelles", "index": "HDI - Human Development Index", "indicator": "le - Life Expectancy at Birth (years)", "year": "2009", "value": "72.6881"}, {"country": "SYC - Seychelles", "index": "HDI - Human Development Index", "indicator": "le - Life Expectancy at Birth (years)", "year": "2010", "value": "72.9703"}, {"country": "SYC - Seychelles", "index": "HDI - Human Development Index", "indicator": "le - Life Expectancy at Birth (years)", "year": "2011", "value": "73.7537"}, {"country": "SYC - Seychelles", "index": "HDI - Human Development Index", "indicator": "le - Life Expectancy at Birth (years)", "year": "2012", "value": "73.6428"}, {"country": "SYC - Seychelles", "index": "HDI - Human Development Index", "indicator": "le - Life Expectancy at Birth (years)", "year": "2013", "value": "73.7807"}, {"country": "SYC - Seychelles", "index": "HDI - Human Development Index", "indicator": "le - Life Expectancy at Birth (years)", "year": "2014", "value": "73.7495"}, {"country": "SYC - Seychelles", "index": "HDI - Human Development Index", "indicator": "le - Life Expectancy at Birth (years)", "year": "2015", "value": "73.6979"}, {"country": "SYC - Seychelles", "index": "HDI - Human Development Index", "indicator": "le - Life Expectancy at Birth (years)", "year": "2016", "value": "73.6425"}, {"country": "SYC - Seychelles", "index": "HDI - Human Development Index", "indicator": "le - Life Expectancy at Birth (years)", "year": "2017", "value": "73.8027"}, {"country": "SYC - Seychelles", "index": "HDI - Human Development Index", "indicator": "le - Life Expectancy at Birth (years)", "year": "2018", "value": "73.9529"}, {"country": "SYC - Seychelles", "index": "HDI - Human Development Index", "indicator": "le - Life Expectancy at Birth (years)", "year": "2019", "value": "74.169"}, {"country": "SYC - Seychelles", "index": "HDI - Human Development Index", "indicator": "le - Life Expectancy at Birth (years)", "year": "2020", "value": "73.5324"}, {"country": "SYC - Seychelles", "index": "HDI - Human Development Index", "indicator": "le - Life Expectancy at Birth (years)", "year": "2021", "value": "71.2945"}, {"country": "SYC - Seychelles", "index": "GDI - Gender Development Index", "indicator": "le_f - Life Expectancy at Birth, female (years)", "year": "1990", "value": "75.0074"}, {"country": "SYC - Seychelles", "index": "GDI - Gender Development Index", "indicator": "le_f - Life Expectancy at Birth, female (years)", "year": "1991", "value": "75.4381"}, {"country": "SYC - Seychelles", "index": "GDI - Gender Development Index", "indicator": "le_f - Life Expectancy at Birth, female (years)", "year": "1992", "value": "77.0861"}, {"country": "SYC - Seychelles", "index": "GDI - Gender Development Index", "indicator": "le_f - Life Expectancy at Birth, female (years)", "year": "1993", "value": "77.4268"}, {"country": "SYC - Seychelles", "index": "GDI - Gender Development Index", "indicator": "le_f - Life Expectancy at Birth, female (years)", "year": "1994", "value": "76.4164"}, {"country": "SYC - Seychelles", "index": "GDI - Gender Development Index", "indicator": "le_f - Life Expectancy at Birth, female (years)", "year": "1995", "value": "75.1503"}, {"country": "SYC - Seychelles", "index": "GDI - Gender Development Index", "indicator": "le_f - Life Expectancy at Birth, female (years)", "year": "1996", "value": "75.1182"}, {"country": "SYC - Seychelles", "index": "GDI - Gender Development Index", "indicator": "le_f - Life Expectancy at Birth, female (years)", "year": "1997", "value": "75.1725"}, {"country": "SYC - Seychelles", "index": "GDI - Gender Development Index", "indicator": "le_f - Life Expectancy at Birth, female (years)", "year": "1998", "value": "75.6886"}, {"country": "SYC - Seychelles", "index": "GDI - Gender Development Index", "indicator": "le_f - Life Expectancy at Birth, female (years)", "year": "1999", "value": "74.7005"}, {"country": "SYC - Seychelles", "index": "GDI - Gender Development Index", "indicator": "le_f - Life Expectancy at Birth, female (years)", "year": "2000", "value": "74.673"}, {"country": "SYC - Seychelles", "index": "GDI - Gender Development Index", "indicator": "le_f - Life Expectancy at Birth, female (years)", "year": "2001", "value": "75.0832"}, {"country": "SYC - Seychelles", "index": "GDI - Gender Development Index", "indicator": "le_f - Life Expectancy at Birth, female (years)", "year": "2002", "value": "75.7149"}, {"country": "SYC - Seychelles", "index": "GDI - Gender Development Index", "indicator": "le_f - Life Expectancy at Birth, female (years)", "year": "2003", "value": "75.9586"}, {"country": "SYC - Seychelles", "index": "GDI - Gender Development Index", "indicator": "le_f - Life Expectancy at Birth, female (years)", "year": "2004", "value": "76.1107"}, {"country": "SYC - Seychelles", "index": "GDI - Gender Development Index", "indicator": "le_f - Life Expectancy at Birth, female (years)", "year": "2005", "value": "76.4624"}, {"country": "SYC - Seychelles", "index": "GDI - Gender Development Index", "indicator": "le_f - Life Expectancy at Birth, female (years)", "year": "2006", "value": "76.7235"}, {"country": "SYC - Seychelles", "index": "GDI - Gender Development Index", "indicator": "le_f - Life Expectancy at Birth, female (years)", "year": "2007", "value": "76.8851"}, {"country": "SYC - Seychelles", "index": "GDI - Gender Development Index", "indicator": "le_f - Life Expectancy at Birth, female (years)", "year": "2008", "value": "77.1668"}, {"country": "SYC - Seychelles", "index": "GDI - Gender Development Index", "indicator": "le_f - Life Expectancy at Birth, female (years)", "year": "2009", "value": "77.3841"}, {"country": "SYC - Seychelles", "index": "GDI - Gender Development Index", "indicator": "le_f - Life Expectancy at Birth, female (years)", "year": "2010", "value": "77.6211"}, {"country": "SYC - Seychelles", "index": "GDI - Gender Development Index", "indicator": "le_f - Life Expectancy at Birth, female (years)", "year": "2011", "value": "78.306"}, {"country": "SYC - Seychelles", "index": "GDI - Gender Development Index", "indicator": "le_f - Life Expectancy at Birth, female (years)", "year": "2012", "value": "78.0066"}, {"country": "SYC - Seychelles", "index": "GDI - Gender Development Index", "indicator": "le_f - Life Expectancy at Birth, female (years)", "year": "2013", "value": "78.226"}, {"country": "SYC - Seychelles", "index": "GDI - Gender Development Index", "indicator": "le_f - Life Expectancy at Birth, female (years)", "year": "2014", "value": "78.4106"}, {"country": "SYC - Seychelles", "index": "GDI - Gender Development Index", "indicator": "le_f - Life Expectancy at Birth, female (years)", "year": "2015", "value": "78.3174"}, {"country": "SYC - Seychelles", "index": "GDI - Gender Development Index", "indicator": "le_f - Life Expectancy at Birth, female (years)", "year": "2016", "value": "78.1441"}, {"country": "SYC - Seychelles", "index": "GDI - Gender Development Index", "indicator": "le_f - Life Expectancy at Birth, female (years)", "year": "2017", "value": "78.2576"}, {"country": "SYC - Seychelles", "index": "GDI - Gender Development Index", "indicator": "le_f - Life Expectancy at Birth, female (years)", "year": "2018", "value": "78.3546"}, {"country": "SYC - Seychelles", "index": "GDI - Gender Development Index", "indicator": "le_f - Life Expectancy at Birth, female (years)", "year": "2019", "value": "78.6056"}, {"country": "SYC - Seychelles", "index": "GDI - Gender Development Index", "indicator": "le_f - Life Expectancy at Birth, female (years)", "year": "2020", "value": "78.0498"}, {"country": "SYC - Seychelles", "index": "GDI - Gender Development Index", "indicator": "le_f - Life Expectancy at Birth, female (years)", "year": "2021", "value": "75.6503"}, {"country": "SYC - Seychelles", "index": "GDI - Gender Development Index", "indicator": "le_m - Life Expectancy at Birth, male (years)", "year": "1990", "value": "64.3845"}, {"country": "SYC - Seychelles", "index": "GDI - Gender Development Index", "indicator": "le_m - Life Expectancy at Birth, male (years)", "year": "1991", "value": "64.0714"}, {"country": "SYC - Seychelles", "index": "GDI - Gender Development Index", "indicator": "le_m - Life Expectancy at Birth, male (years)", "year": "1992", "value": "63.554"}, {"country": "SYC - Seychelles", "index": "GDI - Gender Development Index", "indicator": "le_m - Life Expectancy at Birth, male (years)", "year": "1993", "value": "63.3579"}, {"country": "SYC - Seychelles", "index": "GDI - Gender Development Index", "indicator": "le_m - Life Expectancy at Birth, male (years)", "year": "1994", "value": "63.6715"}, {"country": "SYC - Seychelles", "index": "GDI - Gender Development Index", "indicator": "le_m - Life Expectancy at Birth, male (years)", "year": "1995", "value": "63.5519"}, {"country": "SYC - Seychelles", "index": "GDI - Gender Development Index", "indicator": "le_m - Life Expectancy at Birth, male (years)", "year": "1996", "value": "64.109"}, {"country": "SYC - Seychelles", "index": "GDI - Gender Development Index", "indicator": "le_m - Life Expectancy at Birth, male (years)", "year": "1997", "value": "64.1489"}, {"country": "SYC - Seychelles", "index": "GDI - Gender Development Index", "indicator": "le_m - Life Expectancy at Birth, male (years)", "year": "1998", "value": "64.6316"}, {"country": "SYC - Seychelles", "index": "GDI - Gender Development Index", "indicator": "le_m - Life Expectancy at Birth, male (years)", "year": "1999", "value": "64.8433"}, {"country": "SYC - Seychelles", "index": "GDI - Gender Development Index", "indicator": "le_m - Life Expectancy at Birth, male (years)", "year": "2000", "value": "65.2079"}, {"country": "SYC - Seychelles", "index": "GDI - Gender Development Index", "indicator": "le_m - Life Expectancy at Birth, male (years)", "year": "2001", "value": "65.4161"}, {"country": "SYC - Seychelles", "index": "GDI - Gender Development Index", "indicator": "le_m - Life Expectancy at Birth, male (years)", "year": "2002", "value": "65.7006"}, {"country": "SYC - Seychelles", "index": "GDI - Gender Development Index", "indicator": "le_m - Life Expectancy at Birth, male (years)", "year": "2003", "value": "66.4841"}, {"country": "SYC - Seychelles", "index": "GDI - Gender Development Index", "indicator": "le_m - Life Expectancy at Birth, male (years)", "year": "2004", "value": "66.7011"}, {"country": "SYC - Seychelles", "index": "GDI - Gender Development Index", "indicator": "le_m - Life Expectancy at Birth, male (years)", "year": "2005", "value": "67.1347"}, {"country": "SYC - Seychelles", "index": "GDI - Gender Development Index", "indicator": "le_m - Life Expectancy at Birth, male (years)", "year": "2006", "value": "67.4273"}, {"country": "SYC - Seychelles", "index": "GDI - Gender Development Index", "indicator": "le_m - Life Expectancy at Birth, male (years)", "year": "2007", "value": "67.7966"}, {"country": "SYC - Seychelles", "index": "GDI - Gender Development Index", "indicator": "le_m - Life Expectancy at Birth, male (years)", "year": "2008", "value": "68.1019"}, {"country": "SYC - Seychelles", "index": "GDI - Gender Development Index", "indicator": "le_m - Life Expectancy at Birth, male (years)", "year": "2009", "value": "68.4615"}, {"country": "SYC - Seychelles", "index": "GDI - Gender Development Index", "indicator": "le_m - Life Expectancy at Birth, male (years)", "year": "2010", "value": "68.7966"}, {"country": "SYC - Seychelles", "index": "GDI - Gender Development Index", "indicator": "le_m - Life Expectancy at Birth, male (years)", "year": "2011", "value": "69.624"}, {"country": "SYC - Seychelles", "index": "GDI - Gender Development Index", "indicator": "le_m - Life Expectancy at Birth, male (years)", "year": "2012", "value": "69.7103"}, {"country": "SYC - Seychelles", "index": "GDI - Gender Development Index", "indicator": "le_m - Life Expectancy at Birth, male (years)", "year": "2013", "value": "69.8317"}, {"country": "SYC - Seychelles", "index": "GDI - Gender Development Index", "indicator": "le_m - Life Expectancy at Birth, male (years)", "year": "2014", "value": "69.7039"}, {"country": "SYC - Seychelles", "index": "GDI - Gender Development Index", "indicator": "le_m - Life Expectancy at Birth, male (years)", "year": "2015", "value": "69.7176"}, {"country": "SYC - Seychelles", "index": "GDI - Gender Development Index", "indicator": "le_m - Life Expectancy at Birth, male (years)", "year": "2016", "value": "69.7734"}, {"country": "SYC - Seychelles", "index": "GDI - Gender Development Index", "indicator": "le_m - Life Expectancy at Birth, male (years)", "year": "2017", "value": "69.9813"}, {"country": "SYC - Seychelles", "index": "GDI - Gender Development Index", "indicator": "le_m - Life Expectancy at Birth, male (years)", "year": "2018", "value": "70.1883"}, {"country": "SYC - Seychelles", "index": "GDI - Gender Development Index", "indicator": "le_m - Life Expectancy at Birth, male (years)", "year": "2019", "value": "70.3995"}, {"country": "SYC - Seychelles", "index": "GDI - Gender Development Index", "indicator": "le_m - Life Expectancy at Birth, male (years)", "year": "2020", "value": "69.6524"}, {"country": "SYC - Seychelles", "index": "GDI - Gender Development Index", "indicator": "le_m - Life Expectancy at Birth, male (years)", "year": "2021", "value": "67.7429"}, {"country": "SYC - Seychelles", "index": "IHDI - Inequality-adjusted Human Development Index", "indicator": "loss - Overall loss (%)", "year": "2019", "value": "15.58603491"}, {"country": "SYC - Seychelles", "index": "IHDI - Inequality-adjusted Human Development Index", "indicator": "loss - Overall loss (%)", "year": "2020", "value": "15.889029"}, {"country": "SYC - Seychelles", "index": "IHDI - Inequality-adjusted Human Development Index", "indicator": "loss - Overall loss (%)", "year": "2021", "value": "15.79617834"}, {"country": "SYC - Seychelles", "index": "GII - Gender Inequality Index", "indicator": "mmr - Maternal Mortality Ratio (deaths per 100,000 live births)", "year": "1990", "value": "57"}, {"country": "SYC - Seychelles", "index": "GII - Gender Inequality Index", "indicator": "mmr - Maternal Mortality Ratio (deaths per 100,000 live births)", "year": "1991", "value": "55"}, {"country": "SYC - Seychelles", "index": "GII - Gender Inequality Index", "indicator": "mmr - Maternal Mortality Ratio (deaths per 100,000 live births)", "year": "1992", "value": "54"}, {"country": "SYC - Seychelles", "index": "GII - Gender Inequality Index", "indicator": "mmr - Maternal Mortality Ratio (deaths per 100,000 live births)", "year": "1993", "value": "53"}, {"country": "SYC - Seychelles", "index": "GII - Gender Inequality Index", "indicator": "mmr - Maternal Mortality Ratio (deaths per 100,000 live births)", "year": "1994", "value": "52"}, {"country": "SYC - Seychelles", "index": "GII - Gender Inequality Index", "indicator": "mmr - Maternal Mortality Ratio (deaths per 100,000 live births)", "year": "1995", "value": "52"}, {"country": "SYC - Seychelles", "index": "GII - Gender Inequality Index", "indicator": "mmr - Maternal Mortality Ratio (deaths per 100,000 live births)", "year": "1996", "value": "52"}, {"country": "SYC - Seychelles", "index": "GII - Gender Inequality Index", "indicator": "mmr - Maternal Mortality Ratio (deaths per 100,000 live births)", "year": "1997", "value": "54"}, {"country": "SYC - Seychelles", "index": "GII - Gender Inequality Index", "indicator": "mmr - Maternal Mortality Ratio (deaths per 100,000 live births)", "year": "1998", "value": "53"}, {"country": "SYC - Seychelles", "index": "GII - Gender Inequality Index", "indicator": "mmr - Maternal Mortality Ratio (deaths per 100,000 live births)", "year": "1999", "value": "53"}, {"country": "SYC - Seychelles", "index": "GII - Gender Inequality Index", "indicator": "mmr - Maternal Mortality Ratio (deaths per 100,000 live births)", "year": "2000", "value": "53"}, {"country": "SYC - Seychelles", "index": "GII - Gender Inequality Index", "indicator": "mmr - Maternal Mortality Ratio (deaths per 100,000 live births)", "year": "2001", "value": "54"}, {"country": "SYC - Seychelles", "index": "GII - Gender Inequality Index", "indicator": "mmr - Maternal Mortality Ratio (deaths per 100,000 live births)", "year": "2002", "value": "54"}, {"country": "SYC - Seychelles", "index": "GII - Gender Inequality Index", "indicator": "mmr - Maternal Mortality Ratio (deaths per 100,000 live births)", "year": "2003", "value": "54"}, {"country": "SYC - Seychelles", "index": "GII - Gender Inequality Index", "indicator": "mmr - Maternal Mortality Ratio (deaths per 100,000 live births)", "year": "2004", "value": "55"}, {"country": "SYC - Seychelles", "index": "GII - Gender Inequality Index", "indicator": "mmr - Maternal Mortality Ratio (deaths per 100,000 live births)", "year": "2005", "value": "55"}, {"country": "SYC - Seychelles", "index": "GII - Gender Inequality Index", "indicator": "mmr - Maternal Mortality Ratio (deaths per 100,000 live births)", "year": "2006", "value": "55"}, {"country": "SYC - Seychelles", "index": "GII - Gender Inequality Index", "indicator": "mmr - Maternal Mortality Ratio (deaths per 100,000 live births)", "year": "2007", "value": "55"}, {"country": "SYC - Seychelles", "index": "GII - Gender Inequality Index", "indicator": "mmr - Maternal Mortality Ratio (deaths per 100,000 live births)", "year": "2008", "value": "55"}, {"country": "SYC - Seychelles", "index": "GII - Gender Inequality Index", "indicator": "mmr - Maternal Mortality Ratio (deaths per 100,000 live births)", "year": "2009", "value": "55"}, {"country": "SYC - Seychelles", "index": "GII - Gender Inequality Index", "indicator": "mmr - Maternal Mortality Ratio (deaths per 100,000 live births)", "year": "2010", "value": "55"}, {"country": "SYC - Seychelles", "index": "GII - Gender Inequality Index", "indicator": "mmr - Maternal Mortality Ratio (deaths per 100,000 live births)", "year": "2011", "value": "55"}, {"country": "SYC - Seychelles", "index": "GII - Gender Inequality Index", "indicator": "mmr - Maternal Mortality Ratio (deaths per 100,000 live births)", "year": "2012", "value": "55"}, {"country": "SYC - Seychelles", "index": "GII - Gender Inequality Index", "indicator": "mmr - Maternal Mortality Ratio (deaths per 100,000 live births)", "year": "2013", "value": "55"}, {"country": "SYC - Seychelles", "index": "GII - Gender Inequality Index", "indicator": "mmr - Maternal Mortality Ratio (deaths per 100,000 live births)", "year": "2014", "value": "55"}, {"country": "SYC - Seychelles", "index": "GII - Gender Inequality Index", "indicator": "mmr - Maternal Mortality Ratio (deaths per 100,000 live births)", "year": "2015", "value": "54"}, {"country": "SYC - Seychelles", "index": "GII - Gender Inequality Index", "indicator": "mmr - Maternal Mortality Ratio (deaths per 100,000 live births)", "year": "2016", "value": "54"}, {"country": "SYC - Seychelles", "index": "GII - Gender Inequality Index", "indicator": "mmr - Maternal Mortality Ratio (deaths per 100,000 live births)", "year": "2017", "value": "53"}, {"country": "SYC - Seychelles", "index": "GII - Gender Inequality Index", "indicator": "mmr - Maternal Mortality Ratio (deaths per 100,000 live births)", "year": "2018", "value": "53"}, {"country": "SYC - Seychelles", "index": "GII - Gender Inequality Index", "indicator": "mmr - Maternal Mortality Ratio (deaths per 100,000 live births)", "year": "2019", "value": "53"}, {"country": "SYC - Seychelles", "index": "GII - Gender Inequality Index", "indicator": "mmr - Maternal Mortality Ratio (deaths per 100,000 live births)", "year": "2020", "value": "53"}, {"country": "SYC - Seychelles", "index": "GII - Gender Inequality Index", "indicator": "mmr - Maternal Mortality Ratio (deaths per 100,000 live births)", "year": "2021", "value": "53"}, {"country": "SYC - Seychelles", "index": "HDI - Human Development Index", "indicator": "mys - Mean Years of Schooling (years)", "year": "2000", "value": "10.38021632"}, {"country": "SYC - Seychelles", "index": "HDI - Human Development Index", "indicator": "mys - Mean Years of Schooling (years)", "year": "2001", "value": "10.37509683"}, {"country": "SYC - Seychelles", "index": "HDI - Human Development Index", "indicator": "mys - Mean Years of Schooling (years)", "year": "2002", "value": "10.36997986"}, {"country": "SYC - Seychelles", "index": "HDI - Human Development Index", "indicator": "mys - Mean Years of Schooling (years)", "year": "2003", "value": "10.36487045"}, {"country": "SYC - Seychelles", "index": "HDI - Human Development Index", "indicator": "mys - Mean Years of Schooling (years)", "year": "2004", "value": "10.35976105"}, {"country": "SYC - Seychelles", "index": "HDI - Human Development Index", "indicator": "mys - Mean Years of Schooling (years)", "year": "2005", "value": "10.35465165"}, {"country": "SYC - Seychelles", "index": "HDI - Human Development Index", "indicator": "mys - Mean Years of Schooling (years)", "year": "2006", "value": "10.34954224"}, {"country": "SYC - Seychelles", "index": "HDI - Human Development Index", "indicator": "mys - Mean Years of Schooling (years)", "year": "2007", "value": "10.34443284"}, {"country": "SYC - Seychelles", "index": "HDI - Human Development Index", "indicator": "mys - Mean Years of Schooling (years)", "year": "2008", "value": "10.33932344"}, {"country": "SYC - Seychelles", "index": "HDI - Human Development Index", "indicator": "mys - Mean Years of Schooling (years)", "year": "2009", "value": "10.33421403"}, {"country": "SYC - Seychelles", "index": "HDI - Human Development Index", "indicator": "mys - Mean Years of Schooling (years)", "year": "2010", "value": "10.32910463"}, {"country": "SYC - Seychelles", "index": "HDI - Human Development Index", "indicator": "mys - Mean Years of Schooling (years)", "year": "2011", "value": "10.32399523"}, {"country": "SYC - Seychelles", "index": "HDI - Human Development Index", "indicator": "mys - Mean Years of Schooling (years)", "year": "2012", "value": "10.31888582"}, {"country": "SYC - Seychelles", "index": "HDI - Human Development Index", "indicator": "mys - Mean Years of Schooling (years)", "year": "2013", "value": "10.31377642"}, {"country": "SYC - Seychelles", "index": "HDI - Human Development Index", "indicator": "mys - Mean Years of Schooling (years)", "year": "2014", "value": "10.30866702"}, {"country": "SYC - Seychelles", "index": "HDI - Human Development Index", "indicator": "mys - Mean Years of Schooling (years)", "year": "2015", "value": "10.30355761"}, {"country": "SYC - Seychelles", "index": "HDI - Human Development Index", "indicator": "mys - Mean Years of Schooling (years)", "year": "2016", "value": "10.29844821"}, {"country": "SYC - Seychelles", "index": "HDI - Human Development Index", "indicator": "mys - Mean Years of Schooling (years)", "year": "2017", "value": "10.29333881"}, {"country": "SYC - Seychelles", "index": "HDI - Human Development Index", "indicator": "mys - Mean Years of Schooling (years)", "year": "2018", "value": "10.2882294"}, {"country": "SYC - Seychelles", "index": "HDI - Human Development Index", "indicator": "mys - Mean Years of Schooling (years)", "year": "2019", "value": "10.28312"}, {"country": "SYC - Seychelles", "index": "HDI - Human Development Index", "indicator": "mys - Mean Years of Schooling (years)", "year": "2020", "value": "10.28312"}, {"country": "SYC - Seychelles", "index": "HDI - Human Development Index", "indicator": "mys - Mean Years of Schooling (years)", "year": "2021", "value": "10.28312"}, {"country": "SYC - Seychelles", "index": "GDI - Gender Development Index", "indicator": "mys_f - Mean Years of Schooling, female (years)", "year": "2000", "value": "10.20291375"}, {"country": "SYC - Seychelles", "index": "GDI - Gender Development Index", "indicator": "mys_f - Mean Years of Schooling, female (years)", "year": "2001", "value": "10.20346186"}, {"country": "SYC - Seychelles", "index": "GDI - Gender Development Index", "indicator": "mys_f - Mean Years of Schooling, female (years)", "year": "2002", "value": "10.20401001"}, {"country": "SYC - Seychelles", "index": "GDI - Gender Development Index", "indicator": "mys_f - Mean Years of Schooling, female (years)", "year": "2003", "value": "10.20455824"}, {"country": "SYC - Seychelles", "index": "GDI - Gender Development Index", "indicator": "mys_f - Mean Years of Schooling, female (years)", "year": "2004", "value": "10.20510648"}, {"country": "SYC - Seychelles", "index": "GDI - Gender Development Index", "indicator": "mys_f - Mean Years of Schooling, female (years)", "year": "2005", "value": "10.20565471"}, {"country": "SYC - Seychelles", "index": "GDI - Gender Development Index", "indicator": "mys_f - Mean Years of Schooling, female (years)", "year": "2006", "value": "10.20620295"}, {"country": "SYC - Seychelles", "index": "GDI - Gender Development Index", "indicator": "mys_f - Mean Years of Schooling, female (years)", "year": "2007", "value": "10.20675118"}, {"country": "SYC - Seychelles", "index": "GDI - Gender Development Index", "indicator": "mys_f - Mean Years of Schooling, female (years)", "year": "2008", "value": "10.20729942"}, {"country": "SYC - Seychelles", "index": "GDI - Gender Development Index", "indicator": "mys_f - Mean Years of Schooling, female (years)", "year": "2009", "value": "10.20784765"}, {"country": "SYC - Seychelles", "index": "GDI - Gender Development Index", "indicator": "mys_f - Mean Years of Schooling, female (years)", "year": "2010", "value": "10.20839589"}, {"country": "SYC - Seychelles", "index": "GDI - Gender Development Index", "indicator": "mys_f - Mean Years of Schooling, female (years)", "year": "2011", "value": "10.20894412"}, {"country": "SYC - Seychelles", "index": "GDI - Gender Development Index", "indicator": "mys_f - Mean Years of Schooling, female (years)", "year": "2012", "value": "10.20949236"}, {"country": "SYC - Seychelles", "index": "GDI - Gender Development Index", "indicator": "mys_f - Mean Years of Schooling, female (years)", "year": "2013", "value": "10.21004059"}, {"country": "SYC - Seychelles", "index": "GDI - Gender Development Index", "indicator": "mys_f - Mean Years of Schooling, female (years)", "year": "2014", "value": "10.21058883"}, {"country": "SYC - Seychelles", "index": "GDI - Gender Development Index", "indicator": "mys_f - Mean Years of Schooling, female (years)", "year": "2015", "value": "10.21113706"}, {"country": "SYC - Seychelles", "index": "GDI - Gender Development Index", "indicator": "mys_f - Mean Years of Schooling, female (years)", "year": "2016", "value": "10.2116853"}, {"country": "SYC - Seychelles", "index": "GDI - Gender Development Index", "indicator": "mys_f - Mean Years of Schooling, female (years)", "year": "2017", "value": "10.21223353"}, {"country": "SYC - Seychelles", "index": "GDI - Gender Development Index", "indicator": "mys_f - Mean Years of Schooling, female (years)", "year": "2018", "value": "10.21278177"}, {"country": "SYC - Seychelles", "index": "GDI - Gender Development Index", "indicator": "mys_f - Mean Years of Schooling, female (years)", "year": "2019", "value": "10.21333"}, {"country": "SYC - Seychelles", "index": "GDI - Gender Development Index", "indicator": "mys_f - Mean Years of Schooling, female (years)", "year": "2020", "value": "10.21333"}, {"country": "SYC - Seychelles", "index": "GDI - Gender Development Index", "indicator": "mys_f - Mean Years of Schooling, female (years)", "year": "2021", "value": "10.21333"}, {"country": "SYC - Seychelles", "index": "GDI - Gender Development Index", "indicator": "mys_m - Mean Years of Schooling, male (years)", "year": "2000", "value": "10.56644277"}, {"country": "SYC - Seychelles", "index": "GDI - Gender Development Index", "indicator": "mys_m - Mean Years of Schooling, male (years)", "year": "2001", "value": "10.55575607"}, {"country": "SYC - Seychelles", "index": "GDI - Gender Development Index", "indicator": "mys_m - Mean Years of Schooling, male (years)", "year": "2002", "value": "10.54508018"}, {"country": "SYC - Seychelles", "index": "GDI - Gender Development Index", "indicator": "mys_m - Mean Years of Schooling, male (years)", "year": "2003", "value": "10.53443664"}, {"country": "SYC - Seychelles", "index": "GDI - Gender Development Index", "indicator": "mys_m - Mean Years of Schooling, male (years)", "year": "2004", "value": "10.5237931"}, {"country": "SYC - Seychelles", "index": "GDI - Gender Development Index", "indicator": "mys_m - Mean Years of Schooling, male (years)", "year": "2005", "value": "10.51314956"}, {"country": "SYC - Seychelles", "index": "GDI - Gender Development Index", "indicator": "mys_m - Mean Years of Schooling, male (years)", "year": "2006", "value": "10.50250602"}, {"country": "SYC - Seychelles", "index": "GDI - Gender Development Index", "indicator": "mys_m - Mean Years of Schooling, male (years)", "year": "2007", "value": "10.49186248"}, {"country": "SYC - Seychelles", "index": "GDI - Gender Development Index", "indicator": "mys_m - Mean Years of Schooling, male (years)", "year": "2008", "value": "10.48121894"}, {"country": "SYC - Seychelles", "index": "GDI - Gender Development Index", "indicator": "mys_m - Mean Years of Schooling, male (years)", "year": "2009", "value": "10.4705754"}, {"country": "SYC - Seychelles", "index": "GDI - Gender Development Index", "indicator": "mys_m - Mean Years of Schooling, male (years)", "year": "2010", "value": "10.45993186"}, {"country": "SYC - Seychelles", "index": "GDI - Gender Development Index", "indicator": "mys_m - Mean Years of Schooling, male (years)", "year": "2011", "value": "10.44928832"}, {"country": "SYC - Seychelles", "index": "GDI - Gender Development Index", "indicator": "mys_m - Mean Years of Schooling, male (years)", "year": "2012", "value": "10.43864478"}, {"country": "SYC - Seychelles", "index": "GDI - Gender Development Index", "indicator": "mys_m - Mean Years of Schooling, male (years)", "year": "2013", "value": "10.42800124"}, {"country": "SYC - Seychelles", "index": "GDI - Gender Development Index", "indicator": "mys_m - Mean Years of Schooling, male (years)", "year": "2014", "value": "10.4173577"}, {"country": "SYC - Seychelles", "index": "GDI - Gender Development Index", "indicator": "mys_m - Mean Years of Schooling, male (years)", "year": "2015", "value": "10.40671416"}, {"country": "SYC - Seychelles", "index": "GDI - Gender Development Index", "indicator": "mys_m - Mean Years of Schooling, male (years)", "year": "2016", "value": "10.39607062"}, {"country": "SYC - Seychelles", "index": "GDI - Gender Development Index", "indicator": "mys_m - Mean Years of Schooling, male (years)", "year": "2017", "value": "10.38542708"}, {"country": "SYC - Seychelles", "index": "GDI - Gender Development Index", "indicator": "mys_m - Mean Years of Schooling, male (years)", "year": "2018", "value": "10.37478354"}, {"country": "SYC - Seychelles", "index": "GDI - Gender Development Index", "indicator": "mys_m - Mean Years of Schooling, male (years)", "year": "2019", "value": "10.36414"}, {"country": "SYC - Seychelles", "index": "GDI - Gender Development Index", "indicator": "mys_m - Mean Years of Schooling, male (years)", "year": "2020", "value": "10.36414"}, {"country": "SYC - Seychelles", "index": "GDI - Gender Development Index", "indicator": "mys_m - Mean Years of Schooling, male (years)", "year": "2021", "value": "10.36414"}, {"country": "SYC - Seychelles", "index": "GII - Gender Inequality Index", "indicator": "pr_f - Share of seats in parliament, female (% held by women)", "year": "1990", "value": "27.27272727"}, {"country": "SYC - Seychelles", "index": "GII - Gender Inequality Index", "indicator": "pr_f - Share of seats in parliament, female (% held by women)", "year": "1991", "value": "27.27272727"}, {"country": "SYC - Seychelles", "index": "GII - Gender Inequality Index", "indicator": "pr_f - Share of seats in parliament, female (% held by women)", "year": "1992", "value": "27.27272727"}, {"country": "SYC - Seychelles", "index": "GII - Gender Inequality Index", "indicator": "pr_f - Share of seats in parliament, female (% held by women)", "year": "1993", "value": "27.27272727"}, {"country": "SYC - Seychelles", "index": "GII - Gender Inequality Index", "indicator": "pr_f - Share of seats in parliament, female (% held by women)", "year": "1994", "value": "27.27272727"}, {"country": "SYC - Seychelles", "index": "GII - Gender Inequality Index", "indicator": "pr_f - Share of seats in parliament, female (% held by women)", "year": "1995", "value": "27.27272727"}, {"country": "SYC - Seychelles", "index": "GII - Gender Inequality Index", "indicator": "pr_f - Share of seats in parliament, female (% held by women)", "year": "1996", "value": "27.27272727"}, {"country": "SYC - Seychelles", "index": "GII - Gender Inequality Index", "indicator": "pr_f - Share of seats in parliament, female (% held by women)", "year": "1997", "value": "27.27272727"}, {"country": "SYC - Seychelles", "index": "GII - Gender Inequality Index", "indicator": "pr_f - Share of seats in parliament, female (% held by women)", "year": "1998", "value": "23.52941176"}, {"country": "SYC - Seychelles", "index": "GII - Gender Inequality Index", "indicator": "pr_f - Share of seats in parliament, female (% held by women)", "year": "1999", "value": "23.52941176"}, {"country": "SYC - Seychelles", "index": "GII - Gender Inequality Index", "indicator": "pr_f - Share of seats in parliament, female (% held by women)", "year": "2000", "value": "23.52941176"}, {"country": "SYC - Seychelles", "index": "GII - Gender Inequality Index", "indicator": "pr_f - Share of seats in parliament, female (% held by women)", "year": "2001", "value": "23.52941176"}, {"country": "SYC - Seychelles", "index": "GII - Gender Inequality Index", "indicator": "pr_f - Share of seats in parliament, female (% held by women)", "year": "2002", "value": "29.41176471"}, {"country": "SYC - Seychelles", "index": "GII - Gender Inequality Index", "indicator": "pr_f - Share of seats in parliament, female (% held by women)", "year": "2003", "value": "29.41176471"}, {"country": "SYC - Seychelles", "index": "GII - Gender Inequality Index", "indicator": "pr_f - Share of seats in parliament, female (% held by women)", "year": "2004", "value": "29.41176471"}, {"country": "SYC - Seychelles", "index": "GII - Gender Inequality Index", "indicator": "pr_f - Share of seats in parliament, female (% held by women)", "year": "2005", "value": "29.41176471"}, {"country": "SYC - Seychelles", "index": "GII - Gender Inequality Index", "indicator": "pr_f - Share of seats in parliament, female (% held by women)", "year": "2006", "value": "29.41176471"}, {"country": "SYC - Seychelles", "index": "GII - Gender Inequality Index", "indicator": "pr_f - Share of seats in parliament, female (% held by women)", "year": "2007", "value": "23.52941176"}, {"country": "SYC - Seychelles", "index": "GII - Gender Inequality Index", "indicator": "pr_f - Share of seats in parliament, female (% held by women)", "year": "2008", "value": "23.52941176"}, {"country": "SYC - Seychelles", "index": "GII - Gender Inequality Index", "indicator": "pr_f - Share of seats in parliament, female (% held by women)", "year": "2009", "value": "23.52941176"}, {"country": "SYC - Seychelles", "index": "GII - Gender Inequality Index", "indicator": "pr_f - Share of seats in parliament, female (% held by women)", "year": "2010", "value": "23.52941176"}, {"country": "SYC - Seychelles", "index": "GII - Gender Inequality Index", "indicator": "pr_f - Share of seats in parliament, female (% held by women)", "year": "2011", "value": "43.75"}, {"country": "SYC - Seychelles", "index": "GII - Gender Inequality Index", "indicator": "pr_f - Share of seats in parliament, female (% held by women)", "year": "2012", "value": "43.75"}, {"country": "SYC - Seychelles", "index": "GII - Gender Inequality Index", "indicator": "pr_f - Share of seats in parliament, female (% held by women)", "year": "2013", "value": "43.75"}, {"country": "SYC - Seychelles", "index": "GII - Gender Inequality Index", "indicator": "pr_f - Share of seats in parliament, female (% held by women)", "year": "2014", "value": "43.75"}, {"country": "SYC - Seychelles", "index": "GII - Gender Inequality Index", "indicator": "pr_f - Share of seats in parliament, female (% held by women)", "year": "2015", "value": "43.75"}, {"country": "SYC - Seychelles", "index": "GII - Gender Inequality Index", "indicator": "pr_f - Share of seats in parliament, female (% held by women)", "year": "2016", "value": "21.21212121"}, {"country": "SYC - Seychelles", "index": "GII - Gender Inequality Index", "indicator": "pr_f - Share of seats in parliament, female (% held by women)", "year": "2017", "value": "21.21212121"}, {"country": "SYC - Seychelles", "index": "GII - Gender Inequality Index", "indicator": "pr_f - Share of seats in parliament, female (% held by women)", "year": "2018", "value": "21.21212121"}, {"country": "SYC - Seychelles", "index": "GII - Gender Inequality Index", "indicator": "pr_f - Share of seats in parliament, female (% held by women)", "year": "2019", "value": "21.21212121"}, {"country": "SYC - Seychelles", "index": "GII - Gender Inequality Index", "indicator": "pr_f - Share of seats in parliament, female (% held by women)", "year": "2020", "value": "24.24242424"}, {"country": "SYC - Seychelles", "index": "GII - Gender Inequality Index", "indicator": "pr_f - Share of seats in parliament, female (% held by women)", "year": "2021", "value": "22.85714286"}, {"country": "SYC - Seychelles", "index": "GII - Gender Inequality Index", "indicator": "pr_m - Share of seats in parliament, male (% held by men)", "year": "1990", "value": "72.72727273"}, {"country": "SYC - Seychelles", "index": "GII - Gender Inequality Index", "indicator": "pr_m - Share of seats in parliament, male (% held by men)", "year": "1991", "value": "72.72727273"}, {"country": "SYC - Seychelles", "index": "GII - Gender Inequality Index", "indicator": "pr_m - Share of seats in parliament, male (% held by men)", "year": "1992", "value": "72.72727273"}, {"country": "SYC - Seychelles", "index": "GII - Gender Inequality Index", "indicator": "pr_m - Share of seats in parliament, male (% held by men)", "year": "1993", "value": "72.72727273"}, {"country": "SYC - Seychelles", "index": "GII - Gender Inequality Index", "indicator": "pr_m - Share of seats in parliament, male (% held by men)", "year": "1994", "value": "72.72727273"}, {"country": "SYC - Seychelles", "index": "GII - Gender Inequality Index", "indicator": "pr_m - Share of seats in parliament, male (% held by men)", "year": "1995", "value": "72.72727273"}, {"country": "SYC - Seychelles", "index": "GII - Gender Inequality Index", "indicator": "pr_m - Share of seats in parliament, male (% held by men)", "year": "1996", "value": "72.72727273"}, {"country": "SYC - Seychelles", "index": "GII - Gender Inequality Index", "indicator": "pr_m - Share of seats in parliament, male (% held by men)", "year": "1997", "value": "72.72727273"}, {"country": "SYC - Seychelles", "index": "GII - Gender Inequality Index", "indicator": "pr_m - Share of seats in parliament, male (% held by men)", "year": "1998", "value": "76.47058824"}, {"country": "SYC - Seychelles", "index": "GII - Gender Inequality Index", "indicator": "pr_m - Share of seats in parliament, male (% held by men)", "year": "1999", "value": "76.47058824"}, {"country": "SYC - Seychelles", "index": "GII - Gender Inequality Index", "indicator": "pr_m - Share of seats in parliament, male (% held by men)", "year": "2000", "value": "76.47058824"}, {"country": "SYC - Seychelles", "index": "GII - Gender Inequality Index", "indicator": "pr_m - Share of seats in parliament, male (% held by men)", "year": "2001", "value": "76.47058824"}, {"country": "SYC - Seychelles", "index": "GII - Gender Inequality Index", "indicator": "pr_m - Share of seats in parliament, male (% held by men)", "year": "2002", "value": "70.58823529"}, {"country": "SYC - Seychelles", "index": "GII - Gender Inequality Index", "indicator": "pr_m - Share of seats in parliament, male (% held by men)", "year": "2003", "value": "70.58823529"}, {"country": "SYC - Seychelles", "index": "GII - Gender Inequality Index", "indicator": "pr_m - Share of seats in parliament, male (% held by men)", "year": "2004", "value": "70.58823529"}, {"country": "SYC - Seychelles", "index": "GII - Gender Inequality Index", "indicator": "pr_m - Share of seats in parliament, male (% held by men)", "year": "2005", "value": "70.58823529"}, {"country": "SYC - Seychelles", "index": "GII - Gender Inequality Index", "indicator": "pr_m - Share of seats in parliament, male (% held by men)", "year": "2006", "value": "70.58823529"}, {"country": "SYC - Seychelles", "index": "GII - Gender Inequality Index", "indicator": "pr_m - Share of seats in parliament, male (% held by men)", "year": "2007", "value": "76.47058824"}, {"country": "SYC - Seychelles", "index": "GII - Gender Inequality Index", "indicator": "pr_m - Share of seats in parliament, male (% held by men)", "year": "2008", "value": "76.47058824"}, {"country": "SYC - Seychelles", "index": "GII - Gender Inequality Index", "indicator": "pr_m - Share of seats in parliament, male (% held by men)", "year": "2009", "value": "76.47058824"}, {"country": "SYC - Seychelles", "index": "GII - Gender Inequality Index", "indicator": "pr_m - Share of seats in parliament, male (% held by men)", "year": "2010", "value": "76.47058824"}, {"country": "SYC - Seychelles", "index": "GII - Gender Inequality Index", "indicator": "pr_m - Share of seats in parliament, male (% held by men)", "year": "2011", "value": "56.25"}, {"country": "SYC - Seychelles", "index": "GII - Gender Inequality Index", "indicator": "pr_m - Share of seats in parliament, male (% held by men)", "year": "2012", "value": "56.25"}, {"country": "SYC - Seychelles", "index": "GII - Gender Inequality Index", "indicator": "pr_m - Share of seats in parliament, male (% held by men)", "year": "2013", "value": "56.25"}, {"country": "SYC - Seychelles", "index": "GII - Gender Inequality Index", "indicator": "pr_m - Share of seats in parliament, male (% held by men)", "year": "2014", "value": "56.25"}, {"country": "SYC - Seychelles", "index": "GII - Gender Inequality Index", "indicator": "pr_m - Share of seats in parliament, male (% held by men)", "year": "2015", "value": "56.25"}, {"country": "SYC - Seychelles", "index": "GII - Gender Inequality Index", "indicator": "pr_m - Share of seats in parliament, male (% held by men)", "year": "2016", "value": "78.78787879"}, {"country": "SYC - Seychelles", "index": "GII - Gender Inequality Index", "indicator": "pr_m - Share of seats in parliament, male (% held by men)", "year": "2017", "value": "78.78787879"}, {"country": "SYC - Seychelles", "index": "GII - Gender Inequality Index", "indicator": "pr_m - Share of seats in parliament, male (% held by men)", "year": "2018", "value": "78.78787879"}, {"country": "SYC - Seychelles", "index": "GII - Gender Inequality Index", "indicator": "pr_m - Share of seats in parliament, male (% held by men)", "year": "2019", "value": "78.78787879"}, {"country": "SYC - Seychelles", "index": "GII - Gender Inequality Index", "indicator": "pr_m - Share of seats in parliament, male (% held by men)", "year": "2020", "value": "75.75757576"}, {"country": "SYC - Seychelles", "index": "GII - Gender Inequality Index", "indicator": "pr_m - Share of seats in parliament, male (% held by men)", "year": "2021", "value": "77.14285714"}]