[{"country": "ATG - Antigua and Barbuda", "index": "GII - Gender Inequality Index", "indicator": "abr - Adolescent Birth Rate (births per 1,000 women ages 15-19)", "year": "1990", "value": "82.867"}, {"country": "ATG - Antigua and Barbuda", "index": "GII - Gender Inequality Index", "indicator": "abr - Adolescent Birth Rate (births per 1,000 women ages 15-19)", "year": "1991", "value": "70.292"}, {"country": "ATG - Antigua and Barbuda", "index": "GII - Gender Inequality Index", "indicator": "abr - Adolescent Birth Rate (births per 1,000 women ages 15-19)", "year": "1992", "value": "68.627"}, {"country": "ATG - Antigua and Barbuda", "index": "GII - Gender Inequality Index", "indicator": "abr - Adolescent Birth Rate (births per 1,000 women ages 15-19)", "year": "1993", "value": "63.497"}, {"country": "ATG - Antigua and Barbuda", "index": "GII - Gender Inequality Index", "indicator": "abr - Adolescent Birth Rate (births per 1,000 women ages 15-19)", "year": "1994", "value": "65.405"}, {"country": "ATG - Antigua and Barbuda", "index": "GII - Gender Inequality Index", "indicator": "abr - Adolescent Birth Rate (births per 1,000 women ages 15-19)", "year": "1995", "value": "69.521"}, {"country": "ATG - Antigua and Barbuda", "index": "GII - Gender Inequality Index", "indicator": "abr - Adolescent Birth Rate (births per 1,000 women ages 15-19)", "year": "1996", "value": "70.121"}, {"country": "ATG - Antigua and Barbuda", "index": "GII - Gender Inequality Index", "indicator": "abr - Adolescent Birth Rate (births per 1,000 women ages 15-19)", "year": "1997", "value": "64.099"}, {"country": "ATG - Antigua and Barbuda", "index": "GII - Gender Inequality Index", "indicator": "abr - Adolescent Birth Rate (births per 1,000 women ages 15-19)", "year": "1998", "value": "58.318"}, {"country": "ATG - Antigua and Barbuda", "index": "GII - Gender Inequality Index", "indicator": "abr - Adolescent Birth Rate (births per 1,000 women ages 15-19)", "year": "1999", "value": "57.002"}, {"country": "ATG - Antigua and Barbuda", "index": "GII - Gender Inequality Index", "indicator": "abr - Adolescent Birth Rate (births per 1,000 women ages 15-19)", "year": "2000", "value": "63.429"}, {"country": "ATG - Antigua and Barbuda", "index": "GII - Gender Inequality Index", "indicator": "abr - Adolescent Birth Rate (births per 1,000 women ages 15-19)", "year": "2001", "value": "61.027"}, {"country": "ATG - Antigua and Barbuda", "index": "GII - Gender Inequality Index", "indicator": "abr - Adolescent Birth Rate (births per 1,000 women ages 15-19)", "year": "2002", "value": "56.92"}, {"country": "ATG - Antigua and Barbuda", "index": "GII - Gender Inequality Index", "indicator": "abr - Adolescent Birth Rate (births per 1,000 women ages 15-19)", "year": "2003", "value": "53.757"}, {"country": "ATG - Antigua and Barbuda", "index": "GII - Gender Inequality Index", "indicator": "abr - Adolescent Birth Rate (births per 1,000 women ages 15-19)", "year": "2004", "value": "51.554"}, {"country": "ATG - Antigua and Barbuda", "index": "GII - Gender Inequality Index", "indicator": "abr - Adolescent Birth Rate (births per 1,000 women ages 15-19)", "year": "2005", "value": "49.532"}, {"country": "ATG - Antigua and Barbuda", "index": "GII - Gender Inequality Index", "indicator": "abr - Adolescent Birth Rate (births per 1,000 women ages 15-19)", "year": "2006", "value": "48.18"}, {"country": "ATG - Antigua and Barbuda", "index": "GII - Gender Inequality Index", "indicator": "abr - Adolescent Birth Rate (births per 1,000 women ages 15-19)", "year": "2007", "value": "48.723"}, {"country": "ATG - Antigua and Barbuda", "index": "GII - Gender Inequality Index", "indicator": "abr - Adolescent Birth Rate (births per 1,000 women ages 15-19)", "year": "2008", "value": "54.779"}, {"country": "ATG - Antigua and Barbuda", "index": "GII - Gender Inequality Index", "indicator": "abr - Adolescent Birth Rate (births per 1,000 women ages 15-19)", "year": "2009", "value": "51.622"}, {"country": "ATG - Antigua and Barbuda", "index": "GII - Gender Inequality Index", "indicator": "abr - Adolescent Birth Rate (births per 1,000 women ages 15-19)", "year": "2010", "value": "42.477"}, {"country": "ATG - Antigua and Barbuda", "index": "GII - Gender Inequality Index", "indicator": "abr - Adolescent Birth Rate (births per 1,000 women ages 15-19)", "year": "2011", "value": "40.163"}, {"country": "ATG - Antigua and Barbuda", "index": "GII - Gender Inequality Index", "indicator": "abr - Adolescent Birth Rate (births per 1,000 women ages 15-19)", "year": "2012", "value": "36.808"}, {"country": "ATG - Antigua and Barbuda", "index": "GII - Gender Inequality Index", "indicator": "abr - Adolescent Birth Rate (births per 1,000 women ages 15-19)", "year": "2013", "value": "33.761"}, {"country": "ATG - Antigua and Barbuda", "index": "GII - Gender Inequality Index", "indicator": "abr - Adolescent Birth Rate (births per 1,000 women ages 15-19)", "year": "2014", "value": "33.422"}, {"country": "ATG - Antigua and Barbuda", "index": "GII - Gender Inequality Index", "indicator": "abr - Adolescent Birth Rate (births per 1,000 women ages 15-19)", "year": "2015", "value": "34.834"}, {"country": "ATG - Antigua and Barbuda", "index": "GII - Gender Inequality Index", "indicator": "abr - Adolescent Birth Rate (births per 1,000 women ages 15-19)", "year": "2016", "value": "30.373"}, {"country": "ATG - Antigua and Barbuda", "index": "GII - Gender Inequality Index", "indicator": "abr - Adolescent Birth Rate (births per 1,000 women ages 15-19)", "year": "2017", "value": "30.352"}, {"country": "ATG - Antigua and Barbuda", "index": "GII - Gender Inequality Index", "indicator": "abr - Adolescent Birth Rate (births per 1,000 women ages 15-19)", "year": "2018", "value": "27.548"}, {"country": "ATG - Antigua and Barbuda", "index": "GII - Gender Inequality Index", "indicator": "abr - Adolescent Birth Rate (births per 1,000 women ages 15-19)", "year": "2019", "value": "30.83"}, {"country": "ATG - Antigua and Barbuda", "index": "GII - Gender Inequality Index", "indicator": "abr - Adolescent Birth Rate (births per 1,000 women ages 15-19)", "year": "2020", "value": "32.959"}, {"country": "ATG - Antigua and Barbuda", "index": "GII - Gender Inequality Index", "indicator": "abr - Adolescent Birth Rate (births per 1,000 women ages 15-19)", "year": "2021", "value": "33.11"}, {"country": "ATG - Antigua and Barbuda", "index": "PHDI - Planetary pressures\u2013adjusted Human Development Index", "indicator": "co2_prod - Carbon dioxide emissions per capita (production) (tonnes)", "year": "1990", "value": "3.515864893"}, {"country": "ATG - Antigua and Barbuda", "index": "PHDI - Planetary pressures\u2013adjusted Human Development Index", "indicator": "co2_prod - Carbon dioxide emissions per capita (production) (tonnes)", "year": "1991", "value": "3.353638329"}, {"country": "ATG - Antigua and Barbuda", "index": "PHDI - Planetary pressures\u2013adjusted Human Development Index", "indicator": "co2_prod - Carbon dioxide emissions per capita (production) (tonnes)", "year": "1992", "value": "3.239440989"}, {"country": "ATG - Antigua and Barbuda", "index": "PHDI - Planetary pressures\u2013adjusted Human Development Index", "indicator": "co2_prod - Carbon dioxide emissions per capita (production) (tonnes)", "year": "1993", "value": "3.286559132"}, {"country": "ATG - Antigua and Barbuda", "index": "PHDI - Planetary pressures\u2013adjusted Human Development Index", "indicator": "co2_prod - Carbon dioxide emissions per capita (production) (tonnes)", "year": "1994", "value": "3.216772811"}, {"country": "ATG - Antigua and Barbuda", "index": "PHDI - Planetary pressures\u2013adjusted Human Development Index", "indicator": "co2_prod - Carbon dioxide emissions per capita (production) (tonnes)", "year": "1995", "value": "3.254696374"}, {"country": "ATG - Antigua and Barbuda", "index": "PHDI - Planetary pressures\u2013adjusted Human Development Index", "indicator": "co2_prod - Carbon dioxide emissions per capita (production) (tonnes)", "year": "1996", "value": "3.393897938"}, {"country": "ATG - Antigua and Barbuda", "index": "PHDI - Planetary pressures\u2013adjusted Human Development Index", "indicator": "co2_prod - Carbon dioxide emissions per capita (production) (tonnes)", "year": "1997", "value": "3.576927368"}, {"country": "ATG - Antigua and Barbuda", "index": "PHDI - Planetary pressures\u2013adjusted Human Development Index", "indicator": "co2_prod - Carbon dioxide emissions per capita (production) (tonnes)", "year": "1998", "value": "3.7028843"}, {"country": "ATG - Antigua and Barbuda", "index": "PHDI - Planetary pressures\u2013adjusted Human Development Index", "indicator": "co2_prod - Carbon dioxide emissions per capita (production) (tonnes)", "year": "1999", "value": "3.778155717"}, {"country": "ATG - Antigua and Barbuda", "index": "PHDI - Planetary pressures\u2013adjusted Human Development Index", "indicator": "co2_prod - Carbon dioxide emissions per capita (production) (tonnes)", "year": "2000", "value": "3.856030309"}, {"country": "ATG - Antigua and Barbuda", "index": "PHDI - Planetary pressures\u2013adjusted Human Development Index", "indicator": "co2_prod - Carbon dioxide emissions per capita (production) (tonnes)", "year": "2001", "value": "3.843703051"}, {"country": "ATG - Antigua and Barbuda", "index": "PHDI - Planetary pressures\u2013adjusted Human Development Index", "indicator": "co2_prod - Carbon dioxide emissions per capita (production) (tonnes)", "year": "2002", "value": "4.211763203"}, {"country": "ATG - Antigua and Barbuda", "index": "PHDI - Planetary pressures\u2013adjusted Human Development Index", "indicator": "co2_prod - Carbon dioxide emissions per capita (production) (tonnes)", "year": "2003", "value": "4.43556116"}, {"country": "ATG - Antigua and Barbuda", "index": "PHDI - Planetary pressures\u2013adjusted Human Development Index", "indicator": "co2_prod - Carbon dioxide emissions per capita (production) (tonnes)", "year": "2004", "value": "4.560844453"}, {"country": "ATG - Antigua and Barbuda", "index": "PHDI - Planetary pressures\u2013adjusted Human Development Index", "indicator": "co2_prod - Carbon dioxide emissions per capita (production) (tonnes)", "year": "2005", "value": "4.587614313"}, {"country": "ATG - Antigua and Barbuda", "index": "PHDI - Planetary pressures\u2013adjusted Human Development Index", "indicator": "co2_prod - Carbon dioxide emissions per capita (production) (tonnes)", "year": "2006", "value": "4.651770168"}, {"country": "ATG - Antigua and Barbuda", "index": "PHDI - Planetary pressures\u2013adjusted Human Development Index", "indicator": "co2_prod - Carbon dioxide emissions per capita (production) (tonnes)", "year": "2007", "value": "4.840168519"}, {"country": "ATG - Antigua and Barbuda", "index": "PHDI - Planetary pressures\u2013adjusted Human Development Index", "indicator": "co2_prod - Carbon dioxide emissions per capita (production) (tonnes)", "year": "2008", "value": "4.891272527"}, {"country": "ATG - Antigua and Barbuda", "index": "PHDI - Planetary pressures\u2013adjusted Human Development Index", "indicator": "co2_prod - Carbon dioxide emissions per capita (production) (tonnes)", "year": "2009", "value": "5.110783206"}, {"country": "ATG - Antigua and Barbuda", "index": "PHDI - Planetary pressures\u2013adjusted Human Development Index", "indicator": "co2_prod - Carbon dioxide emissions per capita (production) (tonnes)", "year": "2010", "value": "5.16131231"}, {"country": "ATG - Antigua and Barbuda", "index": "PHDI - Planetary pressures\u2013adjusted Human Development Index", "indicator": "co2_prod - Carbon dioxide emissions per capita (production) (tonnes)", "year": "2011", "value": "4.967227992"}, {"country": "ATG - Antigua and Barbuda", "index": "PHDI - Planetary pressures\u2013adjusted Human Development Index", "indicator": "co2_prod - Carbon dioxide emissions per capita (production) (tonnes)", "year": "2012", "value": "5.065867336"}, {"country": "ATG - Antigua and Barbuda", "index": "PHDI - Planetary pressures\u2013adjusted Human Development Index", "indicator": "co2_prod - Carbon dioxide emissions per capita (production) (tonnes)", "year": "2013", "value": "5.044582368"}, {"country": "ATG - Antigua and Barbuda", "index": "PHDI - Planetary pressures\u2013adjusted Human Development Index", "indicator": "co2_prod - Carbon dioxide emissions per capita (production) (tonnes)", "year": "2014", "value": "4.987575895"}, {"country": "ATG - Antigua and Barbuda", "index": "PHDI - Planetary pressures\u2013adjusted Human Development Index", "indicator": "co2_prod - Carbon dioxide emissions per capita (production) (tonnes)", "year": "2015", "value": "5.129854862"}, {"country": "ATG - Antigua and Barbuda", "index": "PHDI - Planetary pressures\u2013adjusted Human Development Index", "indicator": "co2_prod - Carbon dioxide emissions per capita (production) (tonnes)", "year": "2016", "value": "5.194071535"}, {"country": "ATG - Antigua and Barbuda", "index": "PHDI - Planetary pressures\u2013adjusted Human Development Index", "indicator": "co2_prod - Carbon dioxide emissions per capita (production) (tonnes)", "year": "2017", "value": "5.145138641"}, {"country": "ATG - Antigua and Barbuda", "index": "PHDI - Planetary pressures\u2013adjusted Human Development Index", "indicator": "co2_prod - Carbon dioxide emissions per capita (production) (tonnes)", "year": "2018", "value": "5.175207195"}, {"country": "ATG - Antigua and Barbuda", "index": "PHDI - Planetary pressures\u2013adjusted Human Development Index", "indicator": "co2_prod - Carbon dioxide emissions per capita (production) (tonnes)", "year": "2019", "value": "5.008031467"}, {"country": "ATG - Antigua and Barbuda", "index": "PHDI - Planetary pressures\u2013adjusted Human Development Index", "indicator": "co2_prod - Carbon dioxide emissions per capita (production) (tonnes)", "year": "2020", "value": "4.395122997"}, {"country": "ATG - Antigua and Barbuda", "index": "PHDI - Planetary pressures\u2013adjusted Human Development Index", "indicator": "co2_prod - Carbon dioxide emissions per capita (production) (tonnes)", "year": "2021", "value": "4.395122997"}, {"country": "ATG - Antigua and Barbuda", "index": "HDI - Human Development Index", "indicator": "eys - Expected Years of Schooling (years)", "year": "2007", "value": "15.36161995"}, {"country": "ATG - Antigua and Barbuda", "index": "HDI - Human Development Index", "indicator": "eys - Expected Years of Schooling (years)", "year": "2008", "value": "15.19822979"}, {"country": "ATG - Antigua and Barbuda", "index": "HDI - Human Development Index", "indicator": "eys - Expected Years of Schooling (years)", "year": "2009", "value": "15.03483963"}, {"country": "ATG - Antigua and Barbuda", "index": "HDI - Human Development Index", "indicator": "eys - Expected Years of Schooling (years)", "year": "2010", "value": "14.98256016"}, {"country": "ATG - Antigua and Barbuda", "index": "HDI - Human Development Index", "indicator": "eys - Expected Years of Schooling (years)", "year": "2011", "value": "14.69311047"}, {"country": "ATG - Antigua and Barbuda", "index": "HDI - Human Development Index", "indicator": "eys - Expected Years of Schooling (years)", "year": "2012", "value": "14.85750008"}, {"country": "ATG - Antigua and Barbuda", "index": "HDI - Human Development Index", "indicator": "eys - Expected Years of Schooling (years)", "year": "2013", "value": "14.75945549"}, {"country": "ATG - Antigua and Barbuda", "index": "HDI - Human Development Index", "indicator": "eys - Expected Years of Schooling (years)", "year": "2014", "value": "14.66205789"}, {"country": "ATG - Antigua and Barbuda", "index": "HDI - Human Development Index", "indicator": "eys - Expected Years of Schooling (years)", "year": "2015", "value": "14.56530302"}, {"country": "ATG - Antigua and Barbuda", "index": "HDI - Human Development Index", "indicator": "eys - Expected Years of Schooling (years)", "year": "2016", "value": "14.46918664"}, {"country": "ATG - Antigua and Barbuda", "index": "HDI - Human Development Index", "indicator": "eys - Expected Years of Schooling (years)", "year": "2017", "value": "14.37370453"}, {"country": "ATG - Antigua and Barbuda", "index": "HDI - Human Development Index", "indicator": "eys - Expected Years of Schooling (years)", "year": "2018", "value": "14.27885251"}, {"country": "ATG - Antigua and Barbuda", "index": "HDI - Human Development Index", "indicator": "eys - Expected Years of Schooling (years)", "year": "2019", "value": "14.18462641"}, {"country": "ATG - Antigua and Barbuda", "index": "HDI - Human Development Index", "indicator": "eys - Expected Years of Schooling (years)", "year": "2020", "value": "14.18462641"}, {"country": "ATG - Antigua and Barbuda", "index": "HDI - Human Development Index", "indicator": "eys - Expected Years of Schooling (years)", "year": "2021", "value": "14.18462641"}, {"country": "ATG - Antigua and Barbuda", "index": "GDI - Gender Development Index", "indicator": "eys_f - Expected Years of Schooling, female (years)", "year": "2007", "value": "16.02486038"}, {"country": "ATG - Antigua and Barbuda", "index": "GDI - Gender Development Index", "indicator": "eys_f - Expected Years of Schooling, female (years)", "year": "2008", "value": "15.68946028"}, {"country": "ATG - Antigua and Barbuda", "index": "GDI - Gender Development Index", "indicator": "eys_f - Expected Years of Schooling, female (years)", "year": "2009", "value": "15.35406017"}, {"country": "ATG - Antigua and Barbuda", "index": "GDI - Gender Development Index", "indicator": "eys_f - Expected Years of Schooling, female (years)", "year": "2010", "value": "15.25232983"}, {"country": "ATG - Antigua and Barbuda", "index": "GDI - Gender Development Index", "indicator": "eys_f - Expected Years of Schooling, female (years)", "year": "2011", "value": "14.80840969"}, {"country": "ATG - Antigua and Barbuda", "index": "GDI - Gender Development Index", "indicator": "eys_f - Expected Years of Schooling, female (years)", "year": "2012", "value": "15.65756989"}, {"country": "ATG - Antigua and Barbuda", "index": "GDI - Gender Development Index", "indicator": "eys_f - Expected Years of Schooling, female (years)", "year": "2013", "value": "15.59276321"}, {"country": "ATG - Antigua and Barbuda", "index": "GDI - Gender Development Index", "indicator": "eys_f - Expected Years of Schooling, female (years)", "year": "2014", "value": "15.52822477"}, {"country": "ATG - Antigua and Barbuda", "index": "GDI - Gender Development Index", "indicator": "eys_f - Expected Years of Schooling, female (years)", "year": "2015", "value": "15.46395345"}, {"country": "ATG - Antigua and Barbuda", "index": "GDI - Gender Development Index", "indicator": "eys_f - Expected Years of Schooling, female (years)", "year": "2016", "value": "15.39994815"}, {"country": "ATG - Antigua and Barbuda", "index": "GDI - Gender Development Index", "indicator": "eys_f - Expected Years of Schooling, female (years)", "year": "2017", "value": "15.33620777"}, {"country": "ATG - Antigua and Barbuda", "index": "GDI - Gender Development Index", "indicator": "eys_f - Expected Years of Schooling, female (years)", "year": "2018", "value": "15.27273122"}, {"country": "ATG - Antigua and Barbuda", "index": "GDI - Gender Development Index", "indicator": "eys_f - Expected Years of Schooling, female (years)", "year": "2019", "value": "15.20951739"}, {"country": "ATG - Antigua and Barbuda", "index": "GDI - Gender Development Index", "indicator": "eys_f - Expected Years of Schooling, female (years)", "year": "2020", "value": "15.20951739"}, {"country": "ATG - Antigua and Barbuda", "index": "GDI - Gender Development Index", "indicator": "eys_f - Expected Years of Schooling, female (years)", "year": "2021", "value": "15.20951739"}, {"country": "ATG - Antigua and Barbuda", "index": "GDI - Gender Development Index", "indicator": "eys_m - Expected Years of Schooling, male (years)", "year": "2007", "value": "14.63903046"}, {"country": "ATG - Antigua and Barbuda", "index": "GDI - Gender Development Index", "indicator": "eys_m - Expected Years of Schooling, male (years)", "year": "2008", "value": "14.66203022"}, {"country": "ATG - Antigua and Barbuda", "index": "GDI - Gender Development Index", "indicator": "eys_m - Expected Years of Schooling, male (years)", "year": "2009", "value": "14.68502998"}, {"country": "ATG - Antigua and Barbuda", "index": "GDI - Gender Development Index", "indicator": "eys_m - Expected Years of Schooling, male (years)", "year": "2010", "value": "14.67098045"}, {"country": "ATG - Antigua and Barbuda", "index": "GDI - Gender Development Index", "indicator": "eys_m - Expected Years of Schooling, male (years)", "year": "2011", "value": "14.54601955"}, {"country": "ATG - Antigua and Barbuda", "index": "GDI - Gender Development Index", "indicator": "eys_m - Expected Years of Schooling, male (years)", "year": "2012", "value": "14.01368999"}, {"country": "ATG - Antigua and Barbuda", "index": "GDI - Gender Development Index", "indicator": "eys_m - Expected Years of Schooling, male (years)", "year": "2013", "value": "13.89336641"}, {"country": "ATG - Antigua and Barbuda", "index": "GDI - Gender Development Index", "indicator": "eys_m - Expected Years of Schooling, male (years)", "year": "2014", "value": "13.77407594"}, {"country": "ATG - Antigua and Barbuda", "index": "GDI - Gender Development Index", "indicator": "eys_m - Expected Years of Schooling, male (years)", "year": "2015", "value": "13.65580972"}, {"country": "ATG - Antigua and Barbuda", "index": "GDI - Gender Development Index", "indicator": "eys_m - Expected Years of Schooling, male (years)", "year": "2016", "value": "13.53855895"}, {"country": "ATG - Antigua and Barbuda", "index": "GDI - Gender Development Index", "indicator": "eys_m - Expected Years of Schooling, male (years)", "year": "2017", "value": "13.42231491"}, {"country": "ATG - Antigua and Barbuda", "index": "GDI - Gender Development Index", "indicator": "eys_m - Expected Years of Schooling, male (years)", "year": "2018", "value": "13.30706895"}, {"country": "ATG - Antigua and Barbuda", "index": "GDI - Gender Development Index", "indicator": "eys_m - Expected Years of Schooling, male (years)", "year": "2019", "value": "13.19281252"}, {"country": "ATG - Antigua and Barbuda", "index": "GDI - Gender Development Index", "indicator": "eys_m - Expected Years of Schooling, male (years)", "year": "2020", "value": "13.19281252"}, {"country": "ATG - Antigua and Barbuda", "index": "GDI - Gender Development Index", "indicator": "eys_m - Expected Years of Schooling, male (years)", "year": "2021", "value": "13.19281252"}, {"country": "ATG - Antigua and Barbuda", "index": "HDI - Human Development Index", "indicator": "gnipc - Gross National Income Per Capita (2017 PPP$)", "year": "1990", "value": "13560.30944"}, {"country": "ATG - Antigua and Barbuda", "index": "HDI - Human Development Index", "indicator": "gnipc - Gross National Income Per Capita (2017 PPP$)", "year": "1991", "value": "14154.41386"}, {"country": "ATG - Antigua and Barbuda", "index": "HDI - Human Development Index", "indicator": "gnipc - Gross National Income Per Capita (2017 PPP$)", "year": "1992", "value": "14185.23142"}, {"country": "ATG - Antigua and Barbuda", "index": "HDI - Human Development Index", "indicator": "gnipc - Gross National Income Per Capita (2017 PPP$)", "year": "1993", "value": "14895.35744"}, {"country": "ATG - Antigua and Barbuda", "index": "HDI - Human Development Index", "indicator": "gnipc - Gross National Income Per Capita (2017 PPP$)", "year": "1994", "value": "15516.76116"}, {"country": "ATG - Antigua and Barbuda", "index": "HDI - Human Development Index", "indicator": "gnipc - Gross National Income Per Capita (2017 PPP$)", "year": "1995", "value": "14501.13254"}, {"country": "ATG - Antigua and Barbuda", "index": "HDI - Human Development Index", "indicator": "gnipc - Gross National Income Per Capita (2017 PPP$)", "year": "1996", "value": "15209.58976"}, {"country": "ATG - Antigua and Barbuda", "index": "HDI - Human Development Index", "indicator": "gnipc - Gross National Income Per Capita (2017 PPP$)", "year": "1997", "value": "15843.65803"}, {"country": "ATG - Antigua and Barbuda", "index": "HDI - Human Development Index", "indicator": "gnipc - Gross National Income Per Capita (2017 PPP$)", "year": "1998", "value": "16310.15498"}, {"country": "ATG - Antigua and Barbuda", "index": "HDI - Human Development Index", "indicator": "gnipc - Gross National Income Per Capita (2017 PPP$)", "year": "1999", "value": "16557.38996"}, {"country": "ATG - Antigua and Barbuda", "index": "HDI - Human Development Index", "indicator": "gnipc - Gross National Income Per Capita (2017 PPP$)", "year": "2000", "value": "16065.83719"}, {"country": "ATG - Antigua and Barbuda", "index": "HDI - Human Development Index", "indicator": "gnipc - Gross National Income Per Capita (2017 PPP$)", "year": "2001", "value": "15678.54545"}, {"country": "ATG - Antigua and Barbuda", "index": "HDI - Human Development Index", "indicator": "gnipc - Gross National Income Per Capita (2017 PPP$)", "year": "2002", "value": "15586.60406"}, {"country": "ATG - Antigua and Barbuda", "index": "HDI - Human Development Index", "indicator": "gnipc - Gross National Income Per Capita (2017 PPP$)", "year": "2003", "value": "16396.23817"}, {"country": "ATG - Antigua and Barbuda", "index": "HDI - Human Development Index", "indicator": "gnipc - Gross National Income Per Capita (2017 PPP$)", "year": "2004", "value": "16972.51905"}, {"country": "ATG - Antigua and Barbuda", "index": "HDI - Human Development Index", "indicator": "gnipc - Gross National Income Per Capita (2017 PPP$)", "year": "2005", "value": "18213.73908"}, {"country": "ATG - Antigua and Barbuda", "index": "HDI - Human Development Index", "indicator": "gnipc - Gross National Income Per Capita (2017 PPP$)", "year": "2006", "value": "20253.5277"}, {"country": "ATG - Antigua and Barbuda", "index": "HDI - Human Development Index", "indicator": "gnipc - Gross National Income Per Capita (2017 PPP$)", "year": "2007", "value": "21792.18713"}, {"country": "ATG - Antigua and Barbuda", "index": "HDI - Human Development Index", "indicator": "gnipc - Gross National Income Per Capita (2017 PPP$)", "year": "2008", "value": "21504.71644"}, {"country": "ATG - Antigua and Barbuda", "index": "HDI - Human Development Index", "indicator": "gnipc - Gross National Income Per Capita (2017 PPP$)", "year": "2009", "value": "18698.75383"}, {"country": "ATG - Antigua and Barbuda", "index": "HDI - Human Development Index", "indicator": "gnipc - Gross National Income Per Capita (2017 PPP$)", "year": "2010", "value": "17233.05965"}, {"country": "ATG - Antigua and Barbuda", "index": "HDI - Human Development Index", "indicator": "gnipc - Gross National Income Per Capita (2017 PPP$)", "year": "2011", "value": "16539.63424"}, {"country": "ATG - Antigua and Barbuda", "index": "HDI - Human Development Index", "indicator": "gnipc - Gross National Income Per Capita (2017 PPP$)", "year": "2012", "value": "16745.79664"}, {"country": "ATG - Antigua and Barbuda", "index": "HDI - Human Development Index", "indicator": "gnipc - Gross National Income Per Capita (2017 PPP$)", "year": "2013", "value": "16722.97555"}, {"country": "ATG - Antigua and Barbuda", "index": "HDI - Human Development Index", "indicator": "gnipc - Gross National Income Per Capita (2017 PPP$)", "year": "2014", "value": "17119.31079"}, {"country": "ATG - Antigua and Barbuda", "index": "HDI - Human Development Index", "indicator": "gnipc - Gross National Income Per Capita (2017 PPP$)", "year": "2015", "value": "17679.66135"}, {"country": "ATG - Antigua and Barbuda", "index": "HDI - Human Development Index", "indicator": "gnipc - Gross National Income Per Capita (2017 PPP$)", "year": "2016", "value": "18421.76805"}, {"country": "ATG - Antigua and Barbuda", "index": "HDI - Human Development Index", "indicator": "gnipc - Gross National Income Per Capita (2017 PPP$)", "year": "2017", "value": "18775.95101"}, {"country": "ATG - Antigua and Barbuda", "index": "HDI - Human Development Index", "indicator": "gnipc - Gross National Income Per Capita (2017 PPP$)", "year": "2018", "value": "19857.12506"}, {"country": "ATG - Antigua and Barbuda", "index": "HDI - Human Development Index", "indicator": "gnipc - Gross National Income Per Capita (2017 PPP$)", "year": "2019", "value": "20600.95888"}, {"country": "ATG - Antigua and Barbuda", "index": "HDI - Human Development Index", "indicator": "gnipc - Gross National Income Per Capita (2017 PPP$)", "year": "2020", "value": "16265.29515"}, {"country": "ATG - Antigua and Barbuda", "index": "HDI - Human Development Index", "indicator": "gnipc - Gross National Income Per Capita (2017 PPP$)", "year": "2021", "value": "16792.36595"}, {"country": "ATG - Antigua and Barbuda", "index": "HDI - Human Development Index", "indicator": "hdi - Human Development Index (value)", "year": "2007", "value": "0.802"}, {"country": "ATG - Antigua and Barbuda", "index": "HDI - Human Development Index", "indicator": "hdi - Human Development Index (value)", "year": "2008", "value": "0.801"}, {"country": "ATG - Antigua and Barbuda", "index": "HDI - Human Development Index", "indicator": "hdi - Human Development Index (value)", "year": "2009", "value": "0.795"}, {"country": "ATG - Antigua and Barbuda", "index": "HDI - Human Development Index", "indicator": "hdi - Human Development Index (value)", "year": "2010", "value": "0.79"}, {"country": "ATG - Antigua and Barbuda", "index": "HDI - Human Development Index", "indicator": "hdi - Human Development Index (value)", "year": "2011", "value": "0.783"}, {"country": "ATG - Antigua and Barbuda", "index": "HDI - Human Development Index", "indicator": "hdi - Human Development Index (value)", "year": "2012", "value": "0.787"}, {"country": "ATG - Antigua and Barbuda", "index": "HDI - Human Development Index", "indicator": "hdi - Human Development Index (value)", "year": "2013", "value": "0.787"}, {"country": "ATG - Antigua and Barbuda", "index": "HDI - Human Development Index", "indicator": "hdi - Human Development Index (value)", "year": "2014", "value": "0.789"}, {"country": "ATG - Antigua and Barbuda", "index": "HDI - Human Development Index", "indicator": "hdi - Human Development Index (value)", "year": "2015", "value": "0.791"}, {"country": "ATG - Antigua and Barbuda", "index": "HDI - Human Development Index", "indicator": "hdi - Human Development Index (value)", "year": "2016", "value": "0.794"}, {"country": "ATG - Antigua and Barbuda", "index": "HDI - Human Development Index", "indicator": "hdi - Human Development Index (value)", "year": "2017", "value": "0.795"}, {"country": "ATG - Antigua and Barbuda", "index": "HDI - Human Development Index", "indicator": "hdi - Human Development Index (value)", "year": "2018", "value": "0.798"}, {"country": "ATG - Antigua and Barbuda", "index": "HDI - Human Development Index", "indicator": "hdi - Human Development Index (value)", "year": "2019", "value": "0.8"}, {"country": "ATG - Antigua and Barbuda", "index": "HDI - Human Development Index", "indicator": "hdi - Human Development Index (value)", "year": "2020", "value": "0.788"}, {"country": "ATG - Antigua and Barbuda", "index": "HDI - Human Development Index", "indicator": "hdi - Human Development Index (value)", "year": "2021", "value": "0.788"}, {"country": "ATG - Antigua and Barbuda", "index": "HDI - Human Development Index", "indicator": "hdi_rank - HDI Rank", "year": "2021", "value": "71"}, {"country": "ATG - Antigua and Barbuda", "index": "IHDI - Inequality-adjusted Human Development Index", "indicator": "ineq_le - Inequality in life expectancy", "year": "2010", "value": "6.892321587"}, {"country": "ATG - Antigua and Barbuda", "index": "IHDI - Inequality-adjusted Human Development Index", "indicator": "ineq_le - Inequality in life expectancy", "year": "2011", "value": "6.621734619"}, {"country": "ATG - Antigua and Barbuda", "index": "IHDI - Inequality-adjusted Human Development Index", "indicator": "ineq_le - Inequality in life expectancy", "year": "2012", "value": "6.364239216"}, {"country": "ATG - Antigua and Barbuda", "index": "IHDI - Inequality-adjusted Human Development Index", "indicator": "ineq_le - Inequality in life expectancy", "year": "2013", "value": "6.124629498"}, {"country": "ATG - Antigua and Barbuda", "index": "IHDI - Inequality-adjusted Human Development Index", "indicator": "ineq_le - Inequality in life expectancy", "year": "2014", "value": "5.897801399"}, {"country": "ATG - Antigua and Barbuda", "index": "IHDI - Inequality-adjusted Human Development Index", "indicator": "ineq_le - Inequality in life expectancy", "year": "2015", "value": "5.703820705"}, {"country": "ATG - Antigua and Barbuda", "index": "IHDI - Inequality-adjusted Human Development Index", "indicator": "ineq_le - Inequality in life expectancy", "year": "2016", "value": "5.523726463"}, {"country": "ATG - Antigua and Barbuda", "index": "IHDI - Inequality-adjusted Human Development Index", "indicator": "ineq_le - Inequality in life expectancy", "year": "2017", "value": "5.408444405"}, {"country": "ATG - Antigua and Barbuda", "index": "IHDI - Inequality-adjusted Human Development Index", "indicator": "ineq_le - Inequality in life expectancy", "year": "2018", "value": "5.198716164"}, {"country": "ATG - Antigua and Barbuda", "index": "IHDI - Inequality-adjusted Human Development Index", "indicator": "ineq_le - Inequality in life expectancy", "year": "2019", "value": "5.049022675"}, {"country": "ATG - Antigua and Barbuda", "index": "IHDI - Inequality-adjusted Human Development Index", "indicator": "ineq_le - Inequality in life expectancy", "year": "2020", "value": "4.947394848"}, {"country": "ATG - Antigua and Barbuda", "index": "IHDI - Inequality-adjusted Human Development Index", "indicator": "ineq_le - Inequality in life expectancy", "year": "2021", "value": "4.746305943"}, {"country": "ATG - Antigua and Barbuda", "index": "HDI - Human Development Index", "indicator": "le - Life Expectancy at Birth (years)", "year": "1990", "value": "73.4922"}, {"country": "ATG - Antigua and Barbuda", "index": "HDI - Human Development Index", "indicator": "le - Life Expectancy at Birth (years)", "year": "1991", "value": "73.4354"}, {"country": "ATG - Antigua and Barbuda", "index": "HDI - Human Development Index", "indicator": "le - Life Expectancy at Birth (years)", "year": "1992", "value": "73.4168"}, {"country": "ATG - Antigua and Barbuda", "index": "HDI - Human Development Index", "indicator": "le - Life Expectancy at Birth (years)", "year": "1993", "value": "73.4819"}, {"country": "ATG - Antigua and Barbuda", "index": "HDI - Human Development Index", "indicator": "le - Life Expectancy at Birth (years)", "year": "1994", "value": "73.5912"}, {"country": "ATG - Antigua and Barbuda", "index": "HDI - Human Development Index", "indicator": "le - Life Expectancy at Birth (years)", "year": "1995", "value": "73.6363"}, {"country": "ATG - Antigua and Barbuda", "index": "HDI - Human Development Index", "indicator": "le - Life Expectancy at Birth (years)", "year": "1996", "value": "73.8291"}, {"country": "ATG - Antigua and Barbuda", "index": "HDI - Human Development Index", "indicator": "le - Life Expectancy at Birth (years)", "year": "1997", "value": "73.9603"}, {"country": "ATG - Antigua and Barbuda", "index": "HDI - Human Development Index", "indicator": "le - Life Expectancy at Birth (years)", "year": "1998", "value": "74.0413"}, {"country": "ATG - Antigua and Barbuda", "index": "HDI - Human Development Index", "indicator": "le - Life Expectancy at Birth (years)", "year": "1999", "value": "74.3467"}, {"country": "ATG - Antigua and Barbuda", "index": "HDI - Human Development Index", "indicator": "le - Life Expectancy at Birth (years)", "year": "2000", "value": "74.6058"}, {"country": "ATG - Antigua and Barbuda", "index": "HDI - Human Development Index", "indicator": "le - Life Expectancy at Birth (years)", "year": "2001", "value": "75.0781"}, {"country": "ATG - Antigua and Barbuda", "index": "HDI - Human Development Index", "indicator": "le - Life Expectancy at Birth (years)", "year": "2002", "value": "75.5357"}, {"country": "ATG - Antigua and Barbuda", "index": "HDI - Human Development Index", "indicator": "le - Life Expectancy at Birth (years)", "year": "2003", "value": "75.4778"}, {"country": "ATG - Antigua and Barbuda", "index": "HDI - Human Development Index", "indicator": "le - Life Expectancy at Birth (years)", "year": "2004", "value": "75.6721"}, {"country": "ATG - Antigua and Barbuda", "index": "HDI - Human Development Index", "indicator": "le - Life Expectancy at Birth (years)", "year": "2005", "value": "75.8254"}, {"country": "ATG - Antigua and Barbuda", "index": "HDI - Human Development Index", "indicator": "le - Life Expectancy at Birth (years)", "year": "2006", "value": "75.7647"}, {"country": "ATG - Antigua and Barbuda", "index": "HDI - Human Development Index", "indicator": "le - Life Expectancy at Birth (years)", "year": "2007", "value": "76.1311"}, {"country": "ATG - Antigua and Barbuda", "index": "HDI - Human Development Index", "indicator": "le - Life Expectancy at Birth (years)", "year": "2008", "value": "76.4103"}, {"country": "ATG - Antigua and Barbuda", "index": "HDI - Human Development Index", "indicator": "le - Life Expectancy at Birth (years)", "year": "2009", "value": "76.6694"}, {"country": "ATG - Antigua and Barbuda", "index": "HDI - Human Development Index", "indicator": "le - Life Expectancy at Birth (years)", "year": "2010", "value": "76.8195"}, {"country": "ATG - Antigua and Barbuda", "index": "HDI - Human Development Index", "indicator": "le - Life Expectancy at Birth (years)", "year": "2011", "value": "77.1038"}, {"country": "ATG - Antigua and Barbuda", "index": "HDI - Human Development Index", "indicator": "le - Life Expectancy at Birth (years)", "year": "2012", "value": "77.3502"}, {"country": "ATG - Antigua and Barbuda", "index": "HDI - Human Development Index", "indicator": "le - Life Expectancy at Birth (years)", "year": "2013", "value": "77.5834"}, {"country": "ATG - Antigua and Barbuda", "index": "HDI - Human Development Index", "indicator": "le - Life Expectancy at Birth (years)", "year": "2014", "value": "77.8577"}, {"country": "ATG - Antigua and Barbuda", "index": "HDI - Human Development Index", "indicator": "le - Life Expectancy at Birth (years)", "year": "2015", "value": "77.9127"}, {"country": "ATG - Antigua and Barbuda", "index": "HDI - Human Development Index", "indicator": "le - Life Expectancy at Birth (years)", "year": "2016", "value": "78.1516"}, {"country": "ATG - Antigua and Barbuda", "index": "HDI - Human Development Index", "indicator": "le - Life Expectancy at Birth (years)", "year": "2017", "value": "78.2683"}, {"country": "ATG - Antigua and Barbuda", "index": "HDI - Human Development Index", "indicator": "le - Life Expectancy at Birth (years)", "year": "2018", "value": "78.5112"}, {"country": "ATG - Antigua and Barbuda", "index": "HDI - Human Development Index", "indicator": "le - Life Expectancy at Birth (years)", "year": "2019", "value": "78.6912"}, {"country": "ATG - Antigua and Barbuda", "index": "HDI - Human Development Index", "indicator": "le - Life Expectancy at Birth (years)", "year": "2020", "value": "78.8406"}, {"country": "ATG - Antigua and Barbuda", "index": "HDI - Human Development Index", "indicator": "le - Life Expectancy at Birth (years)", "year": "2021", "value": "78.4968"}, {"country": "ATG - Antigua and Barbuda", "index": "GDI - Gender Development Index", "indicator": "le_f - Life Expectancy at Birth, female (years)", "year": "1990", "value": "75.9699"}, {"country": "ATG - Antigua and Barbuda", "index": "GDI - Gender Development Index", "indicator": "le_f - Life Expectancy at Birth, female (years)", "year": "1991", "value": "75.8949"}, {"country": "ATG - Antigua and Barbuda", "index": "GDI - Gender Development Index", "indicator": "le_f - Life Expectancy at Birth, female (years)", "year": "1992", "value": "75.9413"}, {"country": "ATG - Antigua and Barbuda", "index": "GDI - Gender Development Index", "indicator": "le_f - Life Expectancy at Birth, female (years)", "year": "1993", "value": "75.8345"}, {"country": "ATG - Antigua and Barbuda", "index": "GDI - Gender Development Index", "indicator": "le_f - Life Expectancy at Birth, female (years)", "year": "1994", "value": "76.0631"}, {"country": "ATG - Antigua and Barbuda", "index": "GDI - Gender Development Index", "indicator": "le_f - Life Expectancy at Birth, female (years)", "year": "1995", "value": "76.2225"}, {"country": "ATG - Antigua and Barbuda", "index": "GDI - Gender Development Index", "indicator": "le_f - Life Expectancy at Birth, female (years)", "year": "1996", "value": "76.5423"}, {"country": "ATG - Antigua and Barbuda", "index": "GDI - Gender Development Index", "indicator": "le_f - Life Expectancy at Birth, female (years)", "year": "1997", "value": "76.7679"}, {"country": "ATG - Antigua and Barbuda", "index": "GDI - Gender Development Index", "indicator": "le_f - Life Expectancy at Birth, female (years)", "year": "1998", "value": "76.9636"}, {"country": "ATG - Antigua and Barbuda", "index": "GDI - Gender Development Index", "indicator": "le_f - Life Expectancy at Birth, female (years)", "year": "1999", "value": "77.2366"}, {"country": "ATG - Antigua and Barbuda", "index": "GDI - Gender Development Index", "indicator": "le_f - Life Expectancy at Birth, female (years)", "year": "2000", "value": "77.6203"}, {"country": "ATG - Antigua and Barbuda", "index": "GDI - Gender Development Index", "indicator": "le_f - Life Expectancy at Birth, female (years)", "year": "2001", "value": "78.1358"}, {"country": "ATG - Antigua and Barbuda", "index": "GDI - Gender Development Index", "indicator": "le_f - Life Expectancy at Birth, female (years)", "year": "2002", "value": "78.4335"}, {"country": "ATG - Antigua and Barbuda", "index": "GDI - Gender Development Index", "indicator": "le_f - Life Expectancy at Birth, female (years)", "year": "2003", "value": "78.0095"}, {"country": "ATG - Antigua and Barbuda", "index": "GDI - Gender Development Index", "indicator": "le_f - Life Expectancy at Birth, female (years)", "year": "2004", "value": "77.9639"}, {"country": "ATG - Antigua and Barbuda", "index": "GDI - Gender Development Index", "indicator": "le_f - Life Expectancy at Birth, female (years)", "year": "2005", "value": "78.3687"}, {"country": "ATG - Antigua and Barbuda", "index": "GDI - Gender Development Index", "indicator": "le_f - Life Expectancy at Birth, female (years)", "year": "2006", "value": "78.3494"}, {"country": "ATG - Antigua and Barbuda", "index": "GDI - Gender Development Index", "indicator": "le_f - Life Expectancy at Birth, female (years)", "year": "2007", "value": "78.7686"}, {"country": "ATG - Antigua and Barbuda", "index": "GDI - Gender Development Index", "indicator": "le_f - Life Expectancy at Birth, female (years)", "year": "2008", "value": "79.088"}, {"country": "ATG - Antigua and Barbuda", "index": "GDI - Gender Development Index", "indicator": "le_f - Life Expectancy at Birth, female (years)", "year": "2009", "value": "79.3047"}, {"country": "ATG - Antigua and Barbuda", "index": "GDI - Gender Development Index", "indicator": "le_f - Life Expectancy at Birth, female (years)", "year": "2010", "value": "79.434"}, {"country": "ATG - Antigua and Barbuda", "index": "GDI - Gender Development Index", "indicator": "le_f - Life Expectancy at Birth, female (years)", "year": "2011", "value": "79.7063"}, {"country": "ATG - Antigua and Barbuda", "index": "GDI - Gender Development Index", "indicator": "le_f - Life Expectancy at Birth, female (years)", "year": "2012", "value": "79.9614"}, {"country": "ATG - Antigua and Barbuda", "index": "GDI - Gender Development Index", "indicator": "le_f - Life Expectancy at Birth, female (years)", "year": "2013", "value": "80.2303"}, {"country": "ATG - Antigua and Barbuda", "index": "GDI - Gender Development Index", "indicator": "le_f - Life Expectancy at Birth, female (years)", "year": "2014", "value": "80.5354"}, {"country": "ATG - Antigua and Barbuda", "index": "GDI - Gender Development Index", "indicator": "le_f - Life Expectancy at Birth, female (years)", "year": "2015", "value": "80.3888"}, {"country": "ATG - Antigua and Barbuda", "index": "GDI - Gender Development Index", "indicator": "le_f - Life Expectancy at Birth, female (years)", "year": "2016", "value": "80.6451"}, {"country": "ATG - Antigua and Barbuda", "index": "GDI - Gender Development Index", "indicator": "le_f - Life Expectancy at Birth, female (years)", "year": "2017", "value": "80.7206"}, {"country": "ATG - Antigua and Barbuda", "index": "GDI - Gender Development Index", "indicator": "le_f - Life Expectancy at Birth, female (years)", "year": "2018", "value": "81.0003"}, {"country": "ATG - Antigua and Barbuda", "index": "GDI - Gender Development Index", "indicator": "le_f - Life Expectancy at Birth, female (years)", "year": "2019", "value": "81.1709"}, {"country": "ATG - Antigua and Barbuda", "index": "GDI - Gender Development Index", "indicator": "le_f - Life Expectancy at Birth, female (years)", "year": "2020", "value": "81.3155"}, {"country": "ATG - Antigua and Barbuda", "index": "GDI - Gender Development Index", "indicator": "le_f - Life Expectancy at Birth, female (years)", "year": "2021", "value": "80.9411"}, {"country": "ATG - Antigua and Barbuda", "index": "GDI - Gender Development Index", "indicator": "le_m - Life Expectancy at Birth, male (years)", "year": "1990", "value": "70.8988"}, {"country": "ATG - Antigua and Barbuda", "index": "GDI - Gender Development Index", "indicator": "le_m - Life Expectancy at Birth, male (years)", "year": "1991", "value": "70.881"}, {"country": "ATG - Antigua and Barbuda", "index": "GDI - Gender Development Index", "indicator": "le_m - Life Expectancy at Birth, male (years)", "year": "1992", "value": "70.8083"}, {"country": "ATG - Antigua and Barbuda", "index": "GDI - Gender Development Index", "indicator": "le_m - Life Expectancy at Birth, male (years)", "year": "1993", "value": "71.0277"}, {"country": "ATG - Antigua and Barbuda", "index": "GDI - Gender Development Index", "indicator": "le_m - Life Expectancy at Birth, male (years)", "year": "1994", "value": "71.0287"}, {"country": "ATG - Antigua and Barbuda", "index": "GDI - Gender Development Index", "indicator": "le_m - Life Expectancy at Birth, male (years)", "year": "1995", "value": "70.9711"}, {"country": "ATG - Antigua and Barbuda", "index": "GDI - Gender Development Index", "indicator": "le_m - Life Expectancy at Birth, male (years)", "year": "1996", "value": "71.0468"}, {"country": "ATG - Antigua and Barbuda", "index": "GDI - Gender Development Index", "indicator": "le_m - Life Expectancy at Birth, male (years)", "year": "1997", "value": "71.087"}, {"country": "ATG - Antigua and Barbuda", "index": "GDI - Gender Development Index", "indicator": "le_m - Life Expectancy at Birth, male (years)", "year": "1998", "value": "71.0581"}, {"country": "ATG - Antigua and Barbuda", "index": "GDI - Gender Development Index", "indicator": "le_m - Life Expectancy at Birth, male (years)", "year": "1999", "value": "71.3684"}, {"country": "ATG - Antigua and Barbuda", "index": "GDI - Gender Development Index", "indicator": "le_m - Life Expectancy at Birth, male (years)", "year": "2000", "value": "71.5026"}, {"country": "ATG - Antigua and Barbuda", "index": "GDI - Gender Development Index", "indicator": "le_m - Life Expectancy at Birth, male (years)", "year": "2001", "value": "71.9121"}, {"country": "ATG - Antigua and Barbuda", "index": "GDI - Gender Development Index", "indicator": "le_m - Life Expectancy at Birth, male (years)", "year": "2002", "value": "72.4796"}, {"country": "ATG - Antigua and Barbuda", "index": "GDI - Gender Development Index", "indicator": "le_m - Life Expectancy at Birth, male (years)", "year": "2003", "value": "72.7418"}, {"country": "ATG - Antigua and Barbuda", "index": "GDI - Gender Development Index", "indicator": "le_m - Life Expectancy at Birth, male (years)", "year": "2004", "value": "73.1526"}, {"country": "ATG - Antigua and Barbuda", "index": "GDI - Gender Development Index", "indicator": "le_m - Life Expectancy at Birth, male (years)", "year": "2005", "value": "73.07"}, {"country": "ATG - Antigua and Barbuda", "index": "GDI - Gender Development Index", "indicator": "le_m - Life Expectancy at Birth, male (years)", "year": "2006", "value": "72.9719"}, {"country": "ATG - Antigua and Barbuda", "index": "GDI - Gender Development Index", "indicator": "le_m - Life Expectancy at Birth, male (years)", "year": "2007", "value": "73.2774"}, {"country": "ATG - Antigua and Barbuda", "index": "GDI - Gender Development Index", "indicator": "le_m - Life Expectancy at Birth, male (years)", "year": "2008", "value": "73.5093"}, {"country": "ATG - Antigua and Barbuda", "index": "GDI - Gender Development Index", "indicator": "le_m - Life Expectancy at Birth, male (years)", "year": "2009", "value": "73.7959"}, {"country": "ATG - Antigua and Barbuda", "index": "GDI - Gender Development Index", "indicator": "le_m - Life Expectancy at Birth, male (years)", "year": "2010", "value": "73.9589"}, {"country": "ATG - Antigua and Barbuda", "index": "GDI - Gender Development Index", "indicator": "le_m - Life Expectancy at Birth, male (years)", "year": "2011", "value": "74.244"}, {"country": "ATG - Antigua and Barbuda", "index": "GDI - Gender Development Index", "indicator": "le_m - Life Expectancy at Birth, male (years)", "year": "2012", "value": "74.4763"}, {"country": "ATG - Antigua and Barbuda", "index": "GDI - Gender Development Index", "indicator": "le_m - Life Expectancy at Birth, male (years)", "year": "2013", "value": "74.6708"}, {"country": "ATG - Antigua and Barbuda", "index": "GDI - Gender Development Index", "indicator": "le_m - Life Expectancy at Birth, male (years)", "year": "2014", "value": "74.9084"}, {"country": "ATG - Antigua and Barbuda", "index": "GDI - Gender Development Index", "indicator": "le_m - Life Expectancy at Birth, male (years)", "year": "2015", "value": "75.1483"}, {"country": "ATG - Antigua and Barbuda", "index": "GDI - Gender Development Index", "indicator": "le_m - Life Expectancy at Birth, male (years)", "year": "2016", "value": "75.3657"}, {"country": "ATG - Antigua and Barbuda", "index": "GDI - Gender Development Index", "indicator": "le_m - Life Expectancy at Birth, male (years)", "year": "2017", "value": "75.5196"}, {"country": "ATG - Antigua and Barbuda", "index": "GDI - Gender Development Index", "indicator": "le_m - Life Expectancy at Birth, male (years)", "year": "2018", "value": "75.7235"}, {"country": "ATG - Antigua and Barbuda", "index": "GDI - Gender Development Index", "indicator": "le_m - Life Expectancy at Birth, male (years)", "year": "2019", "value": "75.9093"}, {"country": "ATG - Antigua and Barbuda", "index": "GDI - Gender Development Index", "indicator": "le_m - Life Expectancy at Birth, male (years)", "year": "2020", "value": "76.0605"}, {"country": "ATG - Antigua and Barbuda", "index": "GDI - Gender Development Index", "indicator": "le_m - Life Expectancy at Birth, male (years)", "year": "2021", "value": "75.7753"}, {"country": "ATG - Antigua and Barbuda", "index": "GII - Gender Inequality Index", "indicator": "mmr - Maternal Mortality Ratio (deaths per 100,000 live births)", "year": "1990", "value": "54"}, {"country": "ATG - Antigua and Barbuda", "index": "GII - Gender Inequality Index", "indicator": "mmr - Maternal Mortality Ratio (deaths per 100,000 live births)", "year": "1991", "value": "54"}, {"country": "ATG - Antigua and Barbuda", "index": "GII - Gender Inequality Index", "indicator": "mmr - Maternal Mortality Ratio (deaths per 100,000 live births)", "year": "1992", "value": "55"}, {"country": "ATG - Antigua and Barbuda", "index": "GII - Gender Inequality Index", "indicator": "mmr - Maternal Mortality Ratio (deaths per 100,000 live births)", "year": "1993", "value": "52"}, {"country": "ATG - Antigua and Barbuda", "index": "GII - Gender Inequality Index", "indicator": "mmr - Maternal Mortality Ratio (deaths per 100,000 live births)", "year": "1994", "value": "52"}, {"country": "ATG - Antigua and Barbuda", "index": "GII - Gender Inequality Index", "indicator": "mmr - Maternal Mortality Ratio (deaths per 100,000 live births)", "year": "1995", "value": "51"}, {"country": "ATG - Antigua and Barbuda", "index": "GII - Gender Inequality Index", "indicator": "mmr - Maternal Mortality Ratio (deaths per 100,000 live births)", "year": "1996", "value": "51"}, {"country": "ATG - Antigua and Barbuda", "index": "GII - Gender Inequality Index", "indicator": "mmr - Maternal Mortality Ratio (deaths per 100,000 live births)", "year": "1997", "value": "52"}, {"country": "ATG - Antigua and Barbuda", "index": "GII - Gender Inequality Index", "indicator": "mmr - Maternal Mortality Ratio (deaths per 100,000 live births)", "year": "1998", "value": "50"}, {"country": "ATG - Antigua and Barbuda", "index": "GII - Gender Inequality Index", "indicator": "mmr - Maternal Mortality Ratio (deaths per 100,000 live births)", "year": "1999", "value": "49"}, {"country": "ATG - Antigua and Barbuda", "index": "GII - Gender Inequality Index", "indicator": "mmr - Maternal Mortality Ratio (deaths per 100,000 live births)", "year": "2000", "value": "44"}, {"country": "ATG - Antigua and Barbuda", "index": "GII - Gender Inequality Index", "indicator": "mmr - Maternal Mortality Ratio (deaths per 100,000 live births)", "year": "2001", "value": "44"}, {"country": "ATG - Antigua and Barbuda", "index": "GII - Gender Inequality Index", "indicator": "mmr - Maternal Mortality Ratio (deaths per 100,000 live births)", "year": "2002", "value": "43"}, {"country": "ATG - Antigua and Barbuda", "index": "GII - Gender Inequality Index", "indicator": "mmr - Maternal Mortality Ratio (deaths per 100,000 live births)", "year": "2003", "value": "44"}, {"country": "ATG - Antigua and Barbuda", "index": "GII - Gender Inequality Index", "indicator": "mmr - Maternal Mortality Ratio (deaths per 100,000 live births)", "year": "2004", "value": "41"}, {"country": "ATG - Antigua and Barbuda", "index": "GII - Gender Inequality Index", "indicator": "mmr - Maternal Mortality Ratio (deaths per 100,000 live births)", "year": "2005", "value": "40"}, {"country": "ATG - Antigua and Barbuda", "index": "GII - Gender Inequality Index", "indicator": "mmr - Maternal Mortality Ratio (deaths per 100,000 live births)", "year": "2006", "value": "46"}, {"country": "ATG - Antigua and Barbuda", "index": "GII - Gender Inequality Index", "indicator": "mmr - Maternal Mortality Ratio (deaths per 100,000 live births)", "year": "2007", "value": "48"}, {"country": "ATG - Antigua and Barbuda", "index": "GII - Gender Inequality Index", "indicator": "mmr - Maternal Mortality Ratio (deaths per 100,000 live births)", "year": "2008", "value": "50"}, {"country": "ATG - Antigua and Barbuda", "index": "GII - Gender Inequality Index", "indicator": "mmr - Maternal Mortality Ratio (deaths per 100,000 live births)", "year": "2009", "value": "45"}, {"country": "ATG - Antigua and Barbuda", "index": "GII - Gender Inequality Index", "indicator": "mmr - Maternal Mortality Ratio (deaths per 100,000 live births)", "year": "2010", "value": "44"}, {"country": "ATG - Antigua and Barbuda", "index": "GII - Gender Inequality Index", "indicator": "mmr - Maternal Mortality Ratio (deaths per 100,000 live births)", "year": "2011", "value": "43"}, {"country": "ATG - Antigua and Barbuda", "index": "GII - Gender Inequality Index", "indicator": "mmr - Maternal Mortality Ratio (deaths per 100,000 live births)", "year": "2012", "value": "44"}, {"country": "ATG - Antigua and Barbuda", "index": "GII - Gender Inequality Index", "indicator": "mmr - Maternal Mortality Ratio (deaths per 100,000 live births)", "year": "2013", "value": "43"}, {"country": "ATG - Antigua and Barbuda", "index": "GII - Gender Inequality Index", "indicator": "mmr - Maternal Mortality Ratio (deaths per 100,000 live births)", "year": "2014", "value": "42"}, {"country": "ATG - Antigua and Barbuda", "index": "GII - Gender Inequality Index", "indicator": "mmr - Maternal Mortality Ratio (deaths per 100,000 live births)", "year": "2015", "value": "43"}, {"country": "ATG - Antigua and Barbuda", "index": "GII - Gender Inequality Index", "indicator": "mmr - Maternal Mortality Ratio (deaths per 100,000 live births)", "year": "2016", "value": "43"}, {"country": "ATG - Antigua and Barbuda", "index": "GII - Gender Inequality Index", "indicator": "mmr - Maternal Mortality Ratio (deaths per 100,000 live births)", "year": "2017", "value": "42"}, {"country": "ATG - Antigua and Barbuda", "index": "GII - Gender Inequality Index", "indicator": "mmr - Maternal Mortality Ratio (deaths per 100,000 live births)", "year": "2018", "value": "42"}, {"country": "ATG - Antigua and Barbuda", "index": "GII - Gender Inequality Index", "indicator": "mmr - Maternal Mortality Ratio (deaths per 100,000 live births)", "year": "2019", "value": "42"}, {"country": "ATG - Antigua and Barbuda", "index": "GII - Gender Inequality Index", "indicator": "mmr - Maternal Mortality Ratio (deaths per 100,000 live births)", "year": "2020", "value": "42"}, {"country": "ATG - Antigua and Barbuda", "index": "GII - Gender Inequality Index", "indicator": "mmr - Maternal Mortality Ratio (deaths per 100,000 live births)", "year": "2021", "value": "42"}, {"country": "ATG - Antigua and Barbuda", "index": "HDI - Human Development Index", "indicator": "mys - Mean Years of Schooling (years)", "year": "2000", "value": "7.026353"}, {"country": "ATG - Antigua and Barbuda", "index": "HDI - Human Development Index", "indicator": "mys - Mean Years of Schooling (years)", "year": "2001", "value": "8.911"}, {"country": "ATG - Antigua and Barbuda", "index": "HDI - Human Development Index", "indicator": "mys - Mean Years of Schooling (years)", "year": "2002", "value": "8.962747824"}, {"country": "ATG - Antigua and Barbuda", "index": "HDI - Human Development Index", "indicator": "mys - Mean Years of Schooling (years)", "year": "2003", "value": "9.014495648"}, {"country": "ATG - Antigua and Barbuda", "index": "HDI - Human Development Index", "indicator": "mys - Mean Years of Schooling (years)", "year": "2004", "value": "9.066243472"}, {"country": "ATG - Antigua and Barbuda", "index": "HDI - Human Development Index", "indicator": "mys - Mean Years of Schooling (years)", "year": "2005", "value": "9.117991296"}, {"country": "ATG - Antigua and Barbuda", "index": "HDI - Human Development Index", "indicator": "mys - Mean Years of Schooling (years)", "year": "2006", "value": "9.169739121"}, {"country": "ATG - Antigua and Barbuda", "index": "HDI - Human Development Index", "indicator": "mys - Mean Years of Schooling (years)", "year": "2007", "value": "9.221486945"}, {"country": "ATG - Antigua and Barbuda", "index": "HDI - Human Development Index", "indicator": "mys - Mean Years of Schooling (years)", "year": "2008", "value": "9.273234769"}, {"country": "ATG - Antigua and Barbuda", "index": "HDI - Human Development Index", "indicator": "mys - Mean Years of Schooling (years)", "year": "2009", "value": "9.324982593"}, {"country": "ATG - Antigua and Barbuda", "index": "HDI - Human Development Index", "indicator": "mys - Mean Years of Schooling (years)", "year": "2010", "value": "9.2361755"}, {"country": "ATG - Antigua and Barbuda", "index": "HDI - Human Development Index", "indicator": "mys - Mean Years of Schooling (years)", "year": "2011", "value": "8.99"}, {"country": "ATG - Antigua and Barbuda", "index": "HDI - Human Development Index", "indicator": "mys - Mean Years of Schooling (years)", "year": "2012", "value": "9.03495"}, {"country": "ATG - Antigua and Barbuda", "index": "HDI - Human Development Index", "indicator": "mys - Mean Years of Schooling (years)", "year": "2013", "value": "9.08012475"}, {"country": "ATG - Antigua and Barbuda", "index": "HDI - Human Development Index", "indicator": "mys - Mean Years of Schooling (years)", "year": "2014", "value": "9.125525374"}, {"country": "ATG - Antigua and Barbuda", "index": "HDI - Human Development Index", "indicator": "mys - Mean Years of Schooling (years)", "year": "2015", "value": "9.171153001"}, {"country": "ATG - Antigua and Barbuda", "index": "HDI - Human Development Index", "indicator": "mys - Mean Years of Schooling (years)", "year": "2016", "value": "9.217008766"}, {"country": "ATG - Antigua and Barbuda", "index": "HDI - Human Development Index", "indicator": "mys - Mean Years of Schooling (years)", "year": "2017", "value": "9.263093809"}, {"country": "ATG - Antigua and Barbuda", "index": "HDI - Human Development Index", "indicator": "mys - Mean Years of Schooling (years)", "year": "2018", "value": "9.293740746"}, {"country": "ATG - Antigua and Barbuda", "index": "HDI - Human Development Index", "indicator": "mys - Mean Years of Schooling (years)", "year": "2019", "value": "9.293740746"}, {"country": "ATG - Antigua and Barbuda", "index": "HDI - Human Development Index", "indicator": "mys - Mean Years of Schooling (years)", "year": "2020", "value": "9.293740746"}, {"country": "ATG - Antigua and Barbuda", "index": "HDI - Human Development Index", "indicator": "mys - Mean Years of Schooling (years)", "year": "2021", "value": "9.293740746"}, {"country": "ATG - Antigua and Barbuda", "index": "GII - Gender Inequality Index", "indicator": "pr_f - Share of seats in parliament, female (% held by women)", "year": "1990", "value": "11.11111111"}, {"country": "ATG - Antigua and Barbuda", "index": "GII - Gender Inequality Index", "indicator": "pr_f - Share of seats in parliament, female (% held by women)", "year": "1991", "value": "11.11111111"}, {"country": "ATG - Antigua and Barbuda", "index": "GII - Gender Inequality Index", "indicator": "pr_f - Share of seats in parliament, female (% held by women)", "year": "1992", "value": "11.11111111"}, {"country": "ATG - Antigua and Barbuda", "index": "GII - Gender Inequality Index", "indicator": "pr_f - Share of seats in parliament, female (% held by women)", "year": "1993", "value": "11.11111111"}, {"country": "ATG - Antigua and Barbuda", "index": "GII - Gender Inequality Index", "indicator": "pr_f - Share of seats in parliament, female (% held by women)", "year": "1994", "value": "11.11111111"}, {"country": "ATG - Antigua and Barbuda", "index": "GII - Gender Inequality Index", "indicator": "pr_f - Share of seats in parliament, female (% held by women)", "year": "1995", "value": "11.11111111"}, {"country": "ATG - Antigua and Barbuda", "index": "GII - Gender Inequality Index", "indicator": "pr_f - Share of seats in parliament, female (% held by women)", "year": "1996", "value": "11.11111111"}, {"country": "ATG - Antigua and Barbuda", "index": "GII - Gender Inequality Index", "indicator": "pr_f - Share of seats in parliament, female (% held by women)", "year": "1997", "value": "11.11111111"}, {"country": "ATG - Antigua and Barbuda", "index": "GII - Gender Inequality Index", "indicator": "pr_f - Share of seats in parliament, female (% held by women)", "year": "1998", "value": "11.11111111"}, {"country": "ATG - Antigua and Barbuda", "index": "GII - Gender Inequality Index", "indicator": "pr_f - Share of seats in parliament, female (% held by women)", "year": "1999", "value": "11.11111111"}, {"country": "ATG - Antigua and Barbuda", "index": "GII - Gender Inequality Index", "indicator": "pr_f - Share of seats in parliament, female (% held by women)", "year": "2000", "value": "8.333333333"}, {"country": "ATG - Antigua and Barbuda", "index": "GII - Gender Inequality Index", "indicator": "pr_f - Share of seats in parliament, female (% held by women)", "year": "2001", "value": "8.333333333"}, {"country": "ATG - Antigua and Barbuda", "index": "GII - Gender Inequality Index", "indicator": "pr_f - Share of seats in parliament, female (% held by women)", "year": "2002", "value": "8.333333333"}, {"country": "ATG - Antigua and Barbuda", "index": "GII - Gender Inequality Index", "indicator": "pr_f - Share of seats in parliament, female (% held by women)", "year": "2003", "value": "8.333333333"}, {"country": "ATG - Antigua and Barbuda", "index": "GII - Gender Inequality Index", "indicator": "pr_f - Share of seats in parliament, female (% held by women)", "year": "2004", "value": "13.88888889"}, {"country": "ATG - Antigua and Barbuda", "index": "GII - Gender Inequality Index", "indicator": "pr_f - Share of seats in parliament, female (% held by women)", "year": "2005", "value": "13.88888889"}, {"country": "ATG - Antigua and Barbuda", "index": "GII - Gender Inequality Index", "indicator": "pr_f - Share of seats in parliament, female (% held by women)", "year": "2006", "value": "13.88888889"}, {"country": "ATG - Antigua and Barbuda", "index": "GII - Gender Inequality Index", "indicator": "pr_f - Share of seats in parliament, female (% held by women)", "year": "2007", "value": "16.66666667"}, {"country": "ATG - Antigua and Barbuda", "index": "GII - Gender Inequality Index", "indicator": "pr_f - Share of seats in parliament, female (% held by women)", "year": "2008", "value": "16.66666667"}, {"country": "ATG - Antigua and Barbuda", "index": "GII - Gender Inequality Index", "indicator": "pr_f - Share of seats in parliament, female (% held by women)", "year": "2009", "value": "19.44444444"}, {"country": "ATG - Antigua and Barbuda", "index": "GII - Gender Inequality Index", "indicator": "pr_f - Share of seats in parliament, female (% held by women)", "year": "2010", "value": "19.44444444"}, {"country": "ATG - Antigua and Barbuda", "index": "GII - Gender Inequality Index", "indicator": "pr_f - Share of seats in parliament, female (% held by women)", "year": "2011", "value": "19.44444444"}, {"country": "ATG - Antigua and Barbuda", "index": "GII - Gender Inequality Index", "indicator": "pr_f - Share of seats in parliament, female (% held by women)", "year": "2012", "value": "19.44444444"}, {"country": "ATG - Antigua and Barbuda", "index": "GII - Gender Inequality Index", "indicator": "pr_f - Share of seats in parliament, female (% held by women)", "year": "2013", "value": "19.44444444"}, {"country": "ATG - Antigua and Barbuda", "index": "GII - Gender Inequality Index", "indicator": "pr_f - Share of seats in parliament, female (% held by women)", "year": "2014", "value": "21.21212121"}, {"country": "ATG - Antigua and Barbuda", "index": "GII - Gender Inequality Index", "indicator": "pr_f - Share of seats in parliament, female (% held by women)", "year": "2015", "value": "25.71428571"}, {"country": "ATG - Antigua and Barbuda", "index": "GII - Gender Inequality Index", "indicator": "pr_f - Share of seats in parliament, female (% held by women)", "year": "2016", "value": "25.71428571"}, {"country": "ATG - Antigua and Barbuda", "index": "GII - Gender Inequality Index", "indicator": "pr_f - Share of seats in parliament, female (% held by women)", "year": "2017", "value": "20"}, {"country": "ATG - Antigua and Barbuda", "index": "GII - Gender Inequality Index", "indicator": "pr_f - Share of seats in parliament, female (% held by women)", "year": "2018", "value": "31.42857143"}, {"country": "ATG - Antigua and Barbuda", "index": "GII - Gender Inequality Index", "indicator": "pr_f - Share of seats in parliament, female (% held by women)", "year": "2019", "value": "31.42857143"}, {"country": "ATG - Antigua and Barbuda", "index": "GII - Gender Inequality Index", "indicator": "pr_f - Share of seats in parliament, female (% held by women)", "year": "2020", "value": "31.42857143"}, {"country": "ATG - Antigua and Barbuda", "index": "GII - Gender Inequality Index", "indicator": "pr_f - Share of seats in parliament, female (% held by women)", "year": "2021", "value": "31.42857143"}, {"country": "ATG - Antigua and Barbuda", "index": "GII - Gender Inequality Index", "indicator": "pr_m - Share of seats in parliament, male (% held by men)", "year": "1990", "value": "88.88888889"}, {"country": "ATG - Antigua and Barbuda", "index": "GII - Gender Inequality Index", "indicator": "pr_m - Share of seats in parliament, male (% held by men)", "year": "1991", "value": "88.88888889"}, {"country": "ATG - Antigua and Barbuda", "index": "GII - Gender Inequality Index", "indicator": "pr_m - Share of seats in parliament, male (% held by men)", "year": "1992", "value": "88.88888889"}, {"country": "ATG - Antigua and Barbuda", "index": "GII - Gender Inequality Index", "indicator": "pr_m - Share of seats in parliament, male (% held by men)", "year": "1993", "value": "88.88888889"}, {"country": "ATG - Antigua and Barbuda", "index": "GII - Gender Inequality Index", "indicator": "pr_m - Share of seats in parliament, male (% held by men)", "year": "1994", "value": "88.88888889"}, {"country": "ATG - Antigua and Barbuda", "index": "GII - Gender Inequality Index", "indicator": "pr_m - Share of seats in parliament, male (% held by men)", "year": "1995", "value": "88.88888889"}, {"country": "ATG - Antigua and Barbuda", "index": "GII - Gender Inequality Index", "indicator": "pr_m - Share of seats in parliament, male (% held by men)", "year": "1996", "value": "88.88888889"}, {"country": "ATG - Antigua and Barbuda", "index": "GII - Gender Inequality Index", "indicator": "pr_m - Share of seats in parliament, male (% held by men)", "year": "1997", "value": "88.88888889"}, {"country": "ATG - Antigua and Barbuda", "index": "GII - Gender Inequality Index", "indicator": "pr_m - Share of seats in parliament, male (% held by men)", "year": "1998", "value": "88.88888889"}, {"country": "ATG - Antigua and Barbuda", "index": "GII - Gender Inequality Index", "indicator": "pr_m - Share of seats in parliament, male (% held by men)", "year": "1999", "value": "88.88888889"}, {"country": "ATG - Antigua and Barbuda", "index": "GII - Gender Inequality Index", "indicator": "pr_m - Share of seats in parliament, male (% held by men)", "year": "2000", "value": "91.66666667"}, {"country": "ATG - Antigua and Barbuda", "index": "GII - Gender Inequality Index", "indicator": "pr_m - Share of seats in parliament, male (% held by men)", "year": "2001", "value": "91.66666667"}, {"country": "ATG - Antigua and Barbuda", "index": "GII - Gender Inequality Index", "indicator": "pr_m - Share of seats in parliament, male (% held by men)", "year": "2002", "value": "91.66666667"}, {"country": "ATG - Antigua and Barbuda", "index": "GII - Gender Inequality Index", "indicator": "pr_m - Share of seats in parliament, male (% held by men)", "year": "2003", "value": "91.66666667"}, {"country": "ATG - Antigua and Barbuda", "index": "GII - Gender Inequality Index", "indicator": "pr_m - Share of seats in parliament, male (% held by men)", "year": "2004", "value": "86.11111111"}, {"country": "ATG - Antigua and Barbuda", "index": "GII - Gender Inequality Index", "indicator": "pr_m - Share of seats in parliament, male (% held by men)", "year": "2005", "value": "86.11111111"}, {"country": "ATG - Antigua and Barbuda", "index": "GII - Gender Inequality Index", "indicator": "pr_m - Share of seats in parliament, male (% held by men)", "year": "2006", "value": "86.11111111"}, {"country": "ATG - Antigua and Barbuda", "index": "GII - Gender Inequality Index", "indicator": "pr_m - Share of seats in parliament, male (% held by men)", "year": "2007", "value": "83.33333333"}, {"country": "ATG - Antigua and Barbuda", "index": "GII - Gender Inequality Index", "indicator": "pr_m - Share of seats in parliament, male (% held by men)", "year": "2008", "value": "83.33333333"}, {"country": "ATG - Antigua and Barbuda", "index": "GII - Gender Inequality Index", "indicator": "pr_m - Share of seats in parliament, male (% held by men)", "year": "2009", "value": "80.55555556"}, {"country": "ATG - Antigua and Barbuda", "index": "GII - Gender Inequality Index", "indicator": "pr_m - Share of seats in parliament, male (% held by men)", "year": "2010", "value": "80.55555556"}, {"country": "ATG - Antigua and Barbuda", "index": "GII - Gender Inequality Index", "indicator": "pr_m - Share of seats in parliament, male (% held by men)", "year": "2011", "value": "80.55555556"}, {"country": "ATG - Antigua and Barbuda", "index": "GII - Gender Inequality Index", "indicator": "pr_m - Share of seats in parliament, male (% held by men)", "year": "2012", "value": "80.55555556"}, {"country": "ATG - Antigua and Barbuda", "index": "GII - Gender Inequality Index", "indicator": "pr_m - Share of seats in parliament, male (% held by men)", "year": "2013", "value": "80.55555556"}, {"country": "ATG - Antigua and Barbuda", "index": "GII - Gender Inequality Index", "indicator": "pr_m - Share of seats in parliament, male (% held by men)", "year": "2014", "value": "78.78787879"}, {"country": "ATG - Antigua and Barbuda", "index": "GII - Gender Inequality Index", "indicator": "pr_m - Share of seats in parliament, male (% held by men)", "year": "2015", "value": "74.28571429"}, {"country": "ATG - Antigua and Barbuda", "index": "GII - Gender Inequality Index", "indicator": "pr_m - Share of seats in parliament, male (% held by men)", "year": "2016", "value": "74.28571429"}, {"country": "ATG - Antigua and Barbuda", "index": "GII - Gender Inequality Index", "indicator": "pr_m - Share of seats in parliament, male (% held by men)", "year": "2017", "value": "80"}, {"country": "ATG - Antigua and Barbuda", "index": "GII - Gender Inequality Index", "indicator": "pr_m - Share of seats in parliament, male (% held by men)", "year": "2018", "value": "68.57142857"}, {"country": "ATG - Antigua and Barbuda", "index": "GII - Gender Inequality Index", "indicator": "pr_m - Share of seats in parliament, male (% held by men)", "year": "2019", "value": "68.57142857"}, {"country": "ATG - Antigua and Barbuda", "index": "GII - Gender Inequality Index", "indicator": "pr_m - Share of seats in parliament, male (% held by men)", "year": "2020", "value": "68.57142857"}, {"country": "ATG - Antigua and Barbuda", "index": "GII - Gender Inequality Index", "indicator": "pr_m - Share of seats in parliament, male (% held by men)", "year": "2021", "value": "68.57142857"}]