[{"country": "PLW - Palau", "index": "GII - Gender Inequality Index", "indicator": "abr - Adolescent Birth Rate (births per 1,000 women ages 15-19)", "year": "1990", "value": "53.753"}, {"country": "PLW - Palau", "index": "GII - Gender Inequality Index", "indicator": "abr - Adolescent Birth Rate (births per 1,000 women ages 15-19)", "year": "1991", "value": "54.446"}, {"country": "PLW - Palau", "index": "GII - Gender Inequality Index", "indicator": "abr - Adolescent Birth Rate (births per 1,000 women ages 15-19)", "year": "1992", "value": "55.267"}, {"country": "PLW - Palau", "index": "GII - Gender Inequality Index", "indicator": "abr - Adolescent Birth Rate (births per 1,000 women ages 15-19)", "year": "1993", "value": "56.384"}, {"country": "PLW - Palau", "index": "GII - Gender Inequality Index", "indicator": "abr - Adolescent Birth Rate (births per 1,000 women ages 15-19)", "year": "1994", "value": "56.537"}, {"country": "PLW - Palau", "index": "GII - Gender Inequality Index", "indicator": "abr - Adolescent Birth Rate (births per 1,000 women ages 15-19)", "year": "1995", "value": "53.967"}, {"country": "PLW - Palau", "index": "GII - Gender Inequality Index", "indicator": "abr - Adolescent Birth Rate (births per 1,000 women ages 15-19)", "year": "1996", "value": "48.717"}, {"country": "PLW - Palau", "index": "GII - Gender Inequality Index", "indicator": "abr - Adolescent Birth Rate (births per 1,000 women ages 15-19)", "year": "1997", "value": "43.207"}, {"country": "PLW - Palau", "index": "GII - Gender Inequality Index", "indicator": "abr - Adolescent Birth Rate (births per 1,000 women ages 15-19)", "year": "1998", "value": "39.597"}, {"country": "PLW - Palau", "index": "GII - Gender Inequality Index", "indicator": "abr - Adolescent Birth Rate (births per 1,000 women ages 15-19)", "year": "1999", "value": "36.438"}, {"country": "PLW - Palau", "index": "GII - Gender Inequality Index", "indicator": "abr - Adolescent Birth Rate (births per 1,000 women ages 15-19)", "year": "2000", "value": "33.038"}, {"country": "PLW - Palau", "index": "GII - Gender Inequality Index", "indicator": "abr - Adolescent Birth Rate (births per 1,000 women ages 15-19)", "year": "2001", "value": "32.466"}, {"country": "PLW - Palau", "index": "GII - Gender Inequality Index", "indicator": "abr - Adolescent Birth Rate (births per 1,000 women ages 15-19)", "year": "2002", "value": "31.81"}, {"country": "PLW - Palau", "index": "GII - Gender Inequality Index", "indicator": "abr - Adolescent Birth Rate (births per 1,000 women ages 15-19)", "year": "2003", "value": "31.006"}, {"country": "PLW - Palau", "index": "GII - Gender Inequality Index", "indicator": "abr - Adolescent Birth Rate (births per 1,000 women ages 15-19)", "year": "2004", "value": "30.32"}, {"country": "PLW - Palau", "index": "GII - Gender Inequality Index", "indicator": "abr - Adolescent Birth Rate (births per 1,000 women ages 15-19)", "year": "2005", "value": "30.014"}, {"country": "PLW - Palau", "index": "GII - Gender Inequality Index", "indicator": "abr - Adolescent Birth Rate (births per 1,000 women ages 15-19)", "year": "2006", "value": "30.566"}, {"country": "PLW - Palau", "index": "GII - Gender Inequality Index", "indicator": "abr - Adolescent Birth Rate (births per 1,000 women ages 15-19)", "year": "2007", "value": "30.908"}, {"country": "PLW - Palau", "index": "GII - Gender Inequality Index", "indicator": "abr - Adolescent Birth Rate (births per 1,000 women ages 15-19)", "year": "2008", "value": "31.308"}, {"country": "PLW - Palau", "index": "GII - Gender Inequality Index", "indicator": "abr - Adolescent Birth Rate (births per 1,000 women ages 15-19)", "year": "2009", "value": "31.604"}, {"country": "PLW - Palau", "index": "GII - Gender Inequality Index", "indicator": "abr - Adolescent Birth Rate (births per 1,000 women ages 15-19)", "year": "2010", "value": "32.247"}, {"country": "PLW - Palau", "index": "GII - Gender Inequality Index", "indicator": "abr - Adolescent Birth Rate (births per 1,000 women ages 15-19)", "year": "2011", "value": "32.67"}, {"country": "PLW - Palau", "index": "GII - Gender Inequality Index", "indicator": "abr - Adolescent Birth Rate (births per 1,000 women ages 15-19)", "year": "2012", "value": "33.155"}, {"country": "PLW - Palau", "index": "GII - Gender Inequality Index", "indicator": "abr - Adolescent Birth Rate (births per 1,000 women ages 15-19)", "year": "2013", "value": "35.048"}, {"country": "PLW - Palau", "index": "GII - Gender Inequality Index", "indicator": "abr - Adolescent Birth Rate (births per 1,000 women ages 15-19)", "year": "2014", "value": "35.882"}, {"country": "PLW - Palau", "index": "GII - Gender Inequality Index", "indicator": "abr - Adolescent Birth Rate (births per 1,000 women ages 15-19)", "year": "2015", "value": "36.109"}, {"country": "PLW - Palau", "index": "GII - Gender Inequality Index", "indicator": "abr - Adolescent Birth Rate (births per 1,000 women ages 15-19)", "year": "2016", "value": "38.158"}, {"country": "PLW - Palau", "index": "GII - Gender Inequality Index", "indicator": "abr - Adolescent Birth Rate (births per 1,000 women ages 15-19)", "year": "2017", "value": "38.991"}, {"country": "PLW - Palau", "index": "GII - Gender Inequality Index", "indicator": "abr - Adolescent Birth Rate (births per 1,000 women ages 15-19)", "year": "2018", "value": "44.289"}, {"country": "PLW - Palau", "index": "GII - Gender Inequality Index", "indicator": "abr - Adolescent Birth Rate (births per 1,000 women ages 15-19)", "year": "2019", "value": "43.558"}, {"country": "PLW - Palau", "index": "GII - Gender Inequality Index", "indicator": "abr - Adolescent Birth Rate (births per 1,000 women ages 15-19)", "year": "2020", "value": "42.844"}, {"country": "PLW - Palau", "index": "GII - Gender Inequality Index", "indicator": "abr - Adolescent Birth Rate (births per 1,000 women ages 15-19)", "year": "2021", "value": "42.52"}, {"country": "PLW - Palau", "index": "PHDI - Planetary pressures\u2013adjusted Human Development Index", "indicator": "co2_prod - Carbon dioxide emissions per capita (production) (tonnes)", "year": "1992", "value": "12.47855701"}, {"country": "PLW - Palau", "index": "PHDI - Planetary pressures\u2013adjusted Human Development Index", "indicator": "co2_prod - Carbon dioxide emissions per capita (production) (tonnes)", "year": "1993", "value": "12.1461019"}, {"country": "PLW - Palau", "index": "PHDI - Planetary pressures\u2013adjusted Human Development Index", "indicator": "co2_prod - Carbon dioxide emissions per capita (production) (tonnes)", "year": "1994", "value": "11.83585572"}, {"country": "PLW - Palau", "index": "PHDI - Planetary pressures\u2013adjusted Human Development Index", "indicator": "co2_prod - Carbon dioxide emissions per capita (production) (tonnes)", "year": "1995", "value": "11.52761594"}, {"country": "PLW - Palau", "index": "PHDI - Planetary pressures\u2013adjusted Human Development Index", "indicator": "co2_prod - Carbon dioxide emissions per capita (production) (tonnes)", "year": "1996", "value": "11.2465185"}, {"country": "PLW - Palau", "index": "PHDI - Planetary pressures\u2013adjusted Human Development Index", "indicator": "co2_prod - Carbon dioxide emissions per capita (production) (tonnes)", "year": "1997", "value": "10.98367936"}, {"country": "PLW - Palau", "index": "PHDI - Planetary pressures\u2013adjusted Human Development Index", "indicator": "co2_prod - Carbon dioxide emissions per capita (production) (tonnes)", "year": "1998", "value": "10.74741988"}, {"country": "PLW - Palau", "index": "PHDI - Planetary pressures\u2013adjusted Human Development Index", "indicator": "co2_prod - Carbon dioxide emissions per capita (production) (tonnes)", "year": "1999", "value": "10.53792075"}, {"country": "PLW - Palau", "index": "PHDI - Planetary pressures\u2013adjusted Human Development Index", "indicator": "co2_prod - Carbon dioxide emissions per capita (production) (tonnes)", "year": "2000", "value": "10.93169327"}, {"country": "PLW - Palau", "index": "PHDI - Planetary pressures\u2013adjusted Human Development Index", "indicator": "co2_prod - Carbon dioxide emissions per capita (production) (tonnes)", "year": "2001", "value": "11.15134633"}, {"country": "PLW - Palau", "index": "PHDI - Planetary pressures\u2013adjusted Human Development Index", "indicator": "co2_prod - Carbon dioxide emissions per capita (production) (tonnes)", "year": "2002", "value": "10.82191781"}, {"country": "PLW - Palau", "index": "PHDI - Planetary pressures\u2013adjusted Human Development Index", "indicator": "co2_prod - Carbon dioxide emissions per capita (production) (tonnes)", "year": "2003", "value": "10.72795194"}, {"country": "PLW - Palau", "index": "PHDI - Planetary pressures\u2013adjusted Human Development Index", "indicator": "co2_prod - Carbon dioxide emissions per capita (production) (tonnes)", "year": "2004", "value": "10.88136105"}, {"country": "PLW - Palau", "index": "PHDI - Planetary pressures\u2013adjusted Human Development Index", "indicator": "co2_prod - Carbon dioxide emissions per capita (production) (tonnes)", "year": "2005", "value": "11.11369496"}, {"country": "PLW - Palau", "index": "PHDI - Planetary pressures\u2013adjusted Human Development Index", "indicator": "co2_prod - Carbon dioxide emissions per capita (production) (tonnes)", "year": "2006", "value": "11.6258956"}, {"country": "PLW - Palau", "index": "PHDI - Planetary pressures\u2013adjusted Human Development Index", "indicator": "co2_prod - Carbon dioxide emissions per capita (production) (tonnes)", "year": "2007", "value": "13.19657584"}, {"country": "PLW - Palau", "index": "PHDI - Planetary pressures\u2013adjusted Human Development Index", "indicator": "co2_prod - Carbon dioxide emissions per capita (production) (tonnes)", "year": "2008", "value": "10.96984602"}, {"country": "PLW - Palau", "index": "PHDI - Planetary pressures\u2013adjusted Human Development Index", "indicator": "co2_prod - Carbon dioxide emissions per capita (production) (tonnes)", "year": "2009", "value": "10.82089144"}, {"country": "PLW - Palau", "index": "PHDI - Planetary pressures\u2013adjusted Human Development Index", "indicator": "co2_prod - Carbon dioxide emissions per capita (production) (tonnes)", "year": "2010", "value": "11.63185742"}, {"country": "PLW - Palau", "index": "PHDI - Planetary pressures\u2013adjusted Human Development Index", "indicator": "co2_prod - Carbon dioxide emissions per capita (production) (tonnes)", "year": "2011", "value": "12.18258664"}, {"country": "PLW - Palau", "index": "PHDI - Planetary pressures\u2013adjusted Human Development Index", "indicator": "co2_prod - Carbon dioxide emissions per capita (production) (tonnes)", "year": "2012", "value": "12.67006803"}, {"country": "PLW - Palau", "index": "PHDI - Planetary pressures\u2013adjusted Human Development Index", "indicator": "co2_prod - Carbon dioxide emissions per capita (production) (tonnes)", "year": "2013", "value": "12.90298762"}, {"country": "PLW - Palau", "index": "PHDI - Planetary pressures\u2013adjusted Human Development Index", "indicator": "co2_prod - Carbon dioxide emissions per capita (production) (tonnes)", "year": "2014", "value": "12.47248383"}, {"country": "PLW - Palau", "index": "PHDI - Planetary pressures\u2013adjusted Human Development Index", "indicator": "co2_prod - Carbon dioxide emissions per capita (production) (tonnes)", "year": "2015", "value": "11.61505802"}, {"country": "PLW - Palau", "index": "PHDI - Planetary pressures\u2013adjusted Human Development Index", "indicator": "co2_prod - Carbon dioxide emissions per capita (production) (tonnes)", "year": "2016", "value": "11.98928068"}, {"country": "PLW - Palau", "index": "PHDI - Planetary pressures\u2013adjusted Human Development Index", "indicator": "co2_prod - Carbon dioxide emissions per capita (production) (tonnes)", "year": "2017", "value": "12.13948787"}, {"country": "PLW - Palau", "index": "PHDI - Planetary pressures\u2013adjusted Human Development Index", "indicator": "co2_prod - Carbon dioxide emissions per capita (production) (tonnes)", "year": "2018", "value": "11.86742615"}, {"country": "PLW - Palau", "index": "PHDI - Planetary pressures\u2013adjusted Human Development Index", "indicator": "co2_prod - Carbon dioxide emissions per capita (production) (tonnes)", "year": "2019", "value": "12.16403821"}, {"country": "PLW - Palau", "index": "PHDI - Planetary pressures\u2013adjusted Human Development Index", "indicator": "co2_prod - Carbon dioxide emissions per capita (production) (tonnes)", "year": "2020", "value": "12.12335581"}, {"country": "PLW - Palau", "index": "PHDI - Planetary pressures\u2013adjusted Human Development Index", "indicator": "co2_prod - Carbon dioxide emissions per capita (production) (tonnes)", "year": "2021", "value": "12.12335581"}, {"country": "PLW - Palau", "index": "HDI - Human Development Index", "indicator": "eys - Expected Years of Schooling (years)", "year": "2000", "value": "14.0816803"}, {"country": "PLW - Palau", "index": "HDI - Human Development Index", "indicator": "eys - Expected Years of Schooling (years)", "year": "2001", "value": "14.27463649"}, {"country": "PLW - Palau", "index": "HDI - Human Development Index", "indicator": "eys - Expected Years of Schooling (years)", "year": "2002", "value": "14.46759268"}, {"country": "PLW - Palau", "index": "HDI - Human Development Index", "indicator": "eys - Expected Years of Schooling (years)", "year": "2003", "value": "14.66054887"}, {"country": "PLW - Palau", "index": "HDI - Human Development Index", "indicator": "eys - Expected Years of Schooling (years)", "year": "2004", "value": "14.85350506"}, {"country": "PLW - Palau", "index": "HDI - Human Development Index", "indicator": "eys - Expected Years of Schooling (years)", "year": "2005", "value": "15.04646125"}, {"country": "PLW - Palau", "index": "HDI - Human Development Index", "indicator": "eys - Expected Years of Schooling (years)", "year": "2006", "value": "15.23941744"}, {"country": "PLW - Palau", "index": "HDI - Human Development Index", "indicator": "eys - Expected Years of Schooling (years)", "year": "2007", "value": "15.43237363"}, {"country": "PLW - Palau", "index": "HDI - Human Development Index", "indicator": "eys - Expected Years of Schooling (years)", "year": "2008", "value": "15.62532982"}, {"country": "PLW - Palau", "index": "HDI - Human Development Index", "indicator": "eys - Expected Years of Schooling (years)", "year": "2009", "value": "15.81828602"}, {"country": "PLW - Palau", "index": "HDI - Human Development Index", "indicator": "eys - Expected Years of Schooling (years)", "year": "2010", "value": "16.01124221"}, {"country": "PLW - Palau", "index": "HDI - Human Development Index", "indicator": "eys - Expected Years of Schooling (years)", "year": "2011", "value": "16.2041984"}, {"country": "PLW - Palau", "index": "HDI - Human Development Index", "indicator": "eys - Expected Years of Schooling (years)", "year": "2012", "value": "16.39715459"}, {"country": "PLW - Palau", "index": "HDI - Human Development Index", "indicator": "eys - Expected Years of Schooling (years)", "year": "2013", "value": "16.59011078"}, {"country": "PLW - Palau", "index": "HDI - Human Development Index", "indicator": "eys - Expected Years of Schooling (years)", "year": "2014", "value": "16.47499781"}, {"country": "PLW - Palau", "index": "HDI - Human Development Index", "indicator": "eys - Expected Years of Schooling (years)", "year": "2015", "value": "16.35988484"}, {"country": "PLW - Palau", "index": "HDI - Human Development Index", "indicator": "eys - Expected Years of Schooling (years)", "year": "2016", "value": "16.24477187"}, {"country": "PLW - Palau", "index": "HDI - Human Development Index", "indicator": "eys - Expected Years of Schooling (years)", "year": "2017", "value": "16.12965891"}, {"country": "PLW - Palau", "index": "HDI - Human Development Index", "indicator": "eys - Expected Years of Schooling (years)", "year": "2018", "value": "16.01454594"}, {"country": "PLW - Palau", "index": "HDI - Human Development Index", "indicator": "eys - Expected Years of Schooling (years)", "year": "2019", "value": "15.89943297"}, {"country": "PLW - Palau", "index": "HDI - Human Development Index", "indicator": "eys - Expected Years of Schooling (years)", "year": "2020", "value": "15.78432"}, {"country": "PLW - Palau", "index": "HDI - Human Development Index", "indicator": "eys - Expected Years of Schooling (years)", "year": "2021", "value": "15.78432"}, {"country": "PLW - Palau", "index": "GDI - Gender Development Index", "indicator": "eys_f - Expected Years of Schooling, female (years)", "year": "2000", "value": "14.84735966"}, {"country": "PLW - Palau", "index": "GDI - Gender Development Index", "indicator": "eys_f - Expected Years of Schooling, female (years)", "year": "2001", "value": "15.02663128"}, {"country": "PLW - Palau", "index": "GDI - Gender Development Index", "indicator": "eys_f - Expected Years of Schooling, female (years)", "year": "2002", "value": "15.20590291"}, {"country": "PLW - Palau", "index": "GDI - Gender Development Index", "indicator": "eys_f - Expected Years of Schooling, female (years)", "year": "2003", "value": "15.38517453"}, {"country": "PLW - Palau", "index": "GDI - Gender Development Index", "indicator": "eys_f - Expected Years of Schooling, female (years)", "year": "2004", "value": "15.56444616"}, {"country": "PLW - Palau", "index": "GDI - Gender Development Index", "indicator": "eys_f - Expected Years of Schooling, female (years)", "year": "2005", "value": "15.74371778"}, {"country": "PLW - Palau", "index": "GDI - Gender Development Index", "indicator": "eys_f - Expected Years of Schooling, female (years)", "year": "2006", "value": "15.92298941"}, {"country": "PLW - Palau", "index": "GDI - Gender Development Index", "indicator": "eys_f - Expected Years of Schooling, female (years)", "year": "2007", "value": "16.10226103"}, {"country": "PLW - Palau", "index": "GDI - Gender Development Index", "indicator": "eys_f - Expected Years of Schooling, female (years)", "year": "2008", "value": "16.28153265"}, {"country": "PLW - Palau", "index": "GDI - Gender Development Index", "indicator": "eys_f - Expected Years of Schooling, female (years)", "year": "2009", "value": "16.46080428"}, {"country": "PLW - Palau", "index": "GDI - Gender Development Index", "indicator": "eys_f - Expected Years of Schooling, female (years)", "year": "2010", "value": "16.6400759"}, {"country": "PLW - Palau", "index": "GDI - Gender Development Index", "indicator": "eys_f - Expected Years of Schooling, female (years)", "year": "2011", "value": "16.81934753"}, {"country": "PLW - Palau", "index": "GDI - Gender Development Index", "indicator": "eys_f - Expected Years of Schooling, female (years)", "year": "2012", "value": "16.99861915"}, {"country": "PLW - Palau", "index": "GDI - Gender Development Index", "indicator": "eys_f - Expected Years of Schooling, female (years)", "year": "2013", "value": "17.17789078"}, {"country": "PLW - Palau", "index": "GDI - Gender Development Index", "indicator": "eys_f - Expected Years of Schooling, female (years)", "year": "2014", "value": "17.00765924"}, {"country": "PLW - Palau", "index": "GDI - Gender Development Index", "indicator": "eys_f - Expected Years of Schooling, female (years)", "year": "2015", "value": "16.8374277"}, {"country": "PLW - Palau", "index": "GDI - Gender Development Index", "indicator": "eys_f - Expected Years of Schooling, female (years)", "year": "2016", "value": "16.66719616"}, {"country": "PLW - Palau", "index": "GDI - Gender Development Index", "indicator": "eys_f - Expected Years of Schooling, female (years)", "year": "2017", "value": "16.49696462"}, {"country": "PLW - Palau", "index": "GDI - Gender Development Index", "indicator": "eys_f - Expected Years of Schooling, female (years)", "year": "2018", "value": "16.32673308"}, {"country": "PLW - Palau", "index": "GDI - Gender Development Index", "indicator": "eys_f - Expected Years of Schooling, female (years)", "year": "2019", "value": "16.15650154"}, {"country": "PLW - Palau", "index": "GDI - Gender Development Index", "indicator": "eys_f - Expected Years of Schooling, female (years)", "year": "2020", "value": "15.98627"}, {"country": "PLW - Palau", "index": "GDI - Gender Development Index", "indicator": "eys_f - Expected Years of Schooling, female (years)", "year": "2021", "value": "15.98627"}, {"country": "PLW - Palau", "index": "GDI - Gender Development Index", "indicator": "eys_m - Expected Years of Schooling, male (years)", "year": "2000", "value": "13.43274021"}, {"country": "PLW - Palau", "index": "GDI - Gender Development Index", "indicator": "eys_m - Expected Years of Schooling, male (years)", "year": "2001", "value": "13.63517101"}, {"country": "PLW - Palau", "index": "GDI - Gender Development Index", "indicator": "eys_m - Expected Years of Schooling, male (years)", "year": "2002", "value": "13.83760181"}, {"country": "PLW - Palau", "index": "GDI - Gender Development Index", "indicator": "eys_m - Expected Years of Schooling, male (years)", "year": "2003", "value": "14.04003261"}, {"country": "PLW - Palau", "index": "GDI - Gender Development Index", "indicator": "eys_m - Expected Years of Schooling, male (years)", "year": "2004", "value": "14.24246341"}, {"country": "PLW - Palau", "index": "GDI - Gender Development Index", "indicator": "eys_m - Expected Years of Schooling, male (years)", "year": "2005", "value": "14.4448942"}, {"country": "PLW - Palau", "index": "GDI - Gender Development Index", "indicator": "eys_m - Expected Years of Schooling, male (years)", "year": "2006", "value": "14.647325"}, {"country": "PLW - Palau", "index": "GDI - Gender Development Index", "indicator": "eys_m - Expected Years of Schooling, male (years)", "year": "2007", "value": "14.8497558"}, {"country": "PLW - Palau", "index": "GDI - Gender Development Index", "indicator": "eys_m - Expected Years of Schooling, male (years)", "year": "2008", "value": "15.0521866"}, {"country": "PLW - Palau", "index": "GDI - Gender Development Index", "indicator": "eys_m - Expected Years of Schooling, male (years)", "year": "2009", "value": "15.2546174"}, {"country": "PLW - Palau", "index": "GDI - Gender Development Index", "indicator": "eys_m - Expected Years of Schooling, male (years)", "year": "2010", "value": "15.4570482"}, {"country": "PLW - Palau", "index": "GDI - Gender Development Index", "indicator": "eys_m - Expected Years of Schooling, male (years)", "year": "2011", "value": "15.65947899"}, {"country": "PLW - Palau", "index": "GDI - Gender Development Index", "indicator": "eys_m - Expected Years of Schooling, male (years)", "year": "2012", "value": "15.86190979"}, {"country": "PLW - Palau", "index": "GDI - Gender Development Index", "indicator": "eys_m - Expected Years of Schooling, male (years)", "year": "2013", "value": "16.06434059"}, {"country": "PLW - Palau", "index": "GDI - Gender Development Index", "indicator": "eys_m - Expected Years of Schooling, male (years)", "year": "2014", "value": "15.98896622"}, {"country": "PLW - Palau", "index": "GDI - Gender Development Index", "indicator": "eys_m - Expected Years of Schooling, male (years)", "year": "2015", "value": "15.91359185"}, {"country": "PLW - Palau", "index": "GDI - Gender Development Index", "indicator": "eys_m - Expected Years of Schooling, male (years)", "year": "2016", "value": "15.83821748"}, {"country": "PLW - Palau", "index": "GDI - Gender Development Index", "indicator": "eys_m - Expected Years of Schooling, male (years)", "year": "2017", "value": "15.76284311"}, {"country": "PLW - Palau", "index": "GDI - Gender Development Index", "indicator": "eys_m - Expected Years of Schooling, male (years)", "year": "2018", "value": "15.68746874"}, {"country": "PLW - Palau", "index": "GDI - Gender Development Index", "indicator": "eys_m - Expected Years of Schooling, male (years)", "year": "2019", "value": "15.61209437"}, {"country": "PLW - Palau", "index": "GDI - Gender Development Index", "indicator": "eys_m - Expected Years of Schooling, male (years)", "year": "2020", "value": "15.53672"}, {"country": "PLW - Palau", "index": "GDI - Gender Development Index", "indicator": "eys_m - Expected Years of Schooling, male (years)", "year": "2021", "value": "15.53672"}, {"country": "PLW - Palau", "index": "HDI - Human Development Index", "indicator": "gnipc - Gross National Income Per Capita (2017 PPP$)", "year": "1990", "value": "13380.2102"}, {"country": "PLW - Palau", "index": "HDI - Human Development Index", "indicator": "gnipc - Gross National Income Per Capita (2017 PPP$)", "year": "1991", "value": "14485.6921"}, {"country": "PLW - Palau", "index": "HDI - Human Development Index", "indicator": "gnipc - Gross National Income Per Capita (2017 PPP$)", "year": "1992", "value": "13196.84708"}, {"country": "PLW - Palau", "index": "HDI - Human Development Index", "indicator": "gnipc - Gross National Income Per Capita (2017 PPP$)", "year": "1993", "value": "11706.96687"}, {"country": "PLW - Palau", "index": "HDI - Human Development Index", "indicator": "gnipc - Gross National Income Per Capita (2017 PPP$)", "year": "1994", "value": "12181.22635"}, {"country": "PLW - Palau", "index": "HDI - Human Development Index", "indicator": "gnipc - Gross National Income Per Capita (2017 PPP$)", "year": "1995", "value": "13414.65806"}, {"country": "PLW - Palau", "index": "HDI - Human Development Index", "indicator": "gnipc - Gross National Income Per Capita (2017 PPP$)", "year": "1996", "value": "13830.93761"}, {"country": "PLW - Palau", "index": "HDI - Human Development Index", "indicator": "gnipc - Gross National Income Per Capita (2017 PPP$)", "year": "1997", "value": "13584.61634"}, {"country": "PLW - Palau", "index": "HDI - Human Development Index", "indicator": "gnipc - Gross National Income Per Capita (2017 PPP$)", "year": "1998", "value": "13149.66827"}, {"country": "PLW - Palau", "index": "HDI - Human Development Index", "indicator": "gnipc - Gross National Income Per Capita (2017 PPP$)", "year": "1999", "value": "12928.07308"}, {"country": "PLW - Palau", "index": "HDI - Human Development Index", "indicator": "gnipc - Gross National Income Per Capita (2017 PPP$)", "year": "2000", "value": "13538.19512"}, {"country": "PLW - Palau", "index": "HDI - Human Development Index", "indicator": "gnipc - Gross National Income Per Capita (2017 PPP$)", "year": "2001", "value": "13636.88755"}, {"country": "PLW - Palau", "index": "HDI - Human Development Index", "indicator": "gnipc - Gross National Income Per Capita (2017 PPP$)", "year": "2002", "value": "13989.9524"}, {"country": "PLW - Palau", "index": "HDI - Human Development Index", "indicator": "gnipc - Gross National Income Per Capita (2017 PPP$)", "year": "2003", "value": "14168.38155"}, {"country": "PLW - Palau", "index": "HDI - Human Development Index", "indicator": "gnipc - Gross National Income Per Capita (2017 PPP$)", "year": "2004", "value": "14444.56106"}, {"country": "PLW - Palau", "index": "HDI - Human Development Index", "indicator": "gnipc - Gross National Income Per Capita (2017 PPP$)", "year": "2005", "value": "17652.04713"}, {"country": "PLW - Palau", "index": "HDI - Human Development Index", "indicator": "gnipc - Gross National Income Per Capita (2017 PPP$)", "year": "2006", "value": "17737.87856"}, {"country": "PLW - Palau", "index": "HDI - Human Development Index", "indicator": "gnipc - Gross National Income Per Capita (2017 PPP$)", "year": "2007", "value": "18594.95734"}, {"country": "PLW - Palau", "index": "HDI - Human Development Index", "indicator": "gnipc - Gross National Income Per Capita (2017 PPP$)", "year": "2008", "value": "17752.22216"}, {"country": "PLW - Palau", "index": "HDI - Human Development Index", "indicator": "gnipc - Gross National Income Per Capita (2017 PPP$)", "year": "2009", "value": "16818.91756"}, {"country": "PLW - Palau", "index": "HDI - Human Development Index", "indicator": "gnipc - Gross National Income Per Capita (2017 PPP$)", "year": "2010", "value": "17068.63254"}, {"country": "PLW - Palau", "index": "HDI - Human Development Index", "indicator": "gnipc - Gross National Income Per Capita (2017 PPP$)", "year": "2011", "value": "18214.66845"}, {"country": "PLW - Palau", "index": "HDI - Human Development Index", "indicator": "gnipc - Gross National Income Per Capita (2017 PPP$)", "year": "2012", "value": "18412.20426"}, {"country": "PLW - Palau", "index": "HDI - Human Development Index", "indicator": "gnipc - Gross National Income Per Capita (2017 PPP$)", "year": "2013", "value": "17858.55621"}, {"country": "PLW - Palau", "index": "HDI - Human Development Index", "indicator": "gnipc - Gross National Income Per Capita (2017 PPP$)", "year": "2014", "value": "18788.42494"}, {"country": "PLW - Palau", "index": "HDI - Human Development Index", "indicator": "gnipc - Gross National Income Per Capita (2017 PPP$)", "year": "2015", "value": "20005.08443"}, {"country": "PLW - Palau", "index": "HDI - Human Development Index", "indicator": "gnipc - Gross National Income Per Capita (2017 PPP$)", "year": "2016", "value": "19783.90768"}, {"country": "PLW - Palau", "index": "HDI - Human Development Index", "indicator": "gnipc - Gross National Income Per Capita (2017 PPP$)", "year": "2017", "value": "18910.23865"}, {"country": "PLW - Palau", "index": "HDI - Human Development Index", "indicator": "gnipc - Gross National Income Per Capita (2017 PPP$)", "year": "2018", "value": "19877.82994"}, {"country": "PLW - Palau", "index": "HDI - Human Development Index", "indicator": "gnipc - Gross National Income Per Capita (2017 PPP$)", "year": "2019", "value": "18740.42054"}, {"country": "PLW - Palau", "index": "HDI - Human Development Index", "indicator": "gnipc - Gross National Income Per Capita (2017 PPP$)", "year": "2020", "value": "16839.04834"}, {"country": "PLW - Palau", "index": "HDI - Human Development Index", "indicator": "gnipc - Gross National Income Per Capita (2017 PPP$)", "year": "2021", "value": "13818.67869"}, {"country": "PLW - Palau", "index": "HDI - Human Development Index", "indicator": "hdi - Human Development Index (value)", "year": "2000", "value": "0.739"}, {"country": "PLW - Palau", "index": "HDI - Human Development Index", "indicator": "hdi - Human Development Index (value)", "year": "2001", "value": "0.745"}, {"country": "PLW - Palau", "index": "HDI - Human Development Index", "indicator": "hdi - Human Development Index (value)", "year": "2002", "value": "0.75"}, {"country": "PLW - Palau", "index": "HDI - Human Development Index", "indicator": "hdi - Human Development Index (value)", "year": "2003", "value": "0.754"}, {"country": "PLW - Palau", "index": "HDI - Human Development Index", "indicator": "hdi - Human Development Index (value)", "year": "2004", "value": "0.756"}, {"country": "PLW - Palau", "index": "HDI - Human Development Index", "indicator": "hdi - Human Development Index (value)", "year": "2005", "value": "0.767"}, {"country": "PLW - Palau", "index": "HDI - Human Development Index", "indicator": "hdi - Human Development Index (value)", "year": "2006", "value": "0.769"}, {"country": "PLW - Palau", "index": "HDI - Human Development Index", "indicator": "hdi - Human Development Index (value)", "year": "2007", "value": "0.773"}, {"country": "PLW - Palau", "index": "HDI - Human Development Index", "indicator": "hdi - Human Development Index (value)", "year": "2008", "value": "0.772"}, {"country": "PLW - Palau", "index": "HDI - Human Development Index", "indicator": "hdi - Human Development Index (value)", "year": "2009", "value": "0.771"}, {"country": "PLW - Palau", "index": "HDI - Human Development Index", "indicator": "hdi - Human Development Index (value)", "year": "2010", "value": "0.773"}, {"country": "PLW - Palau", "index": "HDI - Human Development Index", "indicator": "hdi - Human Development Index (value)", "year": "2011", "value": "0.776"}, {"country": "PLW - Palau", "index": "HDI - Human Development Index", "indicator": "hdi - Human Development Index (value)", "year": "2012", "value": "0.776"}, {"country": "PLW - Palau", "index": "HDI - Human Development Index", "indicator": "hdi - Human Development Index (value)", "year": "2013", "value": "0.779"}, {"country": "PLW - Palau", "index": "HDI - Human Development Index", "indicator": "hdi - Human Development Index (value)", "year": "2014", "value": "0.779"}, {"country": "PLW - Palau", "index": "HDI - Human Development Index", "indicator": "hdi - Human Development Index (value)", "year": "2015", "value": "0.78"}, {"country": "PLW - Palau", "index": "HDI - Human Development Index", "indicator": "hdi - Human Development Index (value)", "year": "2016", "value": "0.778"}, {"country": "PLW - Palau", "index": "HDI - Human Development Index", "indicator": "hdi - Human Development Index (value)", "year": "2017", "value": "0.775"}, {"country": "PLW - Palau", "index": "HDI - Human Development Index", "indicator": "hdi - Human Development Index (value)", "year": "2018", "value": "0.778"}, {"country": "PLW - Palau", "index": "HDI - Human Development Index", "indicator": "hdi - Human Development Index (value)", "year": "2019", "value": "0.776"}, {"country": "PLW - Palau", "index": "HDI - Human Development Index", "indicator": "hdi - Human Development Index (value)", "year": "2020", "value": "0.773"}, {"country": "PLW - Palau", "index": "HDI - Human Development Index", "indicator": "hdi - Human Development Index (value)", "year": "2021", "value": "0.767"}, {"country": "PLW - Palau", "index": "HDI - Human Development Index", "indicator": "hdi_rank - HDI Rank", "year": "2021", "value": "80"}, {"country": "PLW - Palau", "index": "IHDI - Inequality-adjusted Human Development Index", "indicator": "ineq_edu - Inequality in eduation", "year": "2013", "value": "2.180765728"}, {"country": "PLW - Palau", "index": "IHDI - Inequality-adjusted Human Development Index", "indicator": "ineq_edu - Inequality in eduation", "year": "2014", "value": "2.180765728"}, {"country": "PLW - Palau", "index": "IHDI - Inequality-adjusted Human Development Index", "indicator": "ineq_edu - Inequality in eduation", "year": "2015", "value": "2.180765728"}, {"country": "PLW - Palau", "index": "IHDI - Inequality-adjusted Human Development Index", "indicator": "ineq_edu - Inequality in eduation", "year": "2016", "value": "2.180765728"}, {"country": "PLW - Palau", "index": "IHDI - Inequality-adjusted Human Development Index", "indicator": "ineq_edu - Inequality in eduation", "year": "2017", "value": "2.180765728"}, {"country": "PLW - Palau", "index": "IHDI - Inequality-adjusted Human Development Index", "indicator": "ineq_edu - Inequality in eduation", "year": "2018", "value": "2.180765728"}, {"country": "PLW - Palau", "index": "IHDI - Inequality-adjusted Human Development Index", "indicator": "ineq_edu - Inequality in eduation", "year": "2019", "value": "2.180765728"}, {"country": "PLW - Palau", "index": "IHDI - Inequality-adjusted Human Development Index", "indicator": "ineq_edu - Inequality in eduation", "year": "2020", "value": "2.180765728"}, {"country": "PLW - Palau", "index": "IHDI - Inequality-adjusted Human Development Index", "indicator": "ineq_edu - Inequality in eduation", "year": "2021", "value": "2.180765728"}, {"country": "PLW - Palau", "index": "IHDI - Inequality-adjusted Human Development Index", "indicator": "ineq_inc - Inequality in income", "year": "2010", "value": "23.035"}, {"country": "PLW - Palau", "index": "IHDI - Inequality-adjusted Human Development Index", "indicator": "ineq_inc - Inequality in income", "year": "2011", "value": "23.035"}, {"country": "PLW - Palau", "index": "IHDI - Inequality-adjusted Human Development Index", "indicator": "ineq_le - Inequality in life expectancy", "year": "2010", "value": "15.65144062"}, {"country": "PLW - Palau", "index": "IHDI - Inequality-adjusted Human Development Index", "indicator": "ineq_le - Inequality in life expectancy", "year": "2011", "value": "15.49729252"}, {"country": "PLW - Palau", "index": "IHDI - Inequality-adjusted Human Development Index", "indicator": "ineq_le - Inequality in life expectancy", "year": "2012", "value": "15.33435822"}, {"country": "PLW - Palau", "index": "IHDI - Inequality-adjusted Human Development Index", "indicator": "ineq_le - Inequality in life expectancy", "year": "2013", "value": "15.1783762"}, {"country": "PLW - Palau", "index": "IHDI - Inequality-adjusted Human Development Index", "indicator": "ineq_le - Inequality in life expectancy", "year": "2014", "value": "14.99480915"}, {"country": "PLW - Palau", "index": "IHDI - Inequality-adjusted Human Development Index", "indicator": "ineq_le - Inequality in life expectancy", "year": "2015", "value": "14.73750877"}, {"country": "PLW - Palau", "index": "IHDI - Inequality-adjusted Human Development Index", "indicator": "ineq_le - Inequality in life expectancy", "year": "2016", "value": "14.41321468"}, {"country": "PLW - Palau", "index": "IHDI - Inequality-adjusted Human Development Index", "indicator": "ineq_le - Inequality in life expectancy", "year": "2017", "value": "14.07137775"}, {"country": "PLW - Palau", "index": "IHDI - Inequality-adjusted Human Development Index", "indicator": "ineq_le - Inequality in life expectancy", "year": "2018", "value": "13.71571255"}, {"country": "PLW - Palau", "index": "IHDI - Inequality-adjusted Human Development Index", "indicator": "ineq_le - Inequality in life expectancy", "year": "2019", "value": "13.3456316"}, {"country": "PLW - Palau", "index": "IHDI - Inequality-adjusted Human Development Index", "indicator": "ineq_le - Inequality in life expectancy", "year": "2020", "value": "12.93183613"}, {"country": "PLW - Palau", "index": "IHDI - Inequality-adjusted Human Development Index", "indicator": "ineq_le - Inequality in life expectancy", "year": "2021", "value": "12.47459698"}, {"country": "PLW - Palau", "index": "HDI - Human Development Index", "indicator": "le - Life Expectancy at Birth (years)", "year": "1990", "value": "61.5816"}, {"country": "PLW - Palau", "index": "HDI - Human Development Index", "indicator": "le - Life Expectancy at Birth (years)", "year": "1991", "value": "61.8904"}, {"country": "PLW - Palau", "index": "HDI - Human Development Index", "indicator": "le - Life Expectancy at Birth (years)", "year": "1992", "value": "62.236"}, {"country": "PLW - Palau", "index": "HDI - Human Development Index", "indicator": "le - Life Expectancy at Birth (years)", "year": "1993", "value": "62.5928"}, {"country": "PLW - Palau", "index": "HDI - Human Development Index", "indicator": "le - Life Expectancy at Birth (years)", "year": "1994", "value": "62.9177"}, {"country": "PLW - Palau", "index": "HDI - Human Development Index", "indicator": "le - Life Expectancy at Birth (years)", "year": "1995", "value": "63.2213"}, {"country": "PLW - Palau", "index": "HDI - Human Development Index", "indicator": "le - Life Expectancy at Birth (years)", "year": "1996", "value": "63.5659"}, {"country": "PLW - Palau", "index": "HDI - Human Development Index", "indicator": "le - Life Expectancy at Birth (years)", "year": "1997", "value": "63.9808"}, {"country": "PLW - Palau", "index": "HDI - Human Development Index", "indicator": "le - Life Expectancy at Birth (years)", "year": "1998", "value": "64.5538"}, {"country": "PLW - Palau", "index": "HDI - Human Development Index", "indicator": "le - Life Expectancy at Birth (years)", "year": "1999", "value": "65.169"}, {"country": "PLW - Palau", "index": "HDI - Human Development Index", "indicator": "le - Life Expectancy at Birth (years)", "year": "2000", "value": "65.8914"}, {"country": "PLW - Palau", "index": "HDI - Human Development Index", "indicator": "le - Life Expectancy at Birth (years)", "year": "2001", "value": "66.5528"}, {"country": "PLW - Palau", "index": "HDI - Human Development Index", "indicator": "le - Life Expectancy at Birth (years)", "year": "2002", "value": "66.9603"}, {"country": "PLW - Palau", "index": "HDI - Human Development Index", "indicator": "le - Life Expectancy at Birth (years)", "year": "2003", "value": "67.2275"}, {"country": "PLW - Palau", "index": "HDI - Human Development Index", "indicator": "le - Life Expectancy at Birth (years)", "year": "2004", "value": "67.1912"}, {"country": "PLW - Palau", "index": "HDI - Human Development Index", "indicator": "le - Life Expectancy at Birth (years)", "year": "2005", "value": "66.9917"}, {"country": "PLW - Palau", "index": "HDI - Human Development Index", "indicator": "le - Life Expectancy at Birth (years)", "year": "2006", "value": "66.7302"}, {"country": "PLW - Palau", "index": "HDI - Human Development Index", "indicator": "le - Life Expectancy at Birth (years)", "year": "2007", "value": "66.4874"}, {"country": "PLW - Palau", "index": "HDI - Human Development Index", "indicator": "le - Life Expectancy at Birth (years)", "year": "2008", "value": "66.207"}, {"country": "PLW - Palau", "index": "HDI - Human Development Index", "indicator": "le - Life Expectancy at Birth (years)", "year": "2009", "value": "65.9182"}, {"country": "PLW - Palau", "index": "HDI - Human Development Index", "indicator": "le - Life Expectancy at Birth (years)", "year": "2010", "value": "65.5975"}, {"country": "PLW - Palau", "index": "HDI - Human Development Index", "indicator": "le - Life Expectancy at Birth (years)", "year": "2011", "value": "65.1546"}, {"country": "PLW - Palau", "index": "HDI - Human Development Index", "indicator": "le - Life Expectancy at Birth (years)", "year": "2012", "value": "64.7077"}, {"country": "PLW - Palau", "index": "HDI - Human Development Index", "indicator": "le - Life Expectancy at Birth (years)", "year": "2013", "value": "64.227"}, {"country": "PLW - Palau", "index": "HDI - Human Development Index", "indicator": "le - Life Expectancy at Birth (years)", "year": "2014", "value": "63.8575"}, {"country": "PLW - Palau", "index": "HDI - Human Development Index", "indicator": "le - Life Expectancy at Birth (years)", "year": "2015", "value": "63.7461"}, {"country": "PLW - Palau", "index": "HDI - Human Development Index", "indicator": "le - Life Expectancy at Birth (years)", "year": "2016", "value": "63.8521"}, {"country": "PLW - Palau", "index": "HDI - Human Development Index", "indicator": "le - Life Expectancy at Birth (years)", "year": "2017", "value": "64.0828"}, {"country": "PLW - Palau", "index": "HDI - Human Development Index", "indicator": "le - Life Expectancy at Birth (years)", "year": "2018", "value": "64.3886"}, {"country": "PLW - Palau", "index": "HDI - Human Development Index", "indicator": "le - Life Expectancy at Birth (years)", "year": "2019", "value": "64.8043"}, {"country": "PLW - Palau", "index": "HDI - Human Development Index", "indicator": "le - Life Expectancy at Birth (years)", "year": "2020", "value": "65.3491"}, {"country": "PLW - Palau", "index": "HDI - Human Development Index", "indicator": "le - Life Expectancy at Birth (years)", "year": "2021", "value": "66.0204"}, {"country": "PLW - Palau", "index": "GDI - Gender Development Index", "indicator": "le_f - Life Expectancy at Birth, female (years)", "year": "1990", "value": "69.1171"}, {"country": "PLW - Palau", "index": "GDI - Gender Development Index", "indicator": "le_f - Life Expectancy at Birth, female (years)", "year": "1991", "value": "68.9212"}, {"country": "PLW - Palau", "index": "GDI - Gender Development Index", "indicator": "le_f - Life Expectancy at Birth, female (years)", "year": "1992", "value": "68.7353"}, {"country": "PLW - Palau", "index": "GDI - Gender Development Index", "indicator": "le_f - Life Expectancy at Birth, female (years)", "year": "1993", "value": "68.5995"}, {"country": "PLW - Palau", "index": "GDI - Gender Development Index", "indicator": "le_f - Life Expectancy at Birth, female (years)", "year": "1994", "value": "68.5089"}, {"country": "PLW - Palau", "index": "GDI - Gender Development Index", "indicator": "le_f - Life Expectancy at Birth, female (years)", "year": "1995", "value": "68.4272"}, {"country": "PLW - Palau", "index": "GDI - Gender Development Index", "indicator": "le_f - Life Expectancy at Birth, female (years)", "year": "1996", "value": "68.443"}, {"country": "PLW - Palau", "index": "GDI - Gender Development Index", "indicator": "le_f - Life Expectancy at Birth, female (years)", "year": "1997", "value": "68.6135"}, {"country": "PLW - Palau", "index": "GDI - Gender Development Index", "indicator": "le_f - Life Expectancy at Birth, female (years)", "year": "1998", "value": "69.1762"}, {"country": "PLW - Palau", "index": "GDI - Gender Development Index", "indicator": "le_f - Life Expectancy at Birth, female (years)", "year": "1999", "value": "69.8801"}, {"country": "PLW - Palau", "index": "GDI - Gender Development Index", "indicator": "le_f - Life Expectancy at Birth, female (years)", "year": "2000", "value": "70.8499"}, {"country": "PLW - Palau", "index": "GDI - Gender Development Index", "indicator": "le_f - Life Expectancy at Birth, female (years)", "year": "2001", "value": "71.7422"}, {"country": "PLW - Palau", "index": "GDI - Gender Development Index", "indicator": "le_f - Life Expectancy at Birth, female (years)", "year": "2002", "value": "72.1088"}, {"country": "PLW - Palau", "index": "GDI - Gender Development Index", "indicator": "le_f - Life Expectancy at Birth, female (years)", "year": "2003", "value": "72.2861"}, {"country": "PLW - Palau", "index": "GDI - Gender Development Index", "indicator": "le_f - Life Expectancy at Birth, female (years)", "year": "2004", "value": "71.8498"}, {"country": "PLW - Palau", "index": "GDI - Gender Development Index", "indicator": "le_f - Life Expectancy at Birth, female (years)", "year": "2005", "value": "71.2193"}, {"country": "PLW - Palau", "index": "GDI - Gender Development Index", "indicator": "le_f - Life Expectancy at Birth, female (years)", "year": "2006", "value": "70.4792"}, {"country": "PLW - Palau", "index": "GDI - Gender Development Index", "indicator": "le_f - Life Expectancy at Birth, female (years)", "year": "2007", "value": "69.9327"}, {"country": "PLW - Palau", "index": "GDI - Gender Development Index", "indicator": "le_f - Life Expectancy at Birth, female (years)", "year": "2008", "value": "69.4109"}, {"country": "PLW - Palau", "index": "GDI - Gender Development Index", "indicator": "le_f - Life Expectancy at Birth, female (years)", "year": "2009", "value": "69.0587"}, {"country": "PLW - Palau", "index": "GDI - Gender Development Index", "indicator": "le_f - Life Expectancy at Birth, female (years)", "year": "2010", "value": "68.7223"}, {"country": "PLW - Palau", "index": "GDI - Gender Development Index", "indicator": "le_f - Life Expectancy at Birth, female (years)", "year": "2011", "value": "68.1374"}, {"country": "PLW - Palau", "index": "GDI - Gender Development Index", "indicator": "le_f - Life Expectancy at Birth, female (years)", "year": "2012", "value": "67.5711"}, {"country": "PLW - Palau", "index": "GDI - Gender Development Index", "indicator": "le_f - Life Expectancy at Birth, female (years)", "year": "2013", "value": "67.0107"}, {"country": "PLW - Palau", "index": "GDI - Gender Development Index", "indicator": "le_f - Life Expectancy at Birth, female (years)", "year": "2014", "value": "66.6425"}, {"country": "PLW - Palau", "index": "GDI - Gender Development Index", "indicator": "le_f - Life Expectancy at Birth, female (years)", "year": "2015", "value": "66.6769"}, {"country": "PLW - Palau", "index": "GDI - Gender Development Index", "indicator": "le_f - Life Expectancy at Birth, female (years)", "year": "2016", "value": "66.9928"}, {"country": "PLW - Palau", "index": "GDI - Gender Development Index", "indicator": "le_f - Life Expectancy at Birth, female (years)", "year": "2017", "value": "67.4791"}, {"country": "PLW - Palau", "index": "GDI - Gender Development Index", "indicator": "le_f - Life Expectancy at Birth, female (years)", "year": "2018", "value": "68.0457"}, {"country": "PLW - Palau", "index": "GDI - Gender Development Index", "indicator": "le_f - Life Expectancy at Birth, female (years)", "year": "2019", "value": "68.7329"}, {"country": "PLW - Palau", "index": "GDI - Gender Development Index", "indicator": "le_f - Life Expectancy at Birth, female (years)", "year": "2020", "value": "69.5912"}, {"country": "PLW - Palau", "index": "GDI - Gender Development Index", "indicator": "le_f - Life Expectancy at Birth, female (years)", "year": "2021", "value": "70.5753"}, {"country": "PLW - Palau", "index": "GDI - Gender Development Index", "indicator": "le_m - Life Expectancy at Birth, male (years)", "year": "1990", "value": "56.6247"}, {"country": "PLW - Palau", "index": "GDI - Gender Development Index", "indicator": "le_m - Life Expectancy at Birth, male (years)", "year": "1991", "value": "57.1539"}, {"country": "PLW - Palau", "index": "GDI - Gender Development Index", "indicator": "le_m - Life Expectancy at Birth, male (years)", "year": "1992", "value": "57.7429"}, {"country": "PLW - Palau", "index": "GDI - Gender Development Index", "indicator": "le_m - Life Expectancy at Birth, male (years)", "year": "1993", "value": "58.335"}, {"country": "PLW - Palau", "index": "GDI - Gender Development Index", "indicator": "le_m - Life Expectancy at Birth, male (years)", "year": "1994", "value": "58.8701"}, {"country": "PLW - Palau", "index": "GDI - Gender Development Index", "indicator": "le_m - Life Expectancy at Birth, male (years)", "year": "1995", "value": "59.3782"}, {"country": "PLW - Palau", "index": "GDI - Gender Development Index", "indicator": "le_m - Life Expectancy at Birth, male (years)", "year": "1996", "value": "59.9049"}, {"country": "PLW - Palau", "index": "GDI - Gender Development Index", "indicator": "le_m - Life Expectancy at Birth, male (years)", "year": "1997", "value": "60.5076"}, {"country": "PLW - Palau", "index": "GDI - Gender Development Index", "indicator": "le_m - Life Expectancy at Birth, male (years)", "year": "1998", "value": "61.1208"}, {"country": "PLW - Palau", "index": "GDI - Gender Development Index", "indicator": "le_m - Life Expectancy at Birth, male (years)", "year": "1999", "value": "61.7114"}, {"country": "PLW - Palau", "index": "GDI - Gender Development Index", "indicator": "le_m - Life Expectancy at Birth, male (years)", "year": "2000", "value": "62.3134"}, {"country": "PLW - Palau", "index": "GDI - Gender Development Index", "indicator": "le_m - Life Expectancy at Birth, male (years)", "year": "2001", "value": "62.8061"}, {"country": "PLW - Palau", "index": "GDI - Gender Development Index", "indicator": "le_m - Life Expectancy at Birth, male (years)", "year": "2002", "value": "63.1955"}, {"country": "PLW - Palau", "index": "GDI - Gender Development Index", "indicator": "le_m - Life Expectancy at Birth, male (years)", "year": "2003", "value": "63.474"}, {"country": "PLW - Palau", "index": "GDI - Gender Development Index", "indicator": "le_m - Life Expectancy at Birth, male (years)", "year": "2004", "value": "63.6464"}, {"country": "PLW - Palau", "index": "GDI - Gender Development Index", "indicator": "le_m - Life Expectancy at Birth, male (years)", "year": "2005", "value": "63.6878"}, {"country": "PLW - Palau", "index": "GDI - Gender Development Index", "indicator": "le_m - Life Expectancy at Birth, male (years)", "year": "2006", "value": "63.7276"}, {"country": "PLW - Palau", "index": "GDI - Gender Development Index", "indicator": "le_m - Life Expectancy at Birth, male (years)", "year": "2007", "value": "63.6903"}, {"country": "PLW - Palau", "index": "GDI - Gender Development Index", "indicator": "le_m - Life Expectancy at Birth, male (years)", "year": "2008", "value": "63.5785"}, {"country": "PLW - Palau", "index": "GDI - Gender Development Index", "indicator": "le_m - Life Expectancy at Birth, male (years)", "year": "2009", "value": "63.3412"}, {"country": "PLW - Palau", "index": "GDI - Gender Development Index", "indicator": "le_m - Life Expectancy at Birth, male (years)", "year": "2010", "value": "63.0388"}, {"country": "PLW - Palau", "index": "GDI - Gender Development Index", "indicator": "le_m - Life Expectancy at Birth, male (years)", "year": "2011", "value": "62.698"}, {"country": "PLW - Palau", "index": "GDI - Gender Development Index", "indicator": "le_m - Life Expectancy at Birth, male (years)", "year": "2012", "value": "62.3326"}, {"country": "PLW - Palau", "index": "GDI - Gender Development Index", "indicator": "le_m - Life Expectancy at Birth, male (years)", "year": "2013", "value": "61.9128"}, {"country": "PLW - Palau", "index": "GDI - Gender Development Index", "indicator": "le_m - Life Expectancy at Birth, male (years)", "year": "2014", "value": "61.5494"}, {"country": "PLW - Palau", "index": "GDI - Gender Development Index", "indicator": "le_m - Life Expectancy at Birth, male (years)", "year": "2015", "value": "61.3474"}, {"country": "PLW - Palau", "index": "GDI - Gender Development Index", "indicator": "le_m - Life Expectancy at Birth, male (years)", "year": "2016", "value": "61.3089"}, {"country": "PLW - Palau", "index": "GDI - Gender Development Index", "indicator": "le_m - Life Expectancy at Birth, male (years)", "year": "2017", "value": "61.3585"}, {"country": "PLW - Palau", "index": "GDI - Gender Development Index", "indicator": "le_m - Life Expectancy at Birth, male (years)", "year": "2018", "value": "61.4754"}, {"country": "PLW - Palau", "index": "GDI - Gender Development Index", "indicator": "le_m - Life Expectancy at Birth, male (years)", "year": "2019", "value": "61.6891"}, {"country": "PLW - Palau", "index": "GDI - Gender Development Index", "indicator": "le_m - Life Expectancy at Birth, male (years)", "year": "2020", "value": "61.9974"}, {"country": "PLW - Palau", "index": "GDI - Gender Development Index", "indicator": "le_m - Life Expectancy at Birth, male (years)", "year": "2021", "value": "62.4323"}, {"country": "PLW - Palau", "index": "HDI - Human Development Index", "indicator": "mys - Mean Years of Schooling (years)", "year": "1990", "value": "10.29785585"}, {"country": "PLW - Palau", "index": "HDI - Human Development Index", "indicator": "mys - Mean Years of Schooling (years)", "year": "1991", "value": "10.41683987"}, {"country": "PLW - Palau", "index": "HDI - Human Development Index", "indicator": "mys - Mean Years of Schooling (years)", "year": "1992", "value": "10.53582389"}, {"country": "PLW - Palau", "index": "HDI - Human Development Index", "indicator": "mys - Mean Years of Schooling (years)", "year": "1993", "value": "10.6548079"}, {"country": "PLW - Palau", "index": "HDI - Human Development Index", "indicator": "mys - Mean Years of Schooling (years)", "year": "1994", "value": "10.77379192"}, {"country": "PLW - Palau", "index": "HDI - Human Development Index", "indicator": "mys - Mean Years of Schooling (years)", "year": "1995", "value": "10.89277594"}, {"country": "PLW - Palau", "index": "HDI - Human Development Index", "indicator": "mys - Mean Years of Schooling (years)", "year": "1996", "value": "10.99085477"}, {"country": "PLW - Palau", "index": "HDI - Human Development Index", "indicator": "mys - Mean Years of Schooling (years)", "year": "1997", "value": "11.08893359"}, {"country": "PLW - Palau", "index": "HDI - Human Development Index", "indicator": "mys - Mean Years of Schooling (years)", "year": "1998", "value": "11.18701242"}, {"country": "PLW - Palau", "index": "HDI - Human Development Index", "indicator": "mys - Mean Years of Schooling (years)", "year": "1999", "value": "11.28509125"}, {"country": "PLW - Palau", "index": "HDI - Human Development Index", "indicator": "mys - Mean Years of Schooling (years)", "year": "2000", "value": "11.38317007"}, {"country": "PLW - Palau", "index": "HDI - Human Development Index", "indicator": "mys - Mean Years of Schooling (years)", "year": "2001", "value": "11.38653606"}, {"country": "PLW - Palau", "index": "HDI - Human Development Index", "indicator": "mys - Mean Years of Schooling (years)", "year": "2002", "value": "11.38990204"}, {"country": "PLW - Palau", "index": "HDI - Human Development Index", "indicator": "mys - Mean Years of Schooling (years)", "year": "2003", "value": "11.39326803"}, {"country": "PLW - Palau", "index": "HDI - Human Development Index", "indicator": "mys - Mean Years of Schooling (years)", "year": "2004", "value": "11.39663401"}, {"country": "PLW - Palau", "index": "HDI - Human Development Index", "indicator": "mys - Mean Years of Schooling (years)", "year": "2005", "value": "11.4"}, {"country": "PLW - Palau", "index": "HDI - Human Development Index", "indicator": "mys - Mean Years of Schooling (years)", "year": "2006", "value": "11.53246823"}, {"country": "PLW - Palau", "index": "HDI - Human Development Index", "indicator": "mys - Mean Years of Schooling (years)", "year": "2007", "value": "11.66493645"}, {"country": "PLW - Palau", "index": "HDI - Human Development Index", "indicator": "mys - Mean Years of Schooling (years)", "year": "2008", "value": "11.79740468"}, {"country": "PLW - Palau", "index": "HDI - Human Development Index", "indicator": "mys - Mean Years of Schooling (years)", "year": "2009", "value": "11.92987291"}, {"country": "PLW - Palau", "index": "HDI - Human Development Index", "indicator": "mys - Mean Years of Schooling (years)", "year": "2010", "value": "12.06234113"}, {"country": "PLW - Palau", "index": "HDI - Human Development Index", "indicator": "mys - Mean Years of Schooling (years)", "year": "2011", "value": "12.19480936"}, {"country": "PLW - Palau", "index": "HDI - Human Development Index", "indicator": "mys - Mean Years of Schooling (years)", "year": "2012", "value": "12.20234785"}, {"country": "PLW - Palau", "index": "HDI - Human Development Index", "indicator": "mys - Mean Years of Schooling (years)", "year": "2013", "value": "12.81511974"}, {"country": "PLW - Palau", "index": "HDI - Human Development Index", "indicator": "mys - Mean Years of Schooling (years)", "year": "2014", "value": "12.88301"}, {"country": "PLW - Palau", "index": "HDI - Human Development Index", "indicator": "mys - Mean Years of Schooling (years)", "year": "2015", "value": "12.785"}, {"country": "PLW - Palau", "index": "HDI - Human Development Index", "indicator": "mys - Mean Years of Schooling (years)", "year": "2016", "value": "12.6872"}, {"country": "PLW - Palau", "index": "HDI - Human Development Index", "indicator": "mys - Mean Years of Schooling (years)", "year": "2017", "value": "12.5893"}, {"country": "PLW - Palau", "index": "HDI - Human Development Index", "indicator": "mys - Mean Years of Schooling (years)", "year": "2018", "value": "12.49143"}, {"country": "PLW - Palau", "index": "HDI - Human Development Index", "indicator": "mys - Mean Years of Schooling (years)", "year": "2019", "value": "12.49143"}, {"country": "PLW - Palau", "index": "HDI - Human Development Index", "indicator": "mys - Mean Years of Schooling (years)", "year": "2020", "value": "12.49143"}, {"country": "PLW - Palau", "index": "HDI - Human Development Index", "indicator": "mys - Mean Years of Schooling (years)", "year": "2021", "value": "12.49143"}, {"country": "PLW - Palau", "index": "GII - Gender Inequality Index", "indicator": "pr_f - Share of seats in parliament, female (% held by women)", "year": "1990", "value": "3.333333333"}, {"country": "PLW - Palau", "index": "GII - Gender Inequality Index", "indicator": "pr_f - Share of seats in parliament, female (% held by women)", "year": "1991", "value": "3.333333333"}, {"country": "PLW - Palau", "index": "GII - Gender Inequality Index", "indicator": "pr_f - Share of seats in parliament, female (% held by women)", "year": "1992", "value": "3.333333333"}, {"country": "PLW - Palau", "index": "GII - Gender Inequality Index", "indicator": "pr_f - Share of seats in parliament, female (% held by women)", "year": "1993", "value": "3.333333333"}, {"country": "PLW - Palau", "index": "GII - Gender Inequality Index", "indicator": "pr_f - Share of seats in parliament, female (% held by women)", "year": "1994", "value": "3.333333333"}, {"country": "PLW - Palau", "index": "GII - Gender Inequality Index", "indicator": "pr_f - Share of seats in parliament, female (% held by women)", "year": "1995", "value": "3.333333333"}, {"country": "PLW - Palau", "index": "GII - Gender Inequality Index", "indicator": "pr_f - Share of seats in parliament, female (% held by women)", "year": "1996", "value": "3.333333333"}, {"country": "PLW - Palau", "index": "GII - Gender Inequality Index", "indicator": "pr_f - Share of seats in parliament, female (% held by women)", "year": "1997", "value": "3.333333333"}, {"country": "PLW - Palau", "index": "GII - Gender Inequality Index", "indicator": "pr_f - Share of seats in parliament, female (% held by women)", "year": "1998", "value": "3.333333333"}, {"country": "PLW - Palau", "index": "GII - Gender Inequality Index", "indicator": "pr_f - Share of seats in parliament, female (% held by women)", "year": "1999", "value": "3.333333333"}, {"country": "PLW - Palau", "index": "GII - Gender Inequality Index", "indicator": "pr_f - Share of seats in parliament, female (% held by women)", "year": "2000", "value": "3.333333333"}, {"country": "PLW - Palau", "index": "GII - Gender Inequality Index", "indicator": "pr_f - Share of seats in parliament, female (% held by women)", "year": "2001", "value": "0"}, {"country": "PLW - Palau", "index": "GII - Gender Inequality Index", "indicator": "pr_f - Share of seats in parliament, female (% held by women)", "year": "2002", "value": "0"}, {"country": "PLW - Palau", "index": "GII - Gender Inequality Index", "indicator": "pr_f - Share of seats in parliament, female (% held by women)", "year": "2003", "value": "0"}, {"country": "PLW - Palau", "index": "GII - Gender Inequality Index", "indicator": "pr_f - Share of seats in parliament, female (% held by women)", "year": "2004", "value": "0"}, {"country": "PLW - Palau", "index": "GII - Gender Inequality Index", "indicator": "pr_f - Share of seats in parliament, female (% held by women)", "year": "2005", "value": "0"}, {"country": "PLW - Palau", "index": "GII - Gender Inequality Index", "indicator": "pr_f - Share of seats in parliament, female (% held by women)", "year": "2006", "value": "0"}, {"country": "PLW - Palau", "index": "GII - Gender Inequality Index", "indicator": "pr_f - Share of seats in parliament, female (% held by women)", "year": "2007", "value": "0"}, {"country": "PLW - Palau", "index": "GII - Gender Inequality Index", "indicator": "pr_f - Share of seats in parliament, female (% held by women)", "year": "2008", "value": "6.896551724"}, {"country": "PLW - Palau", "index": "GII - Gender Inequality Index", "indicator": "pr_f - Share of seats in parliament, female (% held by women)", "year": "2009", "value": "6.896551724"}, {"country": "PLW - Palau", "index": "GII - Gender Inequality Index", "indicator": "pr_f - Share of seats in parliament, female (% held by women)", "year": "2010", "value": "6.896551724"}, {"country": "PLW - Palau", "index": "GII - Gender Inequality Index", "indicator": "pr_f - Share of seats in parliament, female (% held by women)", "year": "2011", "value": "6.896551724"}, {"country": "PLW - Palau", "index": "GII - Gender Inequality Index", "indicator": "pr_f - Share of seats in parliament, female (% held by women)", "year": "2012", "value": "10.34482759"}, {"country": "PLW - Palau", "index": "GII - Gender Inequality Index", "indicator": "pr_f - Share of seats in parliament, female (% held by women)", "year": "2013", "value": "10.34482759"}, {"country": "PLW - Palau", "index": "GII - Gender Inequality Index", "indicator": "pr_f - Share of seats in parliament, female (% held by women)", "year": "2014", "value": "10.34482759"}, {"country": "PLW - Palau", "index": "GII - Gender Inequality Index", "indicator": "pr_f - Share of seats in parliament, female (% held by women)", "year": "2015", "value": "10.34482759"}, {"country": "PLW - Palau", "index": "GII - Gender Inequality Index", "indicator": "pr_f - Share of seats in parliament, female (% held by women)", "year": "2016", "value": "13.79310345"}, {"country": "PLW - Palau", "index": "GII - Gender Inequality Index", "indicator": "pr_f - Share of seats in parliament, female (% held by women)", "year": "2017", "value": "13.79310345"}, {"country": "PLW - Palau", "index": "GII - Gender Inequality Index", "indicator": "pr_f - Share of seats in parliament, female (% held by women)", "year": "2018", "value": "13.79310345"}, {"country": "PLW - Palau", "index": "GII - Gender Inequality Index", "indicator": "pr_f - Share of seats in parliament, female (% held by women)", "year": "2019", "value": "13.79310345"}, {"country": "PLW - Palau", "index": "GII - Gender Inequality Index", "indicator": "pr_f - Share of seats in parliament, female (% held by women)", "year": "2020", "value": "6.896551724"}, {"country": "PLW - Palau", "index": "GII - Gender Inequality Index", "indicator": "pr_f - Share of seats in parliament, female (% held by women)", "year": "2021", "value": "6.896551724"}, {"country": "PLW - Palau", "index": "GII - Gender Inequality Index", "indicator": "pr_m - Share of seats in parliament, male (% held by men)", "year": "1990", "value": "96.66666667"}, {"country": "PLW - Palau", "index": "GII - Gender Inequality Index", "indicator": "pr_m - Share of seats in parliament, male (% held by men)", "year": "1991", "value": "96.66666667"}, {"country": "PLW - Palau", "index": "GII - Gender Inequality Index", "indicator": "pr_m - Share of seats in parliament, male (% held by men)", "year": "1992", "value": "96.66666667"}, {"country": "PLW - Palau", "index": "GII - Gender Inequality Index", "indicator": "pr_m - Share of seats in parliament, male (% held by men)", "year": "1993", "value": "96.66666667"}, {"country": "PLW - Palau", "index": "GII - Gender Inequality Index", "indicator": "pr_m - Share of seats in parliament, male (% held by men)", "year": "1994", "value": "96.66666667"}, {"country": "PLW - Palau", "index": "GII - Gender Inequality Index", "indicator": "pr_m - Share of seats in parliament, male (% held by men)", "year": "1995", "value": "96.66666667"}, {"country": "PLW - Palau", "index": "GII - Gender Inequality Index", "indicator": "pr_m - Share of seats in parliament, male (% held by men)", "year": "1996", "value": "96.66666667"}, {"country": "PLW - Palau", "index": "GII - Gender Inequality Index", "indicator": "pr_m - Share of seats in parliament, male (% held by men)", "year": "1997", "value": "96.66666667"}, {"country": "PLW - Palau", "index": "GII - Gender Inequality Index", "indicator": "pr_m - Share of seats in parliament, male (% held by men)", "year": "1998", "value": "96.66666667"}, {"country": "PLW - Palau", "index": "GII - Gender Inequality Index", "indicator": "pr_m - Share of seats in parliament, male (% held by men)", "year": "1999", "value": "96.66666667"}, {"country": "PLW - Palau", "index": "GII - Gender Inequality Index", "indicator": "pr_m - Share of seats in parliament, male (% held by men)", "year": "2000", "value": "96.66666667"}, {"country": "PLW - Palau", "index": "GII - Gender Inequality Index", "indicator": "pr_m - Share of seats in parliament, male (% held by men)", "year": "2001", "value": "100"}, {"country": "PLW - Palau", "index": "GII - Gender Inequality Index", "indicator": "pr_m - Share of seats in parliament, male (% held by men)", "year": "2002", "value": "100"}, {"country": "PLW - Palau", "index": "GII - Gender Inequality Index", "indicator": "pr_m - Share of seats in parliament, male (% held by men)", "year": "2003", "value": "100"}, {"country": "PLW - Palau", "index": "GII - Gender Inequality Index", "indicator": "pr_m - Share of seats in parliament, male (% held by men)", "year": "2004", "value": "100"}, {"country": "PLW - Palau", "index": "GII - Gender Inequality Index", "indicator": "pr_m - Share of seats in parliament, male (% held by men)", "year": "2005", "value": "100"}, {"country": "PLW - Palau", "index": "GII - Gender Inequality Index", "indicator": "pr_m - Share of seats in parliament, male (% held by men)", "year": "2006", "value": "100"}, {"country": "PLW - Palau", "index": "GII - Gender Inequality Index", "indicator": "pr_m - Share of seats in parliament, male (% held by men)", "year": "2007", "value": "100"}, {"country": "PLW - Palau", "index": "GII - Gender Inequality Index", "indicator": "pr_m - Share of seats in parliament, male (% held by men)", "year": "2008", "value": "93.10344828"}, {"country": "PLW - Palau", "index": "GII - Gender Inequality Index", "indicator": "pr_m - Share of seats in parliament, male (% held by men)", "year": "2009", "value": "93.10344828"}, {"country": "PLW - Palau", "index": "GII - Gender Inequality Index", "indicator": "pr_m - Share of seats in parliament, male (% held by men)", "year": "2010", "value": "93.10344828"}, {"country": "PLW - Palau", "index": "GII - Gender Inequality Index", "indicator": "pr_m - Share of seats in parliament, male (% held by men)", "year": "2011", "value": "93.10344828"}, {"country": "PLW - Palau", "index": "GII - Gender Inequality Index", "indicator": "pr_m - Share of seats in parliament, male (% held by men)", "year": "2012", "value": "89.65517241"}, {"country": "PLW - Palau", "index": "GII - Gender Inequality Index", "indicator": "pr_m - Share of seats in parliament, male (% held by men)", "year": "2013", "value": "89.65517241"}, {"country": "PLW - Palau", "index": "GII - Gender Inequality Index", "indicator": "pr_m - Share of seats in parliament, male (% held by men)", "year": "2014", "value": "89.65517241"}, {"country": "PLW - Palau", "index": "GII - Gender Inequality Index", "indicator": "pr_m - Share of seats in parliament, male (% held by men)", "year": "2015", "value": "89.65517241"}, {"country": "PLW - Palau", "index": "GII - Gender Inequality Index", "indicator": "pr_m - Share of seats in parliament, male (% held by men)", "year": "2016", "value": "86.20689655"}, {"country": "PLW - Palau", "index": "GII - Gender Inequality Index", "indicator": "pr_m - Share of seats in parliament, male (% held by men)", "year": "2017", "value": "86.20689655"}, {"country": "PLW - Palau", "index": "GII - Gender Inequality Index", "indicator": "pr_m - Share of seats in parliament, male (% held by men)", "year": "2018", "value": "86.20689655"}, {"country": "PLW - Palau", "index": "GII - Gender Inequality Index", "indicator": "pr_m - Share of seats in parliament, male (% held by men)", "year": "2019", "value": "86.20689655"}, {"country": "PLW - Palau", "index": "GII - Gender Inequality Index", "indicator": "pr_m - Share of seats in parliament, male (% held by men)", "year": "2020", "value": "93.10344828"}, {"country": "PLW - Palau", "index": "GII - Gender Inequality Index", "indicator": "pr_m - Share of seats in parliament, male (% held by men)", "year": "2021", "value": "93.10344828"}, {"country": "PLW - Palau", "index": "GII - Gender Inequality Index", "indicator": "se_f - Population with at least some secondary education, female (% ages 25 and older)", "year": "2013", "value": "96.88913727"}, {"country": "PLW - Palau", "index": "GII - Gender Inequality Index", "indicator": "se_f - Population with at least some secondary education, female (% ages 25 and older)", "year": "2014", "value": "96.88913727"}, {"country": "PLW - Palau", "index": "GII - Gender Inequality Index", "indicator": "se_f - Population with at least some secondary education, female (% ages 25 and older)", "year": "2015", "value": "96.88913727"}, {"country": "PLW - Palau", "index": "GII - Gender Inequality Index", "indicator": "se_f - Population with at least some secondary education, female (% ages 25 and older)", "year": "2016", "value": "96.88913727"}, {"country": "PLW - Palau", "index": "GII - Gender Inequality Index", "indicator": "se_f - Population with at least some secondary education, female (% ages 25 and older)", "year": "2017", "value": "96.88913727"}, {"country": "PLW - Palau", "index": "GII - Gender Inequality Index", "indicator": "se_f - Population with at least some secondary education, female (% ages 25 and older)", "year": "2018", "value": "96.88913727"}, {"country": "PLW - Palau", "index": "GII - Gender Inequality Index", "indicator": "se_f - Population with at least some secondary education, female (% ages 25 and older)", "year": "2019", "value": "96.88913727"}, {"country": "PLW - Palau", "index": "GII - Gender Inequality Index", "indicator": "se_f - Population with at least some secondary education, female (% ages 25 and older)", "year": "2020", "value": "96.88913727"}, {"country": "PLW - Palau", "index": "GII - Gender Inequality Index", "indicator": "se_f - Population with at least some secondary education, female (% ages 25 and older)", "year": "2021", "value": "96.88913727"}, {"country": "PLW - Palau", "index": "GII - Gender Inequality Index", "indicator": "se_m - Population with at least some secondary education, male (% ages 25 and older)", "year": "2013", "value": "97.33132172"}, {"country": "PLW - Palau", "index": "GII - Gender Inequality Index", "indicator": "se_m - Population with at least some secondary education, male (% ages 25 and older)", "year": "2014", "value": "97.33132172"}, {"country": "PLW - Palau", "index": "GII - Gender Inequality Index", "indicator": "se_m - Population with at least some secondary education, male (% ages 25 and older)", "year": "2015", "value": "97.33132172"}, {"country": "PLW - Palau", "index": "GII - Gender Inequality Index", "indicator": "se_m - Population with at least some secondary education, male (% ages 25 and older)", "year": "2016", "value": "97.33132172"}, {"country": "PLW - Palau", "index": "GII - Gender Inequality Index", "indicator": "se_m - Population with at least some secondary education, male (% ages 25 and older)", "year": "2017", "value": "97.33132172"}, {"country": "PLW - Palau", "index": "GII - Gender Inequality Index", "indicator": "se_m - Population with at least some secondary education, male (% ages 25 and older)", "year": "2018", "value": "97.33132172"}, {"country": "PLW - Palau", "index": "GII - Gender Inequality Index", "indicator": "se_m - Population with at least some secondary education, male (% ages 25 and older)", "year": "2019", "value": "97.33132172"}, {"country": "PLW - Palau", "index": "GII - Gender Inequality Index", "indicator": "se_m - Population with at least some secondary education, male (% ages 25 and older)", "year": "2020", "value": "97.33132172"}, {"country": "PLW - Palau", "index": "GII - Gender Inequality Index", "indicator": "se_m - Population with at least some secondary education, male (% ages 25 and older)", "year": "2021", "value": "97.33132172"}]