[{"country": "SOM - Somalia", "index": "GII - Gender Inequality Index", "indicator": "abr - Adolescent Birth Rate (births per 1,000 women ages 15-19)", "year": "1990", "value": "117.939"}, {"country": "SOM - Somalia", "index": "GII - Gender Inequality Index", "indicator": "abr - Adolescent Birth Rate (births per 1,000 women ages 15-19)", "year": "1991", "value": "115.367"}, {"country": "SOM - Somalia", "index": "GII - Gender Inequality Index", "indicator": "abr - Adolescent Birth Rate (births per 1,000 women ages 15-19)", "year": "1992", "value": "116.461"}, {"country": "SOM - Somalia", "index": "GII - Gender Inequality Index", "indicator": "abr - Adolescent Birth Rate (births per 1,000 women ages 15-19)", "year": "1993", "value": "115.827"}, {"country": "SOM - Somalia", "index": "GII - Gender Inequality Index", "indicator": "abr - Adolescent Birth Rate (births per 1,000 women ages 15-19)", "year": "1994", "value": "117.138"}, {"country": "SOM - Somalia", "index": "GII - Gender Inequality Index", "indicator": "abr - Adolescent Birth Rate (births per 1,000 women ages 15-19)", "year": "1995", "value": "117.121"}, {"country": "SOM - Somalia", "index": "GII - Gender Inequality Index", "indicator": "abr - Adolescent Birth Rate (births per 1,000 women ages 15-19)", "year": "1996", "value": "118.486"}, {"country": "SOM - Somalia", "index": "GII - Gender Inequality Index", "indicator": "abr - Adolescent Birth Rate (births per 1,000 women ages 15-19)", "year": "1997", "value": "123.75"}, {"country": "SOM - Somalia", "index": "GII - Gender Inequality Index", "indicator": "abr - Adolescent Birth Rate (births per 1,000 women ages 15-19)", "year": "1998", "value": "126.275"}, {"country": "SOM - Somalia", "index": "GII - Gender Inequality Index", "indicator": "abr - Adolescent Birth Rate (births per 1,000 women ages 15-19)", "year": "1999", "value": "128.567"}, {"country": "SOM - Somalia", "index": "GII - Gender Inequality Index", "indicator": "abr - Adolescent Birth Rate (births per 1,000 women ages 15-19)", "year": "2000", "value": "129.944"}, {"country": "SOM - Somalia", "index": "GII - Gender Inequality Index", "indicator": "abr - Adolescent Birth Rate (births per 1,000 women ages 15-19)", "year": "2001", "value": "131.19"}, {"country": "SOM - Somalia", "index": "GII - Gender Inequality Index", "indicator": "abr - Adolescent Birth Rate (births per 1,000 women ages 15-19)", "year": "2002", "value": "132.896"}, {"country": "SOM - Somalia", "index": "GII - Gender Inequality Index", "indicator": "abr - Adolescent Birth Rate (births per 1,000 women ages 15-19)", "year": "2003", "value": "133.176"}, {"country": "SOM - Somalia", "index": "GII - Gender Inequality Index", "indicator": "abr - Adolescent Birth Rate (births per 1,000 women ages 15-19)", "year": "2004", "value": "133.65"}, {"country": "SOM - Somalia", "index": "GII - Gender Inequality Index", "indicator": "abr - Adolescent Birth Rate (births per 1,000 women ages 15-19)", "year": "2005", "value": "136.075"}, {"country": "SOM - Somalia", "index": "GII - Gender Inequality Index", "indicator": "abr - Adolescent Birth Rate (births per 1,000 women ages 15-19)", "year": "2006", "value": "138.085"}, {"country": "SOM - Somalia", "index": "GII - Gender Inequality Index", "indicator": "abr - Adolescent Birth Rate (births per 1,000 women ages 15-19)", "year": "2007", "value": "137.892"}, {"country": "SOM - Somalia", "index": "GII - Gender Inequality Index", "indicator": "abr - Adolescent Birth Rate (births per 1,000 women ages 15-19)", "year": "2008", "value": "135.665"}, {"country": "SOM - Somalia", "index": "GII - Gender Inequality Index", "indicator": "abr - Adolescent Birth Rate (births per 1,000 women ages 15-19)", "year": "2009", "value": "132.822"}, {"country": "SOM - Somalia", "index": "GII - Gender Inequality Index", "indicator": "abr - Adolescent Birth Rate (births per 1,000 women ages 15-19)", "year": "2010", "value": "130.861"}, {"country": "SOM - Somalia", "index": "GII - Gender Inequality Index", "indicator": "abr - Adolescent Birth Rate (births per 1,000 women ages 15-19)", "year": "2011", "value": "132.148"}, {"country": "SOM - Somalia", "index": "GII - Gender Inequality Index", "indicator": "abr - Adolescent Birth Rate (births per 1,000 women ages 15-19)", "year": "2012", "value": "133.481"}, {"country": "SOM - Somalia", "index": "GII - Gender Inequality Index", "indicator": "abr - Adolescent Birth Rate (births per 1,000 women ages 15-19)", "year": "2013", "value": "131.464"}, {"country": "SOM - Somalia", "index": "GII - Gender Inequality Index", "indicator": "abr - Adolescent Birth Rate (births per 1,000 women ages 15-19)", "year": "2014", "value": "129.721"}, {"country": "SOM - Somalia", "index": "GII - Gender Inequality Index", "indicator": "abr - Adolescent Birth Rate (births per 1,000 women ages 15-19)", "year": "2015", "value": "127.933"}, {"country": "SOM - Somalia", "index": "GII - Gender Inequality Index", "indicator": "abr - Adolescent Birth Rate (births per 1,000 women ages 15-19)", "year": "2016", "value": "125.411"}, {"country": "SOM - Somalia", "index": "GII - Gender Inequality Index", "indicator": "abr - Adolescent Birth Rate (births per 1,000 women ages 15-19)", "year": "2017", "value": "122.3"}, {"country": "SOM - Somalia", "index": "GII - Gender Inequality Index", "indicator": "abr - Adolescent Birth Rate (births per 1,000 women ages 15-19)", "year": "2018", "value": "121.625"}, {"country": "SOM - Somalia", "index": "GII - Gender Inequality Index", "indicator": "abr - Adolescent Birth Rate (births per 1,000 women ages 15-19)", "year": "2019", "value": "121.126"}, {"country": "SOM - Somalia", "index": "GII - Gender Inequality Index", "indicator": "abr - Adolescent Birth Rate (births per 1,000 women ages 15-19)", "year": "2020", "value": "119.081"}, {"country": "SOM - Somalia", "index": "GII - Gender Inequality Index", "indicator": "abr - Adolescent Birth Rate (births per 1,000 women ages 15-19)", "year": "2021", "value": "117.994"}, {"country": "SOM - Somalia", "index": "PHDI - Planetary pressures\u2013adjusted Human Development Index", "indicator": "co2_prod - Carbon dioxide emissions per capita (production) (tonnes)", "year": "1990", "value": "0.101161342"}, {"country": "SOM - Somalia", "index": "PHDI - Planetary pressures\u2013adjusted Human Development Index", "indicator": "co2_prod - Carbon dioxide emissions per capita (production) (tonnes)", "year": "1991", "value": "0.0972762"}, {"country": "SOM - Somalia", "index": "PHDI - Planetary pressures\u2013adjusted Human Development Index", "indicator": "co2_prod - Carbon dioxide emissions per capita (production) (tonnes)", "year": "1992", "value": "0.093311058"}, {"country": "SOM - Somalia", "index": "PHDI - Planetary pressures\u2013adjusted Human Development Index", "indicator": "co2_prod - Carbon dioxide emissions per capita (production) (tonnes)", "year": "1993", "value": "0.087538521"}, {"country": "SOM - Somalia", "index": "PHDI - Planetary pressures\u2013adjusted Human Development Index", "indicator": "co2_prod - Carbon dioxide emissions per capita (production) (tonnes)", "year": "1994", "value": "0.08537289"}, {"country": "SOM - Somalia", "index": "PHDI - Planetary pressures\u2013adjusted Human Development Index", "indicator": "co2_prod - Carbon dioxide emissions per capita (production) (tonnes)", "year": "1995", "value": "0.078634349"}, {"country": "SOM - Somalia", "index": "PHDI - Planetary pressures\u2013adjusted Human Development Index", "indicator": "co2_prod - Carbon dioxide emissions per capita (production) (tonnes)", "year": "1996", "value": "0.073922063"}, {"country": "SOM - Somalia", "index": "PHDI - Planetary pressures\u2013adjusted Human Development Index", "indicator": "co2_prod - Carbon dioxide emissions per capita (production) (tonnes)", "year": "1997", "value": "0.067868118"}, {"country": "SOM - Somalia", "index": "PHDI - Planetary pressures\u2013adjusted Human Development Index", "indicator": "co2_prod - Carbon dioxide emissions per capita (production) (tonnes)", "year": "1998", "value": "0.062289741"}, {"country": "SOM - Somalia", "index": "PHDI - Planetary pressures\u2013adjusted Human Development Index", "indicator": "co2_prod - Carbon dioxide emissions per capita (production) (tonnes)", "year": "1999", "value": "0.057400386"}, {"country": "SOM - Somalia", "index": "PHDI - Planetary pressures\u2013adjusted Human Development Index", "indicator": "co2_prod - Carbon dioxide emissions per capita (production) (tonnes)", "year": "2000", "value": "0.054098992"}, {"country": "SOM - Somalia", "index": "PHDI - Planetary pressures\u2013adjusted Human Development Index", "indicator": "co2_prod - Carbon dioxide emissions per capita (production) (tonnes)", "year": "2001", "value": "0.0546408"}, {"country": "SOM - Somalia", "index": "PHDI - Planetary pressures\u2013adjusted Human Development Index", "indicator": "co2_prod - Carbon dioxide emissions per capita (production) (tonnes)", "year": "2002", "value": "0.061700758"}, {"country": "SOM - Somalia", "index": "PHDI - Planetary pressures\u2013adjusted Human Development Index", "indicator": "co2_prod - Carbon dioxide emissions per capita (production) (tonnes)", "year": "2003", "value": "0.060473264"}, {"country": "SOM - Somalia", "index": "PHDI - Planetary pressures\u2013adjusted Human Development Index", "indicator": "co2_prod - Carbon dioxide emissions per capita (production) (tonnes)", "year": "2004", "value": "0.058593856"}, {"country": "SOM - Somalia", "index": "PHDI - Planetary pressures\u2013adjusted Human Development Index", "indicator": "co2_prod - Carbon dioxide emissions per capita (production) (tonnes)", "year": "2005", "value": "0.056818013"}, {"country": "SOM - Somalia", "index": "PHDI - Planetary pressures\u2013adjusted Human Development Index", "indicator": "co2_prod - Carbon dioxide emissions per capita (production) (tonnes)", "year": "2006", "value": "0.055144485"}, {"country": "SOM - Somalia", "index": "PHDI - Planetary pressures\u2013adjusted Human Development Index", "indicator": "co2_prod - Carbon dioxide emissions per capita (production) (tonnes)", "year": "2007", "value": "0.054892902"}, {"country": "SOM - Somalia", "index": "PHDI - Planetary pressures\u2013adjusted Human Development Index", "indicator": "co2_prod - Carbon dioxide emissions per capita (production) (tonnes)", "year": "2008", "value": "0.052723531"}, {"country": "SOM - Somalia", "index": "PHDI - Planetary pressures\u2013adjusted Human Development Index", "indicator": "co2_prod - Carbon dioxide emissions per capita (production) (tonnes)", "year": "2009", "value": "0.050968228"}, {"country": "SOM - Somalia", "index": "PHDI - Planetary pressures\u2013adjusted Human Development Index", "indicator": "co2_prod - Carbon dioxide emissions per capita (production) (tonnes)", "year": "2010", "value": "0.050805044"}, {"country": "SOM - Somalia", "index": "PHDI - Planetary pressures\u2013adjusted Human Development Index", "indicator": "co2_prod - Carbon dioxide emissions per capita (production) (tonnes)", "year": "2011", "value": "0.049440459"}, {"country": "SOM - Somalia", "index": "PHDI - Planetary pressures\u2013adjusted Human Development Index", "indicator": "co2_prod - Carbon dioxide emissions per capita (production) (tonnes)", "year": "2012", "value": "0.047832948"}, {"country": "SOM - Somalia", "index": "PHDI - Planetary pressures\u2013adjusted Human Development Index", "indicator": "co2_prod - Carbon dioxide emissions per capita (production) (tonnes)", "year": "2013", "value": "0.048241306"}, {"country": "SOM - Somalia", "index": "PHDI - Planetary pressures\u2013adjusted Human Development Index", "indicator": "co2_prod - Carbon dioxide emissions per capita (production) (tonnes)", "year": "2014", "value": "0.046948025"}, {"country": "SOM - Somalia", "index": "PHDI - Planetary pressures\u2013adjusted Human Development Index", "indicator": "co2_prod - Carbon dioxide emissions per capita (production) (tonnes)", "year": "2015", "value": "0.045676656"}, {"country": "SOM - Somalia", "index": "PHDI - Planetary pressures\u2013adjusted Human Development Index", "indicator": "co2_prod - Carbon dioxide emissions per capita (production) (tonnes)", "year": "2016", "value": "0.044942645"}, {"country": "SOM - Somalia", "index": "PHDI - Planetary pressures\u2013adjusted Human Development Index", "indicator": "co2_prod - Carbon dioxide emissions per capita (production) (tonnes)", "year": "2017", "value": "0.043699512"}, {"country": "SOM - Somalia", "index": "PHDI - Planetary pressures\u2013adjusted Human Development Index", "indicator": "co2_prod - Carbon dioxide emissions per capita (production) (tonnes)", "year": "2018", "value": "0.042479371"}, {"country": "SOM - Somalia", "index": "PHDI - Planetary pressures\u2013adjusted Human Development Index", "indicator": "co2_prod - Carbon dioxide emissions per capita (production) (tonnes)", "year": "2019", "value": "0.043074797"}, {"country": "SOM - Somalia", "index": "PHDI - Planetary pressures\u2013adjusted Human Development Index", "indicator": "co2_prod - Carbon dioxide emissions per capita (production) (tonnes)", "year": "2020", "value": "0.035369795"}, {"country": "SOM - Somalia", "index": "PHDI - Planetary pressures\u2013adjusted Human Development Index", "indicator": "co2_prod - Carbon dioxide emissions per capita (production) (tonnes)", "year": "2021", "value": "0.035369795"}, {"country": "SOM - Somalia", "index": "GDI - Gender Development Index", "indicator": "gni_pc_f - Gross National Income Per Capita, female (2017 PPP$)", "year": "1990", "value": "887.1604073"}, {"country": "SOM - Somalia", "index": "GDI - Gender Development Index", "indicator": "gni_pc_f - Gross National Income Per Capita, female (2017 PPP$)", "year": "1991", "value": "891.1671172"}, {"country": "SOM - Somalia", "index": "GDI - Gender Development Index", "indicator": "gni_pc_f - Gross National Income Per Capita, female (2017 PPP$)", "year": "1992", "value": "778.2586221"}, {"country": "SOM - Somalia", "index": "GDI - Gender Development Index", "indicator": "gni_pc_f - Gross National Income Per Capita, female (2017 PPP$)", "year": "1993", "value": "773.2265441"}, {"country": "SOM - Somalia", "index": "GDI - Gender Development Index", "indicator": "gni_pc_f - Gross National Income Per Capita, female (2017 PPP$)", "year": "1994", "value": "599.98359"}, {"country": "SOM - Somalia", "index": "GDI - Gender Development Index", "indicator": "gni_pc_f - Gross National Income Per Capita, female (2017 PPP$)", "year": "1995", "value": "586.5115799"}, {"country": "SOM - Somalia", "index": "GDI - Gender Development Index", "indicator": "gni_pc_f - Gross National Income Per Capita, female (2017 PPP$)", "year": "1996", "value": "591.382472"}, {"country": "SOM - Somalia", "index": "GDI - Gender Development Index", "indicator": "gni_pc_f - Gross National Income Per Capita, female (2017 PPP$)", "year": "1997", "value": "551.8371791"}, {"country": "SOM - Somalia", "index": "GDI - Gender Development Index", "indicator": "gni_pc_f - Gross National Income Per Capita, female (2017 PPP$)", "year": "1998", "value": "539.9313978"}, {"country": "SOM - Somalia", "index": "GDI - Gender Development Index", "indicator": "gni_pc_f - Gross National Income Per Capita, female (2017 PPP$)", "year": "1999", "value": "532.0285569"}, {"country": "SOM - Somalia", "index": "GDI - Gender Development Index", "indicator": "gni_pc_f - Gross National Income Per Capita, female (2017 PPP$)", "year": "2000", "value": "525.7439279"}, {"country": "SOM - Somalia", "index": "GDI - Gender Development Index", "indicator": "gni_pc_f - Gross National Income Per Capita, female (2017 PPP$)", "year": "2001", "value": "519.1952404"}, {"country": "SOM - Somalia", "index": "GDI - Gender Development Index", "indicator": "gni_pc_f - Gross National Income Per Capita, female (2017 PPP$)", "year": "2002", "value": "517.4489484"}, {"country": "SOM - Somalia", "index": "GDI - Gender Development Index", "indicator": "gni_pc_f - Gross National Income Per Capita, female (2017 PPP$)", "year": "2003", "value": "517.7769685"}, {"country": "SOM - Somalia", "index": "GDI - Gender Development Index", "indicator": "gni_pc_f - Gross National Income Per Capita, female (2017 PPP$)", "year": "2004", "value": "516.8245264"}, {"country": "SOM - Somalia", "index": "GDI - Gender Development Index", "indicator": "gni_pc_f - Gross National Income Per Capita, female (2017 PPP$)", "year": "2005", "value": "516.6963792"}, {"country": "SOM - Somalia", "index": "GDI - Gender Development Index", "indicator": "gni_pc_f - Gross National Income Per Capita, female (2017 PPP$)", "year": "2006", "value": "512.2418783"}, {"country": "SOM - Somalia", "index": "GDI - Gender Development Index", "indicator": "gni_pc_f - Gross National Income Per Capita, female (2017 PPP$)", "year": "2007", "value": "509.4140489"}, {"country": "SOM - Somalia", "index": "GDI - Gender Development Index", "indicator": "gni_pc_f - Gross National Income Per Capita, female (2017 PPP$)", "year": "2008", "value": "507.6123277"}, {"country": "SOM - Somalia", "index": "GDI - Gender Development Index", "indicator": "gni_pc_f - Gross National Income Per Capita, female (2017 PPP$)", "year": "2009", "value": "507.3263358"}, {"country": "SOM - Somalia", "index": "GDI - Gender Development Index", "indicator": "gni_pc_f - Gross National Income Per Capita, female (2017 PPP$)", "year": "2010", "value": "533.8449005"}, {"country": "SOM - Somalia", "index": "GDI - Gender Development Index", "indicator": "gni_pc_f - Gross National Income Per Capita, female (2017 PPP$)", "year": "2011", "value": "534.2582914"}, {"country": "SOM - Somalia", "index": "GDI - Gender Development Index", "indicator": "gni_pc_f - Gross National Income Per Capita, female (2017 PPP$)", "year": "2012", "value": "536.4632401"}, {"country": "SOM - Somalia", "index": "GDI - Gender Development Index", "indicator": "gni_pc_f - Gross National Income Per Capita, female (2017 PPP$)", "year": "2013", "value": "559.6229943"}, {"country": "SOM - Somalia", "index": "GDI - Gender Development Index", "indicator": "gni_pc_f - Gross National Income Per Capita, female (2017 PPP$)", "year": "2014", "value": "569.24984"}, {"country": "SOM - Somalia", "index": "GDI - Gender Development Index", "indicator": "gni_pc_f - Gross National Income Per Capita, female (2017 PPP$)", "year": "2015", "value": "572.8947893"}, {"country": "SOM - Somalia", "index": "GDI - Gender Development Index", "indicator": "gni_pc_f - Gross National Income Per Capita, female (2017 PPP$)", "year": "2016", "value": "575.16314"}, {"country": "SOM - Somalia", "index": "GDI - Gender Development Index", "indicator": "gni_pc_f - Gross National Income Per Capita, female (2017 PPP$)", "year": "2017", "value": "569.9410949"}, {"country": "SOM - Somalia", "index": "GDI - Gender Development Index", "indicator": "gni_pc_f - Gross National Income Per Capita, female (2017 PPP$)", "year": "2018", "value": "572.1694462"}, {"country": "SOM - Somalia", "index": "GDI - Gender Development Index", "indicator": "gni_pc_f - Gross National Income Per Capita, female (2017 PPP$)", "year": "2019", "value": "575.1360985"}, {"country": "SOM - Somalia", "index": "GDI - Gender Development Index", "indicator": "gni_pc_f - Gross National Income Per Capita, female (2017 PPP$)", "year": "2020", "value": "548.5230831"}, {"country": "SOM - Somalia", "index": "GDI - Gender Development Index", "indicator": "gni_pc_f - Gross National Income Per Capita, female (2017 PPP$)", "year": "2021", "value": "544.698414"}, {"country": "SOM - Somalia", "index": "GDI - Gender Development Index", "indicator": "gni_pc_m - Gross National Income Per Capita, male (2017 PPP$)", "year": "1990", "value": "2501.40073"}, {"country": "SOM - Somalia", "index": "GDI - Gender Development Index", "indicator": "gni_pc_m - Gross National Income Per Capita, male (2017 PPP$)", "year": "1991", "value": "2537.687633"}, {"country": "SOM - Somalia", "index": "GDI - Gender Development Index", "indicator": "gni_pc_m - Gross National Income Per Capita, male (2017 PPP$)", "year": "1992", "value": "2232.041081"}, {"country": "SOM - Somalia", "index": "GDI - Gender Development Index", "indicator": "gni_pc_m - Gross National Income Per Capita, male (2017 PPP$)", "year": "1993", "value": "2226.285943"}, {"country": "SOM - Somalia", "index": "GDI - Gender Development Index", "indicator": "gni_pc_m - Gross National Income Per Capita, male (2017 PPP$)", "year": "1994", "value": "1735.191225"}, {"country": "SOM - Somalia", "index": "GDI - Gender Development Index", "indicator": "gni_pc_m - Gross National Income Per Capita, male (2017 PPP$)", "year": "1995", "value": "1711.314094"}, {"country": "SOM - Somalia", "index": "GDI - Gender Development Index", "indicator": "gni_pc_m - Gross National Income Per Capita, male (2017 PPP$)", "year": "1996", "value": "1745.814482"}, {"country": "SOM - Somalia", "index": "GDI - Gender Development Index", "indicator": "gni_pc_m - Gross National Income Per Capita, male (2017 PPP$)", "year": "1997", "value": "1647.754902"}, {"country": "SOM - Somalia", "index": "GDI - Gender Development Index", "indicator": "gni_pc_m - Gross National Income Per Capita, male (2017 PPP$)", "year": "1998", "value": "1630.600439"}, {"country": "SOM - Somalia", "index": "GDI - Gender Development Index", "indicator": "gni_pc_m - Gross National Income Per Capita, male (2017 PPP$)", "year": "1999", "value": "1622.455686"}, {"country": "SOM - Somalia", "index": "GDI - Gender Development Index", "indicator": "gni_pc_m - Gross National Income Per Capita, male (2017 PPP$)", "year": "2000", "value": "1614.152035"}, {"country": "SOM - Somalia", "index": "GDI - Gender Development Index", "indicator": "gni_pc_m - Gross National Income Per Capita, male (2017 PPP$)", "year": "2001", "value": "1610.07288"}, {"country": "SOM - Somalia", "index": "GDI - Gender Development Index", "indicator": "gni_pc_m - Gross National Income Per Capita, male (2017 PPP$)", "year": "2002", "value": "1612.467109"}, {"country": "SOM - Somalia", "index": "GDI - Gender Development Index", "indicator": "gni_pc_m - Gross National Income Per Capita, male (2017 PPP$)", "year": "2003", "value": "1615.443901"}, {"country": "SOM - Somalia", "index": "GDI - Gender Development Index", "indicator": "gni_pc_m - Gross National Income Per Capita, male (2017 PPP$)", "year": "2004", "value": "1611.708466"}, {"country": "SOM - Somalia", "index": "GDI - Gender Development Index", "indicator": "gni_pc_m - Gross National Income Per Capita, male (2017 PPP$)", "year": "2005", "value": "1609.170186"}, {"country": "SOM - Somalia", "index": "GDI - Gender Development Index", "indicator": "gni_pc_m - Gross National Income Per Capita, male (2017 PPP$)", "year": "2006", "value": "1600.335373"}, {"country": "SOM - Somalia", "index": "GDI - Gender Development Index", "indicator": "gni_pc_m - Gross National Income Per Capita, male (2017 PPP$)", "year": "2007", "value": "1595.900242"}, {"country": "SOM - Somalia", "index": "GDI - Gender Development Index", "indicator": "gni_pc_m - Gross National Income Per Capita, male (2017 PPP$)", "year": "2008", "value": "1592.12458"}, {"country": "SOM - Somalia", "index": "GDI - Gender Development Index", "indicator": "gni_pc_m - Gross National Income Per Capita, male (2017 PPP$)", "year": "2009", "value": "1587.889626"}, {"country": "SOM - Somalia", "index": "GDI - Gender Development Index", "indicator": "gni_pc_m - Gross National Income Per Capita, male (2017 PPP$)", "year": "2010", "value": "1557.660902"}, {"country": "SOM - Somalia", "index": "GDI - Gender Development Index", "indicator": "gni_pc_m - Gross National Income Per Capita, male (2017 PPP$)", "year": "2011", "value": "1553.921008"}, {"country": "SOM - Somalia", "index": "GDI - Gender Development Index", "indicator": "gni_pc_m - Gross National Income Per Capita, male (2017 PPP$)", "year": "2012", "value": "1548.751708"}, {"country": "SOM - Somalia", "index": "GDI - Gender Development Index", "indicator": "gni_pc_m - Gross National Income Per Capita, male (2017 PPP$)", "year": "2013", "value": "1599.462988"}, {"country": "SOM - Somalia", "index": "GDI - Gender Development Index", "indicator": "gni_pc_m - Gross National Income Per Capita, male (2017 PPP$)", "year": "2014", "value": "1610.245784"}, {"country": "SOM - Somalia", "index": "GDI - Gender Development Index", "indicator": "gni_pc_m - Gross National Income Per Capita, male (2017 PPP$)", "year": "2015", "value": "1605.43203"}, {"country": "SOM - Somalia", "index": "GDI - Gender Development Index", "indicator": "gni_pc_m - Gross National Income Per Capita, male (2017 PPP$)", "year": "2016", "value": "1598.498585"}, {"country": "SOM - Somalia", "index": "GDI - Gender Development Index", "indicator": "gni_pc_m - Gross National Income Per Capita, male (2017 PPP$)", "year": "2017", "value": "1573.022914"}, {"country": "SOM - Somalia", "index": "GDI - Gender Development Index", "indicator": "gni_pc_m - Gross National Income Per Capita, male (2017 PPP$)", "year": "2018", "value": "1569.094945"}, {"country": "SOM - Somalia", "index": "GDI - Gender Development Index", "indicator": "gni_pc_m - Gross National Income Per Capita, male (2017 PPP$)", "year": "2019", "value": "1566.085901"}, {"country": "SOM - Somalia", "index": "GDI - Gender Development Index", "indicator": "gni_pc_m - Gross National Income Per Capita, male (2017 PPP$)", "year": "2020", "value": "1500.852455"}, {"country": "SOM - Somalia", "index": "GDI - Gender Development Index", "indicator": "gni_pc_m - Gross National Income Per Capita, male (2017 PPP$)", "year": "2021", "value": "1488.710749"}, {"country": "SOM - Somalia", "index": "HDI - Human Development Index", "indicator": "gnipc - Gross National Income Per Capita (2017 PPP$)", "year": "1990", "value": "1692.608057"}, {"country": "SOM - Somalia", "index": "HDI - Human Development Index", "indicator": "gnipc - Gross National Income Per Capita (2017 PPP$)", "year": "1991", "value": "1711.810079"}, {"country": "SOM - Somalia", "index": "HDI - Human Development Index", "indicator": "gnipc - Gross National Income Per Capita (2017 PPP$)", "year": "1992", "value": "1502.209501"}, {"country": "SOM - Somalia", "index": "HDI - Human Development Index", "indicator": "gnipc - Gross National Income Per Capita (2017 PPP$)", "year": "1993", "value": "1496.895985"}, {"country": "SOM - Somalia", "index": "HDI - Human Development Index", "indicator": "gnipc - Gross National Income Per Capita (2017 PPP$)", "year": "1994", "value": "1165.676387"}, {"country": "SOM - Somalia", "index": "HDI - Human Development Index", "indicator": "gnipc - Gross National Income Per Capita (2017 PPP$)", "year": "1995", "value": "1147.321236"}, {"country": "SOM - Somalia", "index": "HDI - Human Development Index", "indicator": "gnipc - Gross National Income Per Capita (2017 PPP$)", "year": "1996", "value": "1167.249532"}, {"country": "SOM - Somalia", "index": "HDI - Human Development Index", "indicator": "gnipc - Gross National Income Per Capita (2017 PPP$)", "year": "1997", "value": "1098.789152"}, {"country": "SOM - Somalia", "index": "HDI - Human Development Index", "indicator": "gnipc - Gross National Income Per Capita (2017 PPP$)", "year": "1998", "value": "1084.533288"}, {"country": "SOM - Somalia", "index": "HDI - Human Development Index", "indicator": "gnipc - Gross National Income Per Capita (2017 PPP$)", "year": "1999", "value": "1076.761185"}, {"country": "SOM - Somalia", "index": "HDI - Human Development Index", "indicator": "gnipc - Gross National Income Per Capita (2017 PPP$)", "year": "2000", "value": "1069.705689"}, {"country": "SOM - Somalia", "index": "HDI - Human Development Index", "indicator": "gnipc - Gross National Income Per Capita (2017 PPP$)", "year": "2001", "value": "1064.616682"}, {"country": "SOM - Somalia", "index": "HDI - Human Development Index", "indicator": "gnipc - Gross National Income Per Capita (2017 PPP$)", "year": "2002", "value": "1065.152427"}, {"country": "SOM - Somalia", "index": "HDI - Human Development Index", "indicator": "gnipc - Gross National Income Per Capita (2017 PPP$)", "year": "2003", "value": "1066.995839"}, {"country": "SOM - Somalia", "index": "HDI - Human Development Index", "indicator": "gnipc - Gross National Income Per Capita (2017 PPP$)", "year": "2004", "value": "1064.814433"}, {"country": "SOM - Somalia", "index": "HDI - Human Development Index", "indicator": "gnipc - Gross National Income Per Capita (2017 PPP$)", "year": "2005", "value": "1063.632772"}, {"country": "SOM - Somalia", "index": "HDI - Human Development Index", "indicator": "gnipc - Gross National Income Per Capita (2017 PPP$)", "year": "2006", "value": "1057.121975"}, {"country": "SOM - Somalia", "index": "HDI - Human Development Index", "indicator": "gnipc - Gross National Income Per Capita (2017 PPP$)", "year": "2007", "value": "1053.598114"}, {"country": "SOM - Somalia", "index": "HDI - Human Development Index", "indicator": "gnipc - Gross National Income Per Capita (2017 PPP$)", "year": "2008", "value": "1050.8997"}, {"country": "SOM - Somalia", "index": "HDI - Human Development Index", "indicator": "gnipc - Gross National Income Per Capita (2017 PPP$)", "year": "2009", "value": "1048.740358"}, {"country": "SOM - Somalia", "index": "HDI - Human Development Index", "indicator": "gnipc - Gross National Income Per Capita (2017 PPP$)", "year": "2010", "value": "1046.88335"}, {"country": "SOM - Somalia", "index": "HDI - Human Development Index", "indicator": "gnipc - Gross National Income Per Capita (2017 PPP$)", "year": "2011", "value": "1045.251694"}, {"country": "SOM - Somalia", "index": "HDI - Human Development Index", "indicator": "gnipc - Gross National Income Per Capita (2017 PPP$)", "year": "2012", "value": "1043.810247"}, {"country": "SOM - Somalia", "index": "HDI - Human Development Index", "indicator": "gnipc - Gross National Income Per Capita (2017 PPP$)", "year": "2013", "value": "1080.816124"}, {"country": "SOM - Somalia", "index": "HDI - Human Development Index", "indicator": "gnipc - Gross National Income Per Capita (2017 PPP$)", "year": "2014", "value": "1091.0514"}, {"country": "SOM - Somalia", "index": "HDI - Human Development Index", "indicator": "gnipc - Gross National Income Per Capita (2017 PPP$)", "year": "2015", "value": "1090.472563"}, {"country": "SOM - Somalia", "index": "HDI - Human Development Index", "indicator": "gnipc - Gross National Income Per Capita (2017 PPP$)", "year": "2016", "value": "1088.129753"}, {"country": "SOM - Somalia", "index": "HDI - Human Development Index", "indicator": "gnipc - Gross National Income Per Capita (2017 PPP$)", "year": "2017", "value": "1072.750752"}, {"country": "SOM - Somalia", "index": "HDI - Human Development Index", "indicator": "gnipc - Gross National Income Per Capita (2017 PPP$)", "year": "2018", "value": "1071.89966"}, {"country": "SOM - Somalia", "index": "HDI - Human Development Index", "indicator": "gnipc - Gross National Income Per Capita (2017 PPP$)", "year": "2019", "value": "1071.896076"}, {"country": "SOM - Somalia", "index": "HDI - Human Development Index", "indicator": "gnipc - Gross National Income Per Capita (2017 PPP$)", "year": "2020", "value": "1025.952583"}, {"country": "SOM - Somalia", "index": "HDI - Human Development Index", "indicator": "gnipc - Gross National Income Per Capita (2017 PPP$)", "year": "2021", "value": "1017.96785"}, {"country": "SOM - Somalia", "index": "IHDI - Inequality-adjusted Human Development Index", "indicator": "ineq_edu - Inequality in eduation", "year": "2010", "value": "43.51879"}, {"country": "SOM - Somalia", "index": "IHDI - Inequality-adjusted Human Development Index", "indicator": "ineq_edu - Inequality in eduation", "year": "2011", "value": "43.51879"}, {"country": "SOM - Somalia", "index": "IHDI - Inequality-adjusted Human Development Index", "indicator": "ineq_inc - Inequality in income", "year": "2016", "value": "24.35"}, {"country": "SOM - Somalia", "index": "IHDI - Inequality-adjusted Human Development Index", "indicator": "ineq_inc - Inequality in income", "year": "2017", "value": "24.35"}, {"country": "SOM - Somalia", "index": "IHDI - Inequality-adjusted Human Development Index", "indicator": "ineq_inc - Inequality in income", "year": "2018", "value": "24.35"}, {"country": "SOM - Somalia", "index": "IHDI - Inequality-adjusted Human Development Index", "indicator": "ineq_inc - Inequality in income", "year": "2019", "value": "24.35"}, {"country": "SOM - Somalia", "index": "IHDI - Inequality-adjusted Human Development Index", "indicator": "ineq_inc - Inequality in income", "year": "2020", "value": "24.35"}, {"country": "SOM - Somalia", "index": "IHDI - Inequality-adjusted Human Development Index", "indicator": "ineq_inc - Inequality in income", "year": "2021", "value": "24.35"}, {"country": "SOM - Somalia", "index": "IHDI - Inequality-adjusted Human Development Index", "indicator": "ineq_le - Inequality in life expectancy", "year": "2010", "value": "48.61642456"}, {"country": "SOM - Somalia", "index": "IHDI - Inequality-adjusted Human Development Index", "indicator": "ineq_le - Inequality in life expectancy", "year": "2011", "value": "47.87401581"}, {"country": "SOM - Somalia", "index": "IHDI - Inequality-adjusted Human Development Index", "indicator": "ineq_le - Inequality in life expectancy", "year": "2012", "value": "45.32719803"}, {"country": "SOM - Somalia", "index": "IHDI - Inequality-adjusted Human Development Index", "indicator": "ineq_le - Inequality in life expectancy", "year": "2013", "value": "44.52251816"}, {"country": "SOM - Somalia", "index": "IHDI - Inequality-adjusted Human Development Index", "indicator": "ineq_le - Inequality in life expectancy", "year": "2014", "value": "43.76603699"}, {"country": "SOM - Somalia", "index": "IHDI - Inequality-adjusted Human Development Index", "indicator": "ineq_le - Inequality in life expectancy", "year": "2015", "value": "43.0670433"}, {"country": "SOM - Somalia", "index": "IHDI - Inequality-adjusted Human Development Index", "indicator": "ineq_le - Inequality in life expectancy", "year": "2016", "value": "42.52833557"}, {"country": "SOM - Somalia", "index": "IHDI - Inequality-adjusted Human Development Index", "indicator": "ineq_le - Inequality in life expectancy", "year": "2017", "value": "41.84555054"}, {"country": "SOM - Somalia", "index": "IHDI - Inequality-adjusted Human Development Index", "indicator": "ineq_le - Inequality in life expectancy", "year": "2018", "value": "40.9576149"}, {"country": "SOM - Somalia", "index": "IHDI - Inequality-adjusted Human Development Index", "indicator": "ineq_le - Inequality in life expectancy", "year": "2019", "value": "40.19240189"}, {"country": "SOM - Somalia", "index": "IHDI - Inequality-adjusted Human Development Index", "indicator": "ineq_le - Inequality in life expectancy", "year": "2020", "value": "39.06530762"}, {"country": "SOM - Somalia", "index": "IHDI - Inequality-adjusted Human Development Index", "indicator": "ineq_le - Inequality in life expectancy", "year": "2021", "value": "38.33179855"}, {"country": "SOM - Somalia", "index": "HDI - Human Development Index", "indicator": "le - Life Expectancy at Birth (years)", "year": "1990", "value": "47.1055"}, {"country": "SOM - Somalia", "index": "HDI - Human Development Index", "indicator": "le - Life Expectancy at Birth (years)", "year": "1991", "value": "26.5647"}, {"country": "SOM - Somalia", "index": "HDI - Human Development Index", "indicator": "le - Life Expectancy at Birth (years)", "year": "1992", "value": "27.3116"}, {"country": "SOM - Somalia", "index": "HDI - Human Development Index", "indicator": "le - Life Expectancy at Birth (years)", "year": "1993", "value": "50.6485"}, {"country": "SOM - Somalia", "index": "HDI - Human Development Index", "indicator": "le - Life Expectancy at Birth (years)", "year": "1994", "value": "50.3266"}, {"country": "SOM - Somalia", "index": "HDI - Human Development Index", "indicator": "le - Life Expectancy at Birth (years)", "year": "1995", "value": "50.6005"}, {"country": "SOM - Somalia", "index": "HDI - Human Development Index", "indicator": "le - Life Expectancy at Birth (years)", "year": "1996", "value": "50.4469"}, {"country": "SOM - Somalia", "index": "HDI - Human Development Index", "indicator": "le - Life Expectancy at Birth (years)", "year": "1997", "value": "50.1947"}, {"country": "SOM - Somalia", "index": "HDI - Human Development Index", "indicator": "le - Life Expectancy at Birth (years)", "year": "1998", "value": "50.6602"}, {"country": "SOM - Somalia", "index": "HDI - Human Development Index", "indicator": "le - Life Expectancy at Birth (years)", "year": "1999", "value": "50.5245"}, {"country": "SOM - Somalia", "index": "HDI - Human Development Index", "indicator": "le - Life Expectancy at Birth (years)", "year": "2000", "value": "50.6604"}, {"country": "SOM - Somalia", "index": "HDI - Human Development Index", "indicator": "le - Life Expectancy at Birth (years)", "year": "2001", "value": "50.7403"}, {"country": "SOM - Somalia", "index": "HDI - Human Development Index", "indicator": "le - Life Expectancy at Birth (years)", "year": "2002", "value": "50.7309"}, {"country": "SOM - Somalia", "index": "HDI - Human Development Index", "indicator": "le - Life Expectancy at Birth (years)", "year": "2003", "value": "50.6139"}, {"country": "SOM - Somalia", "index": "HDI - Human Development Index", "indicator": "le - Life Expectancy at Birth (years)", "year": "2004", "value": "50.5377"}, {"country": "SOM - Somalia", "index": "HDI - Human Development Index", "indicator": "le - Life Expectancy at Birth (years)", "year": "2005", "value": "50.6606"}, {"country": "SOM - Somalia", "index": "HDI - Human Development Index", "indicator": "le - Life Expectancy at Birth (years)", "year": "2006", "value": "50.5974"}, {"country": "SOM - Somalia", "index": "HDI - Human Development Index", "indicator": "le - Life Expectancy at Birth (years)", "year": "2007", "value": "50.5147"}, {"country": "SOM - Somalia", "index": "HDI - Human Development Index", "indicator": "le - Life Expectancy at Birth (years)", "year": "2008", "value": "51.1198"}, {"country": "SOM - Somalia", "index": "HDI - Human Development Index", "indicator": "le - Life Expectancy at Birth (years)", "year": "2009", "value": "51.8533"}, {"country": "SOM - Somalia", "index": "HDI - Human Development Index", "indicator": "le - Life Expectancy at Birth (years)", "year": "2010", "value": "50.563"}, {"country": "SOM - Somalia", "index": "HDI - Human Development Index", "indicator": "le - Life Expectancy at Birth (years)", "year": "2011", "value": "51.3045"}, {"country": "SOM - Somalia", "index": "HDI - Human Development Index", "indicator": "le - Life Expectancy at Birth (years)", "year": "2012", "value": "53.1611"}, {"country": "SOM - Somalia", "index": "HDI - Human Development Index", "indicator": "le - Life Expectancy at Birth (years)", "year": "2013", "value": "53.8433"}, {"country": "SOM - Somalia", "index": "HDI - Human Development Index", "indicator": "le - Life Expectancy at Birth (years)", "year": "2014", "value": "54.2773"}, {"country": "SOM - Somalia", "index": "HDI - Human Development Index", "indicator": "le - Life Expectancy at Birth (years)", "year": "2015", "value": "54.857"}, {"country": "SOM - Somalia", "index": "HDI - Human Development Index", "indicator": "le - Life Expectancy at Birth (years)", "year": "2016", "value": "55.0444"}, {"country": "SOM - Somalia", "index": "HDI - Human Development Index", "indicator": "le - Life Expectancy at Birth (years)", "year": "2017", "value": "55.6536"}, {"country": "SOM - Somalia", "index": "HDI - Human Development Index", "indicator": "le - Life Expectancy at Birth (years)", "year": "2018", "value": "56.3754"}, {"country": "SOM - Somalia", "index": "HDI - Human Development Index", "indicator": "le - Life Expectancy at Birth (years)", "year": "2019", "value": "57.0776"}, {"country": "SOM - Somalia", "index": "HDI - Human Development Index", "indicator": "le - Life Expectancy at Birth (years)", "year": "2020", "value": "55.9666"}, {"country": "SOM - Somalia", "index": "HDI - Human Development Index", "indicator": "le - Life Expectancy at Birth (years)", "year": "2021", "value": "55.2803"}, {"country": "SOM - Somalia", "index": "GDI - Gender Development Index", "indicator": "le_f - Life Expectancy at Birth, female (years)", "year": "1990", "value": "51.0883"}, {"country": "SOM - Somalia", "index": "GDI - Gender Development Index", "indicator": "le_f - Life Expectancy at Birth, female (years)", "year": "1991", "value": "28.4145"}, {"country": "SOM - Somalia", "index": "GDI - Gender Development Index", "indicator": "le_f - Life Expectancy at Birth, female (years)", "year": "1992", "value": "28.5685"}, {"country": "SOM - Somalia", "index": "GDI - Gender Development Index", "indicator": "le_f - Life Expectancy at Birth, female (years)", "year": "1993", "value": "52.117"}, {"country": "SOM - Somalia", "index": "GDI - Gender Development Index", "indicator": "le_f - Life Expectancy at Birth, female (years)", "year": "1994", "value": "51.7841"}, {"country": "SOM - Somalia", "index": "GDI - Gender Development Index", "indicator": "le_f - Life Expectancy at Birth, female (years)", "year": "1995", "value": "52.1309"}, {"country": "SOM - Somalia", "index": "GDI - Gender Development Index", "indicator": "le_f - Life Expectancy at Birth, female (years)", "year": "1996", "value": "51.9697"}, {"country": "SOM - Somalia", "index": "GDI - Gender Development Index", "indicator": "le_f - Life Expectancy at Birth, female (years)", "year": "1997", "value": "51.6231"}, {"country": "SOM - Somalia", "index": "GDI - Gender Development Index", "indicator": "le_f - Life Expectancy at Birth, female (years)", "year": "1998", "value": "52.0905"}, {"country": "SOM - Somalia", "index": "GDI - Gender Development Index", "indicator": "le_f - Life Expectancy at Birth, female (years)", "year": "1999", "value": "51.9757"}, {"country": "SOM - Somalia", "index": "GDI - Gender Development Index", "indicator": "le_f - Life Expectancy at Birth, female (years)", "year": "2000", "value": "52.0659"}, {"country": "SOM - Somalia", "index": "GDI - Gender Development Index", "indicator": "le_f - Life Expectancy at Birth, female (years)", "year": "2001", "value": "52.1598"}, {"country": "SOM - Somalia", "index": "GDI - Gender Development Index", "indicator": "le_f - Life Expectancy at Birth, female (years)", "year": "2002", "value": "52.1468"}, {"country": "SOM - Somalia", "index": "GDI - Gender Development Index", "indicator": "le_f - Life Expectancy at Birth, female (years)", "year": "2003", "value": "52.1065"}, {"country": "SOM - Somalia", "index": "GDI - Gender Development Index", "indicator": "le_f - Life Expectancy at Birth, female (years)", "year": "2004", "value": "52.0713"}, {"country": "SOM - Somalia", "index": "GDI - Gender Development Index", "indicator": "le_f - Life Expectancy at Birth, female (years)", "year": "2005", "value": "52.1734"}, {"country": "SOM - Somalia", "index": "GDI - Gender Development Index", "indicator": "le_f - Life Expectancy at Birth, female (years)", "year": "2006", "value": "52.2117"}, {"country": "SOM - Somalia", "index": "GDI - Gender Development Index", "indicator": "le_f - Life Expectancy at Birth, female (years)", "year": "2007", "value": "52.1959"}, {"country": "SOM - Somalia", "index": "GDI - Gender Development Index", "indicator": "le_f - Life Expectancy at Birth, female (years)", "year": "2008", "value": "52.8347"}, {"country": "SOM - Somalia", "index": "GDI - Gender Development Index", "indicator": "le_f - Life Expectancy at Birth, female (years)", "year": "2009", "value": "53.4456"}, {"country": "SOM - Somalia", "index": "GDI - Gender Development Index", "indicator": "le_f - Life Expectancy at Birth, female (years)", "year": "2010", "value": "52.5378"}, {"country": "SOM - Somalia", "index": "GDI - Gender Development Index", "indicator": "le_f - Life Expectancy at Birth, female (years)", "year": "2011", "value": "53.0379"}, {"country": "SOM - Somalia", "index": "GDI - Gender Development Index", "indicator": "le_f - Life Expectancy at Birth, female (years)", "year": "2012", "value": "55.1395"}, {"country": "SOM - Somalia", "index": "GDI - Gender Development Index", "indicator": "le_f - Life Expectancy at Birth, female (years)", "year": "2013", "value": "55.7754"}, {"country": "SOM - Somalia", "index": "GDI - Gender Development Index", "indicator": "le_f - Life Expectancy at Birth, female (years)", "year": "2014", "value": "56.3618"}, {"country": "SOM - Somalia", "index": "GDI - Gender Development Index", "indicator": "le_f - Life Expectancy at Birth, female (years)", "year": "2015", "value": "56.9302"}, {"country": "SOM - Somalia", "index": "GDI - Gender Development Index", "indicator": "le_f - Life Expectancy at Birth, female (years)", "year": "2016", "value": "57.2933"}, {"country": "SOM - Somalia", "index": "GDI - Gender Development Index", "indicator": "le_f - Life Expectancy at Birth, female (years)", "year": "2017", "value": "57.8085"}, {"country": "SOM - Somalia", "index": "GDI - Gender Development Index", "indicator": "le_f - Life Expectancy at Birth, female (years)", "year": "2018", "value": "58.5448"}, {"country": "SOM - Somalia", "index": "GDI - Gender Development Index", "indicator": "le_f - Life Expectancy at Birth, female (years)", "year": "2019", "value": "59.0917"}, {"country": "SOM - Somalia", "index": "GDI - Gender Development Index", "indicator": "le_f - Life Expectancy at Birth, female (years)", "year": "2020", "value": "58.0507"}, {"country": "SOM - Somalia", "index": "GDI - Gender Development Index", "indicator": "le_f - Life Expectancy at Birth, female (years)", "year": "2021", "value": "57.414"}, {"country": "SOM - Somalia", "index": "GDI - Gender Development Index", "indicator": "le_m - Life Expectancy at Birth, male (years)", "year": "1990", "value": "43.5722"}, {"country": "SOM - Somalia", "index": "GDI - Gender Development Index", "indicator": "le_m - Life Expectancy at Birth, male (years)", "year": "1991", "value": "24.9041"}, {"country": "SOM - Somalia", "index": "GDI - Gender Development Index", "indicator": "le_m - Life Expectancy at Birth, male (years)", "year": "1992", "value": "26.1137"}, {"country": "SOM - Somalia", "index": "GDI - Gender Development Index", "indicator": "le_m - Life Expectancy at Birth, male (years)", "year": "1993", "value": "49.1955"}, {"country": "SOM - Somalia", "index": "GDI - Gender Development Index", "indicator": "le_m - Life Expectancy at Birth, male (years)", "year": "1994", "value": "48.8848"}, {"country": "SOM - Somalia", "index": "GDI - Gender Development Index", "indicator": "le_m - Life Expectancy at Birth, male (years)", "year": "1995", "value": "49.0919"}, {"country": "SOM - Somalia", "index": "GDI - Gender Development Index", "indicator": "le_m - Life Expectancy at Birth, male (years)", "year": "1996", "value": "48.9464"}, {"country": "SOM - Somalia", "index": "GDI - Gender Development Index", "indicator": "le_m - Life Expectancy at Birth, male (years)", "year": "1997", "value": "48.7794"}, {"country": "SOM - Somalia", "index": "GDI - Gender Development Index", "indicator": "le_m - Life Expectancy at Birth, male (years)", "year": "1998", "value": "49.247"}, {"country": "SOM - Somalia", "index": "GDI - Gender Development Index", "indicator": "le_m - Life Expectancy at Birth, male (years)", "year": "1999", "value": "49.0929"}, {"country": "SOM - Somalia", "index": "GDI - Gender Development Index", "indicator": "le_m - Life Expectancy at Birth, male (years)", "year": "2000", "value": "49.2716"}, {"country": "SOM - Somalia", "index": "GDI - Gender Development Index", "indicator": "le_m - Life Expectancy at Birth, male (years)", "year": "2001", "value": "49.3391"}, {"country": "SOM - Somalia", "index": "GDI - Gender Development Index", "indicator": "le_m - Life Expectancy at Birth, male (years)", "year": "2002", "value": "49.3337"}, {"country": "SOM - Somalia", "index": "GDI - Gender Development Index", "indicator": "le_m - Life Expectancy at Birth, male (years)", "year": "2003", "value": "49.1469"}, {"country": "SOM - Somalia", "index": "GDI - Gender Development Index", "indicator": "le_m - Life Expectancy at Birth, male (years)", "year": "2004", "value": "49.0339"}, {"country": "SOM - Somalia", "index": "GDI - Gender Development Index", "indicator": "le_m - Life Expectancy at Birth, male (years)", "year": "2005", "value": "49.1764"}, {"country": "SOM - Somalia", "index": "GDI - Gender Development Index", "indicator": "le_m - Life Expectancy at Birth, male (years)", "year": "2006", "value": "49.0217"}, {"country": "SOM - Somalia", "index": "GDI - Gender Development Index", "indicator": "le_m - Life Expectancy at Birth, male (years)", "year": "2007", "value": "48.8801"}, {"country": "SOM - Somalia", "index": "GDI - Gender Development Index", "indicator": "le_m - Life Expectancy at Birth, male (years)", "year": "2008", "value": "49.4558"}, {"country": "SOM - Somalia", "index": "GDI - Gender Development Index", "indicator": "le_m - Life Expectancy at Birth, male (years)", "year": "2009", "value": "50.298"}, {"country": "SOM - Somalia", "index": "GDI - Gender Development Index", "indicator": "le_m - Life Expectancy at Birth, male (years)", "year": "2010", "value": "48.6689"}, {"country": "SOM - Somalia", "index": "GDI - Gender Development Index", "indicator": "le_m - Life Expectancy at Birth, male (years)", "year": "2011", "value": "49.6248"}, {"country": "SOM - Somalia", "index": "GDI - Gender Development Index", "indicator": "le_m - Life Expectancy at Birth, male (years)", "year": "2012", "value": "51.2481"}, {"country": "SOM - Somalia", "index": "GDI - Gender Development Index", "indicator": "le_m - Life Expectancy at Birth, male (years)", "year": "2013", "value": "51.9698"}, {"country": "SOM - Somalia", "index": "GDI - Gender Development Index", "indicator": "le_m - Life Expectancy at Birth, male (years)", "year": "2014", "value": "52.2675"}, {"country": "SOM - Somalia", "index": "GDI - Gender Development Index", "indicator": "le_m - Life Expectancy at Birth, male (years)", "year": "2015", "value": "52.855"}, {"country": "SOM - Somalia", "index": "GDI - Gender Development Index", "indicator": "le_m - Life Expectancy at Birth, male (years)", "year": "2016", "value": "52.8874"}, {"country": "SOM - Somalia", "index": "GDI - Gender Development Index", "indicator": "le_m - Life Expectancy at Birth, male (years)", "year": "2017", "value": "53.5771"}, {"country": "SOM - Somalia", "index": "GDI - Gender Development Index", "indicator": "le_m - Life Expectancy at Birth, male (years)", "year": "2018", "value": "54.2833"}, {"country": "SOM - Somalia", "index": "GDI - Gender Development Index", "indicator": "le_m - Life Expectancy at Birth, male (years)", "year": "2019", "value": "55.1221"}, {"country": "SOM - Somalia", "index": "GDI - Gender Development Index", "indicator": "le_m - Life Expectancy at Birth, male (years)", "year": "2020", "value": "53.9672"}, {"country": "SOM - Somalia", "index": "GDI - Gender Development Index", "indicator": "le_m - Life Expectancy at Birth, male (years)", "year": "2021", "value": "53.2459"}, {"country": "SOM - Somalia", "index": "GII - Gender Inequality Index", "indicator": "lfpr_f - Labour force participation rate, female (% ages 15 and older)", "year": "1990", "value": "21.712"}, {"country": "SOM - Somalia", "index": "GII - Gender Inequality Index", "indicator": "lfpr_f - Labour force participation rate, female (% ages 15 and older)", "year": "1991", "value": "21.62"}, {"country": "SOM - Somalia", "index": "GII - Gender Inequality Index", "indicator": "lfpr_f - Labour force participation rate, female (% ages 15 and older)", "year": "1992", "value": "21.555"}, {"country": "SOM - Somalia", "index": "GII - Gender Inequality Index", "indicator": "lfpr_f - Labour force participation rate, female (% ages 15 and older)", "year": "1993", "value": "21.506"}, {"country": "SOM - Somalia", "index": "GII - Gender Inequality Index", "indicator": "lfpr_f - Labour force participation rate, female (% ages 15 and older)", "year": "1994", "value": "21.442"}, {"country": "SOM - Somalia", "index": "GII - Gender Inequality Index", "indicator": "lfpr_f - Labour force participation rate, female (% ages 15 and older)", "year": "1995", "value": "21.335"}, {"country": "SOM - Somalia", "index": "GII - Gender Inequality Index", "indicator": "lfpr_f - Labour force participation rate, female (% ages 15 and older)", "year": "1996", "value": "21.201"}, {"country": "SOM - Somalia", "index": "GII - Gender Inequality Index", "indicator": "lfpr_f - Labour force participation rate, female (% ages 15 and older)", "year": "1997", "value": "21.07"}, {"country": "SOM - Somalia", "index": "GII - Gender Inequality Index", "indicator": "lfpr_f - Labour force participation rate, female (% ages 15 and older)", "year": "1998", "value": "20.94"}, {"country": "SOM - Somalia", "index": "GII - Gender Inequality Index", "indicator": "lfpr_f - Labour force participation rate, female (% ages 15 and older)", "year": "1999", "value": "20.828"}, {"country": "SOM - Somalia", "index": "GII - Gender Inequality Index", "indicator": "lfpr_f - Labour force participation rate, female (% ages 15 and older)", "year": "2000", "value": "20.747"}, {"country": "SOM - Somalia", "index": "GII - Gender Inequality Index", "indicator": "lfpr_f - Labour force participation rate, female (% ages 15 and older)", "year": "2001", "value": "20.634"}, {"country": "SOM - Somalia", "index": "GII - Gender Inequality Index", "indicator": "lfpr_f - Labour force participation rate, female (% ages 15 and older)", "year": "2002", "value": "20.573"}, {"country": "SOM - Somalia", "index": "GII - Gender Inequality Index", "indicator": "lfpr_f - Labour force participation rate, female (% ages 15 and older)", "year": "2003", "value": "20.55"}, {"country": "SOM - Somalia", "index": "GII - Gender Inequality Index", "indicator": "lfpr_f - Labour force participation rate, female (% ages 15 and older)", "year": "2004", "value": "20.543"}, {"country": "SOM - Somalia", "index": "GII - Gender Inequality Index", "indicator": "lfpr_f - Labour force participation rate, female (% ages 15 and older)", "year": "2005", "value": "20.545"}, {"country": "SOM - Somalia", "index": "GII - Gender Inequality Index", "indicator": "lfpr_f - Labour force participation rate, female (% ages 15 and older)", "year": "2006", "value": "20.5"}, {"country": "SOM - Somalia", "index": "GII - Gender Inequality Index", "indicator": "lfpr_f - Labour force participation rate, female (% ages 15 and older)", "year": "2007", "value": "20.459"}, {"country": "SOM - Somalia", "index": "GII - Gender Inequality Index", "indicator": "lfpr_f - Labour force participation rate, female (% ages 15 and older)", "year": "2008", "value": "20.435"}, {"country": "SOM - Somalia", "index": "GII - Gender Inequality Index", "indicator": "lfpr_f - Labour force participation rate, female (% ages 15 and older)", "year": "2009", "value": "20.443"}, {"country": "SOM - Somalia", "index": "GII - Gender Inequality Index", "indicator": "lfpr_f - Labour force participation rate, female (% ages 15 and older)", "year": "2010", "value": "20.488"}, {"country": "SOM - Somalia", "index": "GII - Gender Inequality Index", "indicator": "lfpr_f - Labour force participation rate, female (% ages 15 and older)", "year": "2011", "value": "20.508"}, {"country": "SOM - Somalia", "index": "GII - Gender Inequality Index", "indicator": "lfpr_f - Labour force participation rate, female (% ages 15 and older)", "year": "2012", "value": "20.571"}, {"country": "SOM - Somalia", "index": "GII - Gender Inequality Index", "indicator": "lfpr_f - Labour force participation rate, female (% ages 15 and older)", "year": "2013", "value": "20.66"}, {"country": "SOM - Somalia", "index": "GII - Gender Inequality Index", "indicator": "lfpr_f - Labour force participation rate, female (% ages 15 and older)", "year": "2014", "value": "20.753"}, {"country": "SOM - Somalia", "index": "GII - Gender Inequality Index", "indicator": "lfpr_f - Labour force participation rate, female (% ages 15 and older)", "year": "2015", "value": "20.838"}, {"country": "SOM - Somalia", "index": "GII - Gender Inequality Index", "indicator": "lfpr_f - Labour force participation rate, female (% ages 15 and older)", "year": "2016", "value": "20.915"}, {"country": "SOM - Somalia", "index": "GII - Gender Inequality Index", "indicator": "lfpr_f - Labour force participation rate, female (% ages 15 and older)", "year": "2017", "value": "20.98"}, {"country": "SOM - Somalia", "index": "GII - Gender Inequality Index", "indicator": "lfpr_f - Labour force participation rate, female (% ages 15 and older)", "year": "2018", "value": "21.04"}, {"country": "SOM - Somalia", "index": "GII - Gender Inequality Index", "indicator": "lfpr_f - Labour force participation rate, female (% ages 15 and older)", "year": "2019", "value": "21.106"}, {"country": "SOM - Somalia", "index": "GII - Gender Inequality Index", "indicator": "lfpr_f - Labour force participation rate, female (% ages 15 and older)", "year": "2020", "value": "20.833"}, {"country": "SOM - Somalia", "index": "GII - Gender Inequality Index", "indicator": "lfpr_f - Labour force participation rate, female (% ages 15 and older)", "year": "2021", "value": "20.901"}, {"country": "SOM - Somalia", "index": "GII - Gender Inequality Index", "indicator": "lfpr_m - Labour force participation rate, male (% ages 15 and older)", "year": "1990", "value": "45.036"}, {"country": "SOM - Somalia", "index": "GII - Gender Inequality Index", "indicator": "lfpr_m - Labour force participation rate, male (% ages 15 and older)", "year": "1991", "value": "45.3"}, {"country": "SOM - Somalia", "index": "GII - Gender Inequality Index", "indicator": "lfpr_m - Labour force participation rate, male (% ages 15 and older)", "year": "1992", "value": "45.492"}, {"country": "SOM - Somalia", "index": "GII - Gender Inequality Index", "indicator": "lfpr_m - Labour force participation rate, male (% ages 15 and older)", "year": "1993", "value": "45.64"}, {"country": "SOM - Somalia", "index": "GII - Gender Inequality Index", "indicator": "lfpr_m - Labour force participation rate, male (% ages 15 and older)", "year": "1994", "value": "45.822"}, {"country": "SOM - Somalia", "index": "GII - Gender Inequality Index", "indicator": "lfpr_m - Labour force participation rate, male (% ages 15 and older)", "year": "1995", "value": "46.113"}, {"country": "SOM - Somalia", "index": "GII - Gender Inequality Index", "indicator": "lfpr_m - Labour force participation rate, male (% ages 15 and older)", "year": "1996", "value": "46.476"}, {"country": "SOM - Somalia", "index": "GII - Gender Inequality Index", "indicator": "lfpr_m - Labour force participation rate, male (% ages 15 and older)", "year": "1997", "value": "46.838"}, {"country": "SOM - Somalia", "index": "GII - Gender Inequality Index", "indicator": "lfpr_m - Labour force participation rate, male (% ages 15 and older)", "year": "1998", "value": "47.199"}, {"country": "SOM - Somalia", "index": "GII - Gender Inequality Index", "indicator": "lfpr_m - Labour force participation rate, male (% ages 15 and older)", "year": "1999", "value": "47.515"}, {"country": "SOM - Somalia", "index": "GII - Gender Inequality Index", "indicator": "lfpr_m - Labour force participation rate, male (% ages 15 and older)", "year": "2000", "value": "47.746"}, {"country": "SOM - Somalia", "index": "GII - Gender Inequality Index", "indicator": "lfpr_m - Labour force participation rate, male (% ages 15 and older)", "year": "2001", "value": "48.068"}, {"country": "SOM - Somalia", "index": "GII - Gender Inequality Index", "indicator": "lfpr_m - Labour force participation rate, male (% ages 15 and older)", "year": "2002", "value": "48.25"}, {"country": "SOM - Somalia", "index": "GII - Gender Inequality Index", "indicator": "lfpr_m - Labour force participation rate, male (% ages 15 and older)", "year": "2003", "value": "48.331"}, {"country": "SOM - Somalia", "index": "GII - Gender Inequality Index", "indicator": "lfpr_m - Labour force participation rate, male (% ages 15 and older)", "year": "2004", "value": "48.367"}, {"country": "SOM - Somalia", "index": "GII - Gender Inequality Index", "indicator": "lfpr_m - Labour force participation rate, male (% ages 15 and older)", "year": "2005", "value": "48.384"}, {"country": "SOM - Somalia", "index": "GII - Gender Inequality Index", "indicator": "lfpr_m - Labour force participation rate, male (% ages 15 and older)", "year": "2006", "value": "48.541"}, {"country": "SOM - Somalia", "index": "GII - Gender Inequality Index", "indicator": "lfpr_m - Labour force participation rate, male (% ages 15 and older)", "year": "2007", "value": "48.687"}, {"country": "SOM - Somalia", "index": "GII - Gender Inequality Index", "indicator": "lfpr_m - Labour force participation rate, male (% ages 15 and older)", "year": "2008", "value": "48.789"}, {"country": "SOM - Somalia", "index": "GII - Gender Inequality Index", "indicator": "lfpr_m - Labour force participation rate, male (% ages 15 and older)", "year": "2009", "value": "48.801"}, {"country": "SOM - Somalia", "index": "GII - Gender Inequality Index", "indicator": "lfpr_m - Labour force participation rate, male (% ages 15 and older)", "year": "2010", "value": "48.71"}, {"country": "SOM - Somalia", "index": "GII - Gender Inequality Index", "indicator": "lfpr_m - Labour force participation rate, male (% ages 15 and older)", "year": "2011", "value": "48.691"}, {"country": "SOM - Somalia", "index": "GII - Gender Inequality Index", "indicator": "lfpr_m - Labour force participation rate, male (% ages 15 and older)", "year": "2012", "value": "48.553"}, {"country": "SOM - Somalia", "index": "GII - Gender Inequality Index", "indicator": "lfpr_m - Labour force participation rate, male (% ages 15 and older)", "year": "2013", "value": "48.34"}, {"country": "SOM - Somalia", "index": "GII - Gender Inequality Index", "indicator": "lfpr_m - Labour force participation rate, male (% ages 15 and older)", "year": "2014", "value": "48.113"}, {"country": "SOM - Somalia", "index": "GII - Gender Inequality Index", "indicator": "lfpr_m - Labour force participation rate, male (% ages 15 and older)", "year": "2015", "value": "47.907"}, {"country": "SOM - Somalia", "index": "GII - Gender Inequality Index", "indicator": "lfpr_m - Labour force participation rate, male (% ages 15 and older)", "year": "2016", "value": "47.718"}, {"country": "SOM - Somalia", "index": "GII - Gender Inequality Index", "indicator": "lfpr_m - Labour force participation rate, male (% ages 15 and older)", "year": "2017", "value": "47.558"}, {"country": "SOM - Somalia", "index": "GII - Gender Inequality Index", "indicator": "lfpr_m - Labour force participation rate, male (% ages 15 and older)", "year": "2018", "value": "47.408"}, {"country": "SOM - Somalia", "index": "GII - Gender Inequality Index", "indicator": "lfpr_m - Labour force participation rate, male (% ages 15 and older)", "year": "2019", "value": "47.24"}, {"country": "SOM - Somalia", "index": "GII - Gender Inequality Index", "indicator": "lfpr_m - Labour force participation rate, male (% ages 15 and older)", "year": "2020", "value": "46.868"}, {"country": "SOM - Somalia", "index": "GII - Gender Inequality Index", "indicator": "lfpr_m - Labour force participation rate, male (% ages 15 and older)", "year": "2021", "value": "46.978"}, {"country": "SOM - Somalia", "index": "PHDI - Planetary pressures\u2013adjusted Human Development Index", "indicator": "mf - Material footprint per capita (tonnes)", "year": "1990", "value": "6.74"}, {"country": "SOM - Somalia", "index": "PHDI - Planetary pressures\u2013adjusted Human Development Index", "indicator": "mf - Material footprint per capita (tonnes)", "year": "1991", "value": "5.74"}, {"country": "SOM - Somalia", "index": "PHDI - Planetary pressures\u2013adjusted Human Development Index", "indicator": "mf - Material footprint per capita (tonnes)", "year": "1992", "value": "5.39"}, {"country": "SOM - Somalia", "index": "PHDI - Planetary pressures\u2013adjusted Human Development Index", "indicator": "mf - Material footprint per capita (tonnes)", "year": "1993", "value": "5.95"}, {"country": "SOM - Somalia", "index": "PHDI - Planetary pressures\u2013adjusted Human Development Index", "indicator": "mf - Material footprint per capita (tonnes)", "year": "1994", "value": "6.51"}, {"country": "SOM - Somalia", "index": "PHDI - Planetary pressures\u2013adjusted Human Development Index", "indicator": "mf - Material footprint per capita (tonnes)", "year": "1995", "value": "6.44"}, {"country": "SOM - Somalia", "index": "PHDI - Planetary pressures\u2013adjusted Human Development Index", "indicator": "mf - Material footprint per capita (tonnes)", "year": "1996", "value": "6.35"}, {"country": "SOM - Somalia", "index": "PHDI - Planetary pressures\u2013adjusted Human Development Index", "indicator": "mf - Material footprint per capita (tonnes)", "year": "1997", "value": "6.28"}, {"country": "SOM - Somalia", "index": "PHDI - Planetary pressures\u2013adjusted Human Development Index", "indicator": "mf - Material footprint per capita (tonnes)", "year": "1998", "value": "6.2"}, {"country": "SOM - Somalia", "index": "PHDI - Planetary pressures\u2013adjusted Human Development Index", "indicator": "mf - Material footprint per capita (tonnes)", "year": "1999", "value": "6.25"}, {"country": "SOM - Somalia", "index": "PHDI - Planetary pressures\u2013adjusted Human Development Index", "indicator": "mf - Material footprint per capita (tonnes)", "year": "2000", "value": "6.1"}, {"country": "SOM - Somalia", "index": "PHDI - Planetary pressures\u2013adjusted Human Development Index", "indicator": "mf - Material footprint per capita (tonnes)", "year": "2001", "value": "6"}, {"country": "SOM - Somalia", "index": "PHDI - Planetary pressures\u2013adjusted Human Development Index", "indicator": "mf - Material footprint per capita (tonnes)", "year": "2002", "value": "5.84"}, {"country": "SOM - Somalia", "index": "PHDI - Planetary pressures\u2013adjusted Human Development Index", "indicator": "mf - Material footprint per capita (tonnes)", "year": "2003", "value": "5.83"}, {"country": "SOM - Somalia", "index": "PHDI - Planetary pressures\u2013adjusted Human Development Index", "indicator": "mf - Material footprint per capita (tonnes)", "year": "2004", "value": "5.73"}, {"country": "SOM - Somalia", "index": "PHDI - Planetary pressures\u2013adjusted Human Development Index", "indicator": "mf - Material footprint per capita (tonnes)", "year": "2005", "value": "5.51"}, {"country": "SOM - Somalia", "index": "PHDI - Planetary pressures\u2013adjusted Human Development Index", "indicator": "mf - Material footprint per capita (tonnes)", "year": "2006", "value": "5.13"}, {"country": "SOM - Somalia", "index": "PHDI - Planetary pressures\u2013adjusted Human Development Index", "indicator": "mf - Material footprint per capita (tonnes)", "year": "2007", "value": "4.78"}, {"country": "SOM - Somalia", "index": "PHDI - Planetary pressures\u2013adjusted Human Development Index", "indicator": "mf - Material footprint per capita (tonnes)", "year": "2008", "value": "4.54"}, {"country": "SOM - Somalia", "index": "PHDI - Planetary pressures\u2013adjusted Human Development Index", "indicator": "mf - Material footprint per capita (tonnes)", "year": "2009", "value": "4.53"}, {"country": "SOM - Somalia", "index": "PHDI - Planetary pressures\u2013adjusted Human Development Index", "indicator": "mf - Material footprint per capita (tonnes)", "year": "2010", "value": "4.42"}, {"country": "SOM - Somalia", "index": "PHDI - Planetary pressures\u2013adjusted Human Development Index", "indicator": "mf - Material footprint per capita (tonnes)", "year": "2011", "value": "4.31"}, {"country": "SOM - Somalia", "index": "PHDI - Planetary pressures\u2013adjusted Human Development Index", "indicator": "mf - Material footprint per capita (tonnes)", "year": "2012", "value": "4.36"}, {"country": "SOM - Somalia", "index": "PHDI - Planetary pressures\u2013adjusted Human Development Index", "indicator": "mf - Material footprint per capita (tonnes)", "year": "2013", "value": "4.19"}, {"country": "SOM - Somalia", "index": "PHDI - Planetary pressures\u2013adjusted Human Development Index", "indicator": "mf - Material footprint per capita (tonnes)", "year": "2014", "value": "4.06"}, {"country": "SOM - Somalia", "index": "PHDI - Planetary pressures\u2013adjusted Human Development Index", "indicator": "mf - Material footprint per capita (tonnes)", "year": "2015", "value": "3.93"}, {"country": "SOM - Somalia", "index": "PHDI - Planetary pressures\u2013adjusted Human Development Index", "indicator": "mf - Material footprint per capita (tonnes)", "year": "2016", "value": "3.74"}, {"country": "SOM - Somalia", "index": "PHDI - Planetary pressures\u2013adjusted Human Development Index", "indicator": "mf - Material footprint per capita (tonnes)", "year": "2017", "value": "3.68"}, {"country": "SOM - Somalia", "index": "PHDI - Planetary pressures\u2013adjusted Human Development Index", "indicator": "mf - Material footprint per capita (tonnes)", "year": "2018", "value": "3.68"}, {"country": "SOM - Somalia", "index": "PHDI - Planetary pressures\u2013adjusted Human Development Index", "indicator": "mf - Material footprint per capita (tonnes)", "year": "2019", "value": "3.5"}, {"country": "SOM - Somalia", "index": "PHDI - Planetary pressures\u2013adjusted Human Development Index", "indicator": "mf - Material footprint per capita (tonnes)", "year": "2020", "value": "3.5"}, {"country": "SOM - Somalia", "index": "PHDI - Planetary pressures\u2013adjusted Human Development Index", "indicator": "mf - Material footprint per capita (tonnes)", "year": "2021", "value": "3.5"}, {"country": "SOM - Somalia", "index": "GII - Gender Inequality Index", "indicator": "mmr - Maternal Mortality Ratio (deaths per 100,000 live births)", "year": "1990", "value": "1340"}, {"country": "SOM - Somalia", "index": "GII - Gender Inequality Index", "indicator": "mmr - Maternal Mortality Ratio (deaths per 100,000 live births)", "year": "1991", "value": "1300"}, {"country": "SOM - Somalia", "index": "GII - Gender Inequality Index", "indicator": "mmr - Maternal Mortality Ratio (deaths per 100,000 live births)", "year": "1992", "value": "1380"}, {"country": "SOM - Somalia", "index": "GII - Gender Inequality Index", "indicator": "mmr - Maternal Mortality Ratio (deaths per 100,000 live births)", "year": "1993", "value": "1320"}, {"country": "SOM - Somalia", "index": "GII - Gender Inequality Index", "indicator": "mmr - Maternal Mortality Ratio (deaths per 100,000 live births)", "year": "1994", "value": "1340"}, {"country": "SOM - Somalia", "index": "GII - Gender Inequality Index", "indicator": "mmr - Maternal Mortality Ratio (deaths per 100,000 live births)", "year": "1995", "value": "1330"}, {"country": "SOM - Somalia", "index": "GII - Gender Inequality Index", "indicator": "mmr - Maternal Mortality Ratio (deaths per 100,000 live births)", "year": "1996", "value": "1340"}, {"country": "SOM - Somalia", "index": "GII - Gender Inequality Index", "indicator": "mmr - Maternal Mortality Ratio (deaths per 100,000 live births)", "year": "1997", "value": "1340"}, {"country": "SOM - Somalia", "index": "GII - Gender Inequality Index", "indicator": "mmr - Maternal Mortality Ratio (deaths per 100,000 live births)", "year": "1998", "value": "1270"}, {"country": "SOM - Somalia", "index": "GII - Gender Inequality Index", "indicator": "mmr - Maternal Mortality Ratio (deaths per 100,000 live births)", "year": "1999", "value": "1240"}, {"country": "SOM - Somalia", "index": "GII - Gender Inequality Index", "indicator": "mmr - Maternal Mortality Ratio (deaths per 100,000 live births)", "year": "2000", "value": "1210"}, {"country": "SOM - Somalia", "index": "GII - Gender Inequality Index", "indicator": "mmr - Maternal Mortality Ratio (deaths per 100,000 live births)", "year": "2001", "value": "1170"}, {"country": "SOM - Somalia", "index": "GII - Gender Inequality Index", "indicator": "mmr - Maternal Mortality Ratio (deaths per 100,000 live births)", "year": "2002", "value": "1140"}, {"country": "SOM - Somalia", "index": "GII - Gender Inequality Index", "indicator": "mmr - Maternal Mortality Ratio (deaths per 100,000 live births)", "year": "2003", "value": "1100"}, {"country": "SOM - Somalia", "index": "GII - Gender Inequality Index", "indicator": "mmr - Maternal Mortality Ratio (deaths per 100,000 live births)", "year": "2004", "value": "1080"}, {"country": "SOM - Somalia", "index": "GII - Gender Inequality Index", "indicator": "mmr - Maternal Mortality Ratio (deaths per 100,000 live births)", "year": "2005", "value": "1040"}, {"country": "SOM - Somalia", "index": "GII - Gender Inequality Index", "indicator": "mmr - Maternal Mortality Ratio (deaths per 100,000 live births)", "year": "2006", "value": "1040"}, {"country": "SOM - Somalia", "index": "GII - Gender Inequality Index", "indicator": "mmr - Maternal Mortality Ratio (deaths per 100,000 live births)", "year": "2007", "value": "1030"}, {"country": "SOM - Somalia", "index": "GII - Gender Inequality Index", "indicator": "mmr - Maternal Mortality Ratio (deaths per 100,000 live births)", "year": "2008", "value": "1010"}, {"country": "SOM - Somalia", "index": "GII - Gender Inequality Index", "indicator": "mmr - Maternal Mortality Ratio (deaths per 100,000 live births)", "year": "2009", "value": "994"}, {"country": "SOM - Somalia", "index": "GII - Gender Inequality Index", "indicator": "mmr - Maternal Mortality Ratio (deaths per 100,000 live births)", "year": "2010", "value": "985"}, {"country": "SOM - Somalia", "index": "GII - Gender Inequality Index", "indicator": "mmr - Maternal Mortality Ratio (deaths per 100,000 live births)", "year": "2011", "value": "955"}, {"country": "SOM - Somalia", "index": "GII - Gender Inequality Index", "indicator": "mmr - Maternal Mortality Ratio (deaths per 100,000 live births)", "year": "2012", "value": "943"}, {"country": "SOM - Somalia", "index": "GII - Gender Inequality Index", "indicator": "mmr - Maternal Mortality Ratio (deaths per 100,000 live births)", "year": "2013", "value": "893"}, {"country": "SOM - Somalia", "index": "GII - Gender Inequality Index", "indicator": "mmr - Maternal Mortality Ratio (deaths per 100,000 live births)", "year": "2014", "value": "878"}, {"country": "SOM - Somalia", "index": "GII - Gender Inequality Index", "indicator": "mmr - Maternal Mortality Ratio (deaths per 100,000 live births)", "year": "2015", "value": "855"}, {"country": "SOM - Somalia", "index": "GII - Gender Inequality Index", "indicator": "mmr - Maternal Mortality Ratio (deaths per 100,000 live births)", "year": "2016", "value": "865"}, {"country": "SOM - Somalia", "index": "GII - Gender Inequality Index", "indicator": "mmr - Maternal Mortality Ratio (deaths per 100,000 live births)", "year": "2017", "value": "829"}, {"country": "SOM - Somalia", "index": "GII - Gender Inequality Index", "indicator": "mmr - Maternal Mortality Ratio (deaths per 100,000 live births)", "year": "2018", "value": "829"}, {"country": "SOM - Somalia", "index": "GII - Gender Inequality Index", "indicator": "mmr - Maternal Mortality Ratio (deaths per 100,000 live births)", "year": "2019", "value": "829"}, {"country": "SOM - Somalia", "index": "GII - Gender Inequality Index", "indicator": "mmr - Maternal Mortality Ratio (deaths per 100,000 live births)", "year": "2020", "value": "829"}, {"country": "SOM - Somalia", "index": "GII - Gender Inequality Index", "indicator": "mmr - Maternal Mortality Ratio (deaths per 100,000 live births)", "year": "2021", "value": "829"}, {"country": "SOM - Somalia", "index": "GII - Gender Inequality Index", "indicator": "pr_f - Share of seats in parliament, female (% held by women)", "year": "2005", "value": "8"}, {"country": "SOM - Somalia", "index": "GII - Gender Inequality Index", "indicator": "pr_f - Share of seats in parliament, female (% held by women)", "year": "2006", "value": "7.80669145"}, {"country": "SOM - Somalia", "index": "GII - Gender Inequality Index", "indicator": "pr_f - Share of seats in parliament, female (% held by women)", "year": "2007", "value": "8.203125"}, {"country": "SOM - Somalia", "index": "GII - Gender Inequality Index", "indicator": "pr_f - Share of seats in parliament, female (% held by women)", "year": "2008", "value": "8.203125"}, {"country": "SOM - Somalia", "index": "GII - Gender Inequality Index", "indicator": "pr_f - Share of seats in parliament, female (% held by women)", "year": "2009", "value": "6.864564007"}, {"country": "SOM - Somalia", "index": "GII - Gender Inequality Index", "indicator": "pr_f - Share of seats in parliament, female (% held by women)", "year": "2010", "value": "6.776556777"}, {"country": "SOM - Somalia", "index": "GII - Gender Inequality Index", "indicator": "pr_f - Share of seats in parliament, female (% held by women)", "year": "2011", "value": "6.776556777"}, {"country": "SOM - Somalia", "index": "GII - Gender Inequality Index", "indicator": "pr_f - Share of seats in parliament, female (% held by women)", "year": "2012", "value": "13.81818182"}, {"country": "SOM - Somalia", "index": "GII - Gender Inequality Index", "indicator": "pr_f - Share of seats in parliament, female (% held by women)", "year": "2013", "value": "13.81818182"}, {"country": "SOM - Somalia", "index": "GII - Gender Inequality Index", "indicator": "pr_f - Share of seats in parliament, female (% held by women)", "year": "2014", "value": "13.81818182"}, {"country": "SOM - Somalia", "index": "GII - Gender Inequality Index", "indicator": "pr_f - Share of seats in parliament, female (% held by women)", "year": "2015", "value": "13.81818182"}, {"country": "SOM - Somalia", "index": "GII - Gender Inequality Index", "indicator": "pr_f - Share of seats in parliament, female (% held by women)", "year": "2016", "value": "13.81818182"}, {"country": "SOM - Somalia", "index": "GII - Gender Inequality Index", "indicator": "pr_f - Share of seats in parliament, female (% held by women)", "year": "2017", "value": "24.31610942"}, {"country": "SOM - Somalia", "index": "GII - Gender Inequality Index", "indicator": "pr_f - Share of seats in parliament, female (% held by women)", "year": "2018", "value": "24.31610942"}, {"country": "SOM - Somalia", "index": "GII - Gender Inequality Index", "indicator": "pr_f - Share of seats in parliament, female (% held by women)", "year": "2019", "value": "24.31610942"}, {"country": "SOM - Somalia", "index": "GII - Gender Inequality Index", "indicator": "pr_f - Share of seats in parliament, female (% held by women)", "year": "2020", "value": "24.31610942"}, {"country": "SOM - Somalia", "index": "GII - Gender Inequality Index", "indicator": "pr_f - Share of seats in parliament, female (% held by women)", "year": "2021", "value": "24.62006079"}, {"country": "SOM - Somalia", "index": "GII - Gender Inequality Index", "indicator": "pr_m - Share of seats in parliament, male (% held by men)", "year": "2005", "value": "92"}, {"country": "SOM - Somalia", "index": "GII - Gender Inequality Index", "indicator": "pr_m - Share of seats in parliament, male (% held by men)", "year": "2006", "value": "92.19330855"}, {"country": "SOM - Somalia", "index": "GII - Gender Inequality Index", "indicator": "pr_m - Share of seats in parliament, male (% held by men)", "year": "2007", "value": "91.796875"}, {"country": "SOM - Somalia", "index": "GII - Gender Inequality Index", "indicator": "pr_m - Share of seats in parliament, male (% held by men)", "year": "2008", "value": "91.796875"}, {"country": "SOM - Somalia", "index": "GII - Gender Inequality Index", "indicator": "pr_m - Share of seats in parliament, male (% held by men)", "year": "2009", "value": "93.13543599"}, {"country": "SOM - Somalia", "index": "GII - Gender Inequality Index", "indicator": "pr_m - Share of seats in parliament, male (% held by men)", "year": "2010", "value": "93.22344322"}, {"country": "SOM - Somalia", "index": "GII - Gender Inequality Index", "indicator": "pr_m - Share of seats in parliament, male (% held by men)", "year": "2011", "value": "93.22344322"}, {"country": "SOM - Somalia", "index": "GII - Gender Inequality Index", "indicator": "pr_m - Share of seats in parliament, male (% held by men)", "year": "2012", "value": "86.18181818"}, {"country": "SOM - Somalia", "index": "GII - Gender Inequality Index", "indicator": "pr_m - Share of seats in parliament, male (% held by men)", "year": "2013", "value": "86.18181818"}, {"country": "SOM - Somalia", "index": "GII - Gender Inequality Index", "indicator": "pr_m - Share of seats in parliament, male (% held by men)", "year": "2014", "value": "86.18181818"}, {"country": "SOM - Somalia", "index": "GII - Gender Inequality Index", "indicator": "pr_m - Share of seats in parliament, male (% held by men)", "year": "2015", "value": "86.18181818"}, {"country": "SOM - Somalia", "index": "GII - Gender Inequality Index", "indicator": "pr_m - Share of seats in parliament, male (% held by men)", "year": "2016", "value": "86.18181818"}, {"country": "SOM - Somalia", "index": "GII - Gender Inequality Index", "indicator": "pr_m - Share of seats in parliament, male (% held by men)", "year": "2017", "value": "75.68389058"}, {"country": "SOM - Somalia", "index": "GII - Gender Inequality Index", "indicator": "pr_m - Share of seats in parliament, male (% held by men)", "year": "2018", "value": "75.68389058"}, {"country": "SOM - Somalia", "index": "GII - Gender Inequality Index", "indicator": "pr_m - Share of seats in parliament, male (% held by men)", "year": "2019", "value": "75.68389058"}, {"country": "SOM - Somalia", "index": "GII - Gender Inequality Index", "indicator": "pr_m - Share of seats in parliament, male (% held by men)", "year": "2020", "value": "75.68389058"}, {"country": "SOM - Somalia", "index": "GII - Gender Inequality Index", "indicator": "pr_m - Share of seats in parliament, male (% held by men)", "year": "2021", "value": "75.37993921"}]