[{"country": "PRK - Korea (Democratic People's Rep. of)", "index": "GII - Gender Inequality Index", "indicator": "abr - Adolescent Birth Rate (births per 1,000 women ages 15-19)", "year": "1990", "value": "6.674"}, {"country": "PRK - Korea (Democratic People's Rep. of)", "index": "GII - Gender Inequality Index", "indicator": "abr - Adolescent Birth Rate (births per 1,000 women ages 15-19)", "year": "1991", "value": "6.066"}, {"country": "PRK - Korea (Democratic People's Rep. of)", "index": "GII - Gender Inequality Index", "indicator": "abr - Adolescent Birth Rate (births per 1,000 women ages 15-19)", "year": "1992", "value": "5.457"}, {"country": "PRK - Korea (Democratic People's Rep. of)", "index": "GII - Gender Inequality Index", "indicator": "abr - Adolescent Birth Rate (births per 1,000 women ages 15-19)", "year": "1993", "value": "4.599"}, {"country": "PRK - Korea (Democratic People's Rep. of)", "index": "GII - Gender Inequality Index", "indicator": "abr - Adolescent Birth Rate (births per 1,000 women ages 15-19)", "year": "1994", "value": "4.282"}, {"country": "PRK - Korea (Democratic People's Rep. of)", "index": "GII - Gender Inequality Index", "indicator": "abr - Adolescent Birth Rate (births per 1,000 women ages 15-19)", "year": "1995", "value": "3.928"}, {"country": "PRK - Korea (Democratic People's Rep. of)", "index": "GII - Gender Inequality Index", "indicator": "abr - Adolescent Birth Rate (births per 1,000 women ages 15-19)", "year": "1996", "value": "3.451"}, {"country": "PRK - Korea (Democratic People's Rep. of)", "index": "GII - Gender Inequality Index", "indicator": "abr - Adolescent Birth Rate (births per 1,000 women ages 15-19)", "year": "1997", "value": "3.121"}, {"country": "PRK - Korea (Democratic People's Rep. of)", "index": "GII - Gender Inequality Index", "indicator": "abr - Adolescent Birth Rate (births per 1,000 women ages 15-19)", "year": "1998", "value": "2.786"}, {"country": "PRK - Korea (Democratic People's Rep. of)", "index": "GII - Gender Inequality Index", "indicator": "abr - Adolescent Birth Rate (births per 1,000 women ages 15-19)", "year": "1999", "value": "2.71"}, {"country": "PRK - Korea (Democratic People's Rep. of)", "index": "GII - Gender Inequality Index", "indicator": "abr - Adolescent Birth Rate (births per 1,000 women ages 15-19)", "year": "2000", "value": "2.512"}, {"country": "PRK - Korea (Democratic People's Rep. of)", "index": "GII - Gender Inequality Index", "indicator": "abr - Adolescent Birth Rate (births per 1,000 women ages 15-19)", "year": "2001", "value": "2.372"}, {"country": "PRK - Korea (Democratic People's Rep. of)", "index": "GII - Gender Inequality Index", "indicator": "abr - Adolescent Birth Rate (births per 1,000 women ages 15-19)", "year": "2002", "value": "2.177"}, {"country": "PRK - Korea (Democratic People's Rep. of)", "index": "GII - Gender Inequality Index", "indicator": "abr - Adolescent Birth Rate (births per 1,000 women ages 15-19)", "year": "2003", "value": "2.041"}, {"country": "PRK - Korea (Democratic People's Rep. of)", "index": "GII - Gender Inequality Index", "indicator": "abr - Adolescent Birth Rate (births per 1,000 women ages 15-19)", "year": "2004", "value": "1.519"}, {"country": "PRK - Korea (Democratic People's Rep. of)", "index": "GII - Gender Inequality Index", "indicator": "abr - Adolescent Birth Rate (births per 1,000 women ages 15-19)", "year": "2005", "value": "1.166"}, {"country": "PRK - Korea (Democratic People's Rep. of)", "index": "GII - Gender Inequality Index", "indicator": "abr - Adolescent Birth Rate (births per 1,000 women ages 15-19)", "year": "2006", "value": "0.876"}, {"country": "PRK - Korea (Democratic People's Rep. of)", "index": "GII - Gender Inequality Index", "indicator": "abr - Adolescent Birth Rate (births per 1,000 women ages 15-19)", "year": "2007", "value": "1.018"}, {"country": "PRK - Korea (Democratic People's Rep. of)", "index": "GII - Gender Inequality Index", "indicator": "abr - Adolescent Birth Rate (births per 1,000 women ages 15-19)", "year": "2008", "value": "1.3"}, {"country": "PRK - Korea (Democratic People's Rep. of)", "index": "GII - Gender Inequality Index", "indicator": "abr - Adolescent Birth Rate (births per 1,000 women ages 15-19)", "year": "2009", "value": "1.31"}, {"country": "PRK - Korea (Democratic People's Rep. of)", "index": "GII - Gender Inequality Index", "indicator": "abr - Adolescent Birth Rate (births per 1,000 women ages 15-19)", "year": "2010", "value": "1.281"}, {"country": "PRK - Korea (Democratic People's Rep. of)", "index": "GII - Gender Inequality Index", "indicator": "abr - Adolescent Birth Rate (births per 1,000 women ages 15-19)", "year": "2011", "value": "1.454"}, {"country": "PRK - Korea (Democratic People's Rep. of)", "index": "GII - Gender Inequality Index", "indicator": "abr - Adolescent Birth Rate (births per 1,000 women ages 15-19)", "year": "2012", "value": "1.561"}, {"country": "PRK - Korea (Democratic People's Rep. of)", "index": "GII - Gender Inequality Index", "indicator": "abr - Adolescent Birth Rate (births per 1,000 women ages 15-19)", "year": "2013", "value": "1.725"}, {"country": "PRK - Korea (Democratic People's Rep. of)", "index": "GII - Gender Inequality Index", "indicator": "abr - Adolescent Birth Rate (births per 1,000 women ages 15-19)", "year": "2014", "value": "1.828"}, {"country": "PRK - Korea (Democratic People's Rep. of)", "index": "GII - Gender Inequality Index", "indicator": "abr - Adolescent Birth Rate (births per 1,000 women ages 15-19)", "year": "2015", "value": "2.007"}, {"country": "PRK - Korea (Democratic People's Rep. of)", "index": "GII - Gender Inequality Index", "indicator": "abr - Adolescent Birth Rate (births per 1,000 women ages 15-19)", "year": "2016", "value": "2.068"}, {"country": "PRK - Korea (Democratic People's Rep. of)", "index": "GII - Gender Inequality Index", "indicator": "abr - Adolescent Birth Rate (births per 1,000 women ages 15-19)", "year": "2017", "value": "2.181"}, {"country": "PRK - Korea (Democratic People's Rep. of)", "index": "GII - Gender Inequality Index", "indicator": "abr - Adolescent Birth Rate (births per 1,000 women ages 15-19)", "year": "2018", "value": "2.165"}, {"country": "PRK - Korea (Democratic People's Rep. of)", "index": "GII - Gender Inequality Index", "indicator": "abr - Adolescent Birth Rate (births per 1,000 women ages 15-19)", "year": "2019", "value": "2.327"}, {"country": "PRK - Korea (Democratic People's Rep. of)", "index": "GII - Gender Inequality Index", "indicator": "abr - Adolescent Birth Rate (births per 1,000 women ages 15-19)", "year": "2020", "value": "2.245"}, {"country": "PRK - Korea (Democratic People's Rep. of)", "index": "GII - Gender Inequality Index", "indicator": "abr - Adolescent Birth Rate (births per 1,000 women ages 15-19)", "year": "2021", "value": "2.325"}, {"country": "PRK - Korea (Democratic People's Rep. of)", "index": "PHDI - Planetary pressures\u2013adjusted Human Development Index", "indicator": "co2_prod - Carbon dioxide emissions per capita (production) (tonnes)", "year": "1990", "value": "6.031635258"}, {"country": "PRK - Korea (Democratic People's Rep. of)", "index": "PHDI - Planetary pressures\u2013adjusted Human Development Index", "indicator": "co2_prod - Carbon dioxide emissions per capita (production) (tonnes)", "year": "1991", "value": "5.68811426"}, {"country": "PRK - Korea (Democratic People's Rep. of)", "index": "PHDI - Planetary pressures\u2013adjusted Human Development Index", "indicator": "co2_prod - Carbon dioxide emissions per capita (production) (tonnes)", "year": "1992", "value": "4.917658369"}, {"country": "PRK - Korea (Democratic People's Rep. of)", "index": "PHDI - Planetary pressures\u2013adjusted Human Development Index", "indicator": "co2_prod - Carbon dioxide emissions per capita (production) (tonnes)", "year": "1993", "value": "4.461094731"}, {"country": "PRK - Korea (Democratic People's Rep. of)", "index": "PHDI - Planetary pressures\u2013adjusted Human Development Index", "indicator": "co2_prod - Carbon dioxide emissions per capita (production) (tonnes)", "year": "1994", "value": "4.018906865"}, {"country": "PRK - Korea (Democratic People's Rep. of)", "index": "PHDI - Planetary pressures\u2013adjusted Human Development Index", "indicator": "co2_prod - Carbon dioxide emissions per capita (production) (tonnes)", "year": "1995", "value": "3.716928398"}, {"country": "PRK - Korea (Democratic People's Rep. of)", "index": "PHDI - Planetary pressures\u2013adjusted Human Development Index", "indicator": "co2_prod - Carbon dioxide emissions per capita (production) (tonnes)", "year": "1996", "value": "3.239582194"}, {"country": "PRK - Korea (Democratic People's Rep. of)", "index": "PHDI - Planetary pressures\u2013adjusted Human Development Index", "indicator": "co2_prod - Carbon dioxide emissions per capita (production) (tonnes)", "year": "1997", "value": "2.917287714"}, {"country": "PRK - Korea (Democratic People's Rep. of)", "index": "PHDI - Planetary pressures\u2013adjusted Human Development Index", "indicator": "co2_prod - Carbon dioxide emissions per capita (production) (tonnes)", "year": "1998", "value": "2.607718157"}, {"country": "PRK - Korea (Democratic People's Rep. of)", "index": "PHDI - Planetary pressures\u2013adjusted Human Development Index", "indicator": "co2_prod - Carbon dioxide emissions per capita (production) (tonnes)", "year": "1999", "value": "2.819860139"}, {"country": "PRK - Korea (Democratic People's Rep. of)", "index": "PHDI - Planetary pressures\u2013adjusted Human Development Index", "indicator": "co2_prod - Carbon dioxide emissions per capita (production) (tonnes)", "year": "2000", "value": "3.016471445"}, {"country": "PRK - Korea (Democratic People's Rep. of)", "index": "PHDI - Planetary pressures\u2013adjusted Human Development Index", "indicator": "co2_prod - Carbon dioxide emissions per capita (production) (tonnes)", "year": "2001", "value": "3.097936366"}, {"country": "PRK - Korea (Democratic People's Rep. of)", "index": "PHDI - Planetary pressures\u2013adjusted Human Development Index", "indicator": "co2_prod - Carbon dioxide emissions per capita (production) (tonnes)", "year": "2002", "value": "2.941011514"}, {"country": "PRK - Korea (Democratic People's Rep. of)", "index": "PHDI - Planetary pressures\u2013adjusted Human Development Index", "indicator": "co2_prod - Carbon dioxide emissions per capita (production) (tonnes)", "year": "2003", "value": "2.97921718"}, {"country": "PRK - Korea (Democratic People's Rep. of)", "index": "PHDI - Planetary pressures\u2013adjusted Human Development Index", "indicator": "co2_prod - Carbon dioxide emissions per capita (production) (tonnes)", "year": "2004", "value": "3.022037371"}, {"country": "PRK - Korea (Democratic People's Rep. of)", "index": "PHDI - Planetary pressures\u2013adjusted Human Development Index", "indicator": "co2_prod - Carbon dioxide emissions per capita (production) (tonnes)", "year": "2005", "value": "3.134160667"}, {"country": "PRK - Korea (Democratic People's Rep. of)", "index": "PHDI - Planetary pressures\u2013adjusted Human Development Index", "indicator": "co2_prod - Carbon dioxide emissions per capita (production) (tonnes)", "year": "2006", "value": "3.166602813"}, {"country": "PRK - Korea (Democratic People's Rep. of)", "index": "PHDI - Planetary pressures\u2013adjusted Human Development Index", "indicator": "co2_prod - Carbon dioxide emissions per capita (production) (tonnes)", "year": "2007", "value": "2.624339811"}, {"country": "PRK - Korea (Democratic People's Rep. of)", "index": "PHDI - Planetary pressures\u2013adjusted Human Development Index", "indicator": "co2_prod - Carbon dioxide emissions per capita (production) (tonnes)", "year": "2008", "value": "2.893010662"}, {"country": "PRK - Korea (Democratic People's Rep. of)", "index": "PHDI - Planetary pressures\u2013adjusted Human Development Index", "indicator": "co2_prod - Carbon dioxide emissions per capita (production) (tonnes)", "year": "2009", "value": "2.19280548"}, {"country": "PRK - Korea (Democratic People's Rep. of)", "index": "PHDI - Planetary pressures\u2013adjusted Human Development Index", "indicator": "co2_prod - Carbon dioxide emissions per capita (production) (tonnes)", "year": "2010", "value": "2.037685208"}, {"country": "PRK - Korea (Democratic People's Rep. of)", "index": "PHDI - Planetary pressures\u2013adjusted Human Development Index", "indicator": "co2_prod - Carbon dioxide emissions per capita (production) (tonnes)", "year": "2011", "value": "1.466595902"}, {"country": "PRK - Korea (Democratic People's Rep. of)", "index": "PHDI - Planetary pressures\u2013adjusted Human Development Index", "indicator": "co2_prod - Carbon dioxide emissions per capita (production) (tonnes)", "year": "2012", "value": "1.51468238"}, {"country": "PRK - Korea (Democratic People's Rep. of)", "index": "PHDI - Planetary pressures\u2013adjusted Human Development Index", "indicator": "co2_prod - Carbon dioxide emissions per capita (production) (tonnes)", "year": "2013", "value": "1.083599882"}, {"country": "PRK - Korea (Democratic People's Rep. of)", "index": "PHDI - Planetary pressures\u2013adjusted Human Development Index", "indicator": "co2_prod - Carbon dioxide emissions per capita (production) (tonnes)", "year": "2014", "value": "1.219002155"}, {"country": "PRK - Korea (Democratic People's Rep. of)", "index": "PHDI - Planetary pressures\u2013adjusted Human Development Index", "indicator": "co2_prod - Carbon dioxide emissions per capita (production) (tonnes)", "year": "2015", "value": "0.977666902"}, {"country": "PRK - Korea (Democratic People's Rep. of)", "index": "PHDI - Planetary pressures\u2013adjusted Human Development Index", "indicator": "co2_prod - Carbon dioxide emissions per capita (production) (tonnes)", "year": "2016", "value": "1.162193351"}, {"country": "PRK - Korea (Democratic People's Rep. of)", "index": "PHDI - Planetary pressures\u2013adjusted Human Development Index", "indicator": "co2_prod - Carbon dioxide emissions per capita (production) (tonnes)", "year": "2017", "value": "0.856034204"}, {"country": "PRK - Korea (Democratic People's Rep. of)", "index": "PHDI - Planetary pressures\u2013adjusted Human Development Index", "indicator": "co2_prod - Carbon dioxide emissions per capita (production) (tonnes)", "year": "2018", "value": "0.691744577"}, {"country": "PRK - Korea (Democratic People's Rep. of)", "index": "PHDI - Planetary pressures\u2013adjusted Human Development Index", "indicator": "co2_prod - Carbon dioxide emissions per capita (production) (tonnes)", "year": "2019", "value": "1.144670603"}, {"country": "PRK - Korea (Democratic People's Rep. of)", "index": "PHDI - Planetary pressures\u2013adjusted Human Development Index", "indicator": "co2_prod - Carbon dioxide emissions per capita (production) (tonnes)", "year": "2020", "value": "1.13702274"}, {"country": "PRK - Korea (Democratic People's Rep. of)", "index": "PHDI - Planetary pressures\u2013adjusted Human Development Index", "indicator": "co2_prod - Carbon dioxide emissions per capita (production) (tonnes)", "year": "2021", "value": "1.13702274"}, {"country": "PRK - Korea (Democratic People's Rep. of)", "index": "HDI - Human Development Index", "indicator": "eys - Expected Years of Schooling (years)", "year": "2015", "value": "10.74618"}, {"country": "PRK - Korea (Democratic People's Rep. of)", "index": "HDI - Human Development Index", "indicator": "eys - Expected Years of Schooling (years)", "year": "2016", "value": "10.77764514"}, {"country": "PRK - Korea (Democratic People's Rep. of)", "index": "HDI - Human Development Index", "indicator": "eys - Expected Years of Schooling (years)", "year": "2017", "value": "10.78317"}, {"country": "PRK - Korea (Democratic People's Rep. of)", "index": "HDI - Human Development Index", "indicator": "eys - Expected Years of Schooling (years)", "year": "2018", "value": "10.78317"}, {"country": "PRK - Korea (Democratic People's Rep. of)", "index": "HDI - Human Development Index", "indicator": "eys - Expected Years of Schooling (years)", "year": "2019", "value": "10.78317"}, {"country": "PRK - Korea (Democratic People's Rep. of)", "index": "HDI - Human Development Index", "indicator": "eys - Expected Years of Schooling (years)", "year": "2020", "value": "10.78317"}, {"country": "PRK - Korea (Democratic People's Rep. of)", "index": "HDI - Human Development Index", "indicator": "eys - Expected Years of Schooling (years)", "year": "2021", "value": "10.78317"}, {"country": "PRK - Korea (Democratic People's Rep. of)", "index": "GDI - Gender Development Index", "indicator": "eys_f - Expected Years of Schooling, female (years)", "year": "2015", "value": "10.3244"}, {"country": "PRK - Korea (Democratic People's Rep. of)", "index": "GDI - Gender Development Index", "indicator": "eys_f - Expected Years of Schooling, female (years)", "year": "2016", "value": "10.3547"}, {"country": "PRK - Korea (Democratic People's Rep. of)", "index": "GDI - Gender Development Index", "indicator": "eys_f - Expected Years of Schooling, female (years)", "year": "2017", "value": "10.3849"}, {"country": "PRK - Korea (Democratic People's Rep. of)", "index": "GDI - Gender Development Index", "indicator": "eys_f - Expected Years of Schooling, female (years)", "year": "2018", "value": "10.4151"}, {"country": "PRK - Korea (Democratic People's Rep. of)", "index": "GDI - Gender Development Index", "indicator": "eys_f - Expected Years of Schooling, female (years)", "year": "2019", "value": "10.42153"}, {"country": "PRK - Korea (Democratic People's Rep. of)", "index": "GDI - Gender Development Index", "indicator": "eys_f - Expected Years of Schooling, female (years)", "year": "2020", "value": "10.42153"}, {"country": "PRK - Korea (Democratic People's Rep. of)", "index": "GDI - Gender Development Index", "indicator": "eys_f - Expected Years of Schooling, female (years)", "year": "2021", "value": "10.42153"}, {"country": "PRK - Korea (Democratic People's Rep. of)", "index": "GDI - Gender Development Index", "indicator": "eys_m - Expected Years of Schooling, male (years)", "year": "2015", "value": "11.1679"}, {"country": "PRK - Korea (Democratic People's Rep. of)", "index": "GDI - Gender Development Index", "indicator": "eys_m - Expected Years of Schooling, male (years)", "year": "2016", "value": "11.2006"}, {"country": "PRK - Korea (Democratic People's Rep. of)", "index": "GDI - Gender Development Index", "indicator": "eys_m - Expected Years of Schooling, male (years)", "year": "2017", "value": "11.2333"}, {"country": "PRK - Korea (Democratic People's Rep. of)", "index": "GDI - Gender Development Index", "indicator": "eys_m - Expected Years of Schooling, male (years)", "year": "2018", "value": "11.266"}, {"country": "PRK - Korea (Democratic People's Rep. of)", "index": "GDI - Gender Development Index", "indicator": "eys_m - Expected Years of Schooling, male (years)", "year": "2019", "value": "11.14481"}, {"country": "PRK - Korea (Democratic People's Rep. of)", "index": "GDI - Gender Development Index", "indicator": "eys_m - Expected Years of Schooling, male (years)", "year": "2020", "value": "11.14481"}, {"country": "PRK - Korea (Democratic People's Rep. of)", "index": "GDI - Gender Development Index", "indicator": "eys_m - Expected Years of Schooling, male (years)", "year": "2021", "value": "11.14481"}, {"country": "PRK - Korea (Democratic People's Rep. of)", "index": "IHDI - Inequality-adjusted Human Development Index", "indicator": "ineq_le - Inequality in life expectancy", "year": "2010", "value": "16.30227852"}, {"country": "PRK - Korea (Democratic People's Rep. of)", "index": "IHDI - Inequality-adjusted Human Development Index", "indicator": "ineq_le - Inequality in life expectancy", "year": "2011", "value": "15.55809402"}, {"country": "PRK - Korea (Democratic People's Rep. of)", "index": "IHDI - Inequality-adjusted Human Development Index", "indicator": "ineq_le - Inequality in life expectancy", "year": "2012", "value": "14.68531322"}, {"country": "PRK - Korea (Democratic People's Rep. of)", "index": "IHDI - Inequality-adjusted Human Development Index", "indicator": "ineq_le - Inequality in life expectancy", "year": "2013", "value": "13.81739235"}, {"country": "PRK - Korea (Democratic People's Rep. of)", "index": "IHDI - Inequality-adjusted Human Development Index", "indicator": "ineq_le - Inequality in life expectancy", "year": "2014", "value": "13.06089497"}, {"country": "PRK - Korea (Democratic People's Rep. of)", "index": "IHDI - Inequality-adjusted Human Development Index", "indicator": "ineq_le - Inequality in life expectancy", "year": "2015", "value": "13.21600723"}, {"country": "PRK - Korea (Democratic People's Rep. of)", "index": "IHDI - Inequality-adjusted Human Development Index", "indicator": "ineq_le - Inequality in life expectancy", "year": "2016", "value": "12.91828537"}, {"country": "PRK - Korea (Democratic People's Rep. of)", "index": "IHDI - Inequality-adjusted Human Development Index", "indicator": "ineq_le - Inequality in life expectancy", "year": "2017", "value": "12.32974243"}, {"country": "PRK - Korea (Democratic People's Rep. of)", "index": "IHDI - Inequality-adjusted Human Development Index", "indicator": "ineq_le - Inequality in life expectancy", "year": "2018", "value": "12.01801491"}, {"country": "PRK - Korea (Democratic People's Rep. of)", "index": "IHDI - Inequality-adjusted Human Development Index", "indicator": "ineq_le - Inequality in life expectancy", "year": "2019", "value": "11.58582592"}, {"country": "PRK - Korea (Democratic People's Rep. of)", "index": "IHDI - Inequality-adjusted Human Development Index", "indicator": "ineq_le - Inequality in life expectancy", "year": "2020", "value": "11.25858021"}, {"country": "PRK - Korea (Democratic People's Rep. of)", "index": "IHDI - Inequality-adjusted Human Development Index", "indicator": "ineq_le - Inequality in life expectancy", "year": "2021", "value": "10.96100235"}, {"country": "PRK - Korea (Democratic People's Rep. of)", "index": "HDI - Human Development Index", "indicator": "le - Life Expectancy at Birth (years)", "year": "1990", "value": "70.21"}, {"country": "PRK - Korea (Democratic People's Rep. of)", "index": "HDI - Human Development Index", "indicator": "le - Life Expectancy at Birth (years)", "year": "1991", "value": "70.3125"}, {"country": "PRK - Korea (Democratic People's Rep. of)", "index": "HDI - Human Development Index", "indicator": "le - Life Expectancy at Birth (years)", "year": "1992", "value": "70.8239"}, {"country": "PRK - Korea (Democratic People's Rep. of)", "index": "HDI - Human Development Index", "indicator": "le - Life Expectancy at Birth (years)", "year": "1993", "value": "71.8705"}, {"country": "PRK - Korea (Democratic People's Rep. of)", "index": "HDI - Human Development Index", "indicator": "le - Life Expectancy at Birth (years)", "year": "1994", "value": "70.7181"}, {"country": "PRK - Korea (Democratic People's Rep. of)", "index": "HDI - Human Development Index", "indicator": "le - Life Expectancy at Birth (years)", "year": "1995", "value": "60.8944"}, {"country": "PRK - Korea (Democratic People's Rep. of)", "index": "HDI - Human Development Index", "indicator": "le - Life Expectancy at Birth (years)", "year": "1996", "value": "60.9557"}, {"country": "PRK - Korea (Democratic People's Rep. of)", "index": "HDI - Human Development Index", "indicator": "le - Life Expectancy at Birth (years)", "year": "1997", "value": "60.9735"}, {"country": "PRK - Korea (Democratic People's Rep. of)", "index": "HDI - Human Development Index", "indicator": "le - Life Expectancy at Birth (years)", "year": "1998", "value": "60.906"}, {"country": "PRK - Korea (Democratic People's Rep. of)", "index": "HDI - Human Development Index", "indicator": "le - Life Expectancy at Birth (years)", "year": "1999", "value": "60.7984"}, {"country": "PRK - Korea (Democratic People's Rep. of)", "index": "HDI - Human Development Index", "indicator": "le - Life Expectancy at Birth (years)", "year": "2000", "value": "60.7631"}, {"country": "PRK - Korea (Democratic People's Rep. of)", "index": "HDI - Human Development Index", "indicator": "le - Life Expectancy at Birth (years)", "year": "2001", "value": "60.7449"}, {"country": "PRK - Korea (Democratic People's Rep. of)", "index": "HDI - Human Development Index", "indicator": "le - Life Expectancy at Birth (years)", "year": "2002", "value": "60.7917"}, {"country": "PRK - Korea (Democratic People's Rep. of)", "index": "HDI - Human Development Index", "indicator": "le - Life Expectancy at Birth (years)", "year": "2003", "value": "69.5458"}, {"country": "PRK - Korea (Democratic People's Rep. of)", "index": "HDI - Human Development Index", "indicator": "le - Life Expectancy at Birth (years)", "year": "2004", "value": "69.4367"}, {"country": "PRK - Korea (Democratic People's Rep. of)", "index": "HDI - Human Development Index", "indicator": "le - Life Expectancy at Birth (years)", "year": "2005", "value": "69.2853"}, {"country": "PRK - Korea (Democratic People's Rep. of)", "index": "HDI - Human Development Index", "indicator": "le - Life Expectancy at Birth (years)", "year": "2006", "value": "69.0855"}, {"country": "PRK - Korea (Democratic People's Rep. of)", "index": "HDI - Human Development Index", "indicator": "le - Life Expectancy at Birth (years)", "year": "2007", "value": "68.9109"}, {"country": "PRK - Korea (Democratic People's Rep. of)", "index": "HDI - Human Development Index", "indicator": "le - Life Expectancy at Birth (years)", "year": "2008", "value": "68.9578"}, {"country": "PRK - Korea (Democratic People's Rep. of)", "index": "HDI - Human Development Index", "indicator": "le - Life Expectancy at Birth (years)", "year": "2009", "value": "69.7317"}, {"country": "PRK - Korea (Democratic People's Rep. of)", "index": "HDI - Human Development Index", "indicator": "le - Life Expectancy at Birth (years)", "year": "2010", "value": "70.4187"}, {"country": "PRK - Korea (Democratic People's Rep. of)", "index": "HDI - Human Development Index", "indicator": "le - Life Expectancy at Birth (years)", "year": "2011", "value": "70.9778"}, {"country": "PRK - Korea (Democratic People's Rep. of)", "index": "HDI - Human Development Index", "indicator": "le - Life Expectancy at Birth (years)", "year": "2012", "value": "71.6261"}, {"country": "PRK - Korea (Democratic People's Rep. of)", "index": "HDI - Human Development Index", "indicator": "le - Life Expectancy at Birth (years)", "year": "2013", "value": "72.3189"}, {"country": "PRK - Korea (Democratic People's Rep. of)", "index": "HDI - Human Development Index", "indicator": "le - Life Expectancy at Birth (years)", "year": "2014", "value": "72.9423"}, {"country": "PRK - Korea (Democratic People's Rep. of)", "index": "HDI - Human Development Index", "indicator": "le - Life Expectancy at Birth (years)", "year": "2015", "value": "72.7844"}, {"country": "PRK - Korea (Democratic People's Rep. of)", "index": "HDI - Human Development Index", "indicator": "le - Life Expectancy at Birth (years)", "year": "2016", "value": "72.8045"}, {"country": "PRK - Korea (Democratic People's Rep. of)", "index": "HDI - Human Development Index", "indicator": "le - Life Expectancy at Birth (years)", "year": "2017", "value": "72.9778"}, {"country": "PRK - Korea (Democratic People's Rep. of)", "index": "HDI - Human Development Index", "indicator": "le - Life Expectancy at Birth (years)", "year": "2018", "value": "73.0309"}, {"country": "PRK - Korea (Democratic People's Rep. of)", "index": "HDI - Human Development Index", "indicator": "le - Life Expectancy at Birth (years)", "year": "2019", "value": "73.1985"}, {"country": "PRK - Korea (Democratic People's Rep. of)", "index": "HDI - Human Development Index", "indicator": "le - Life Expectancy at Birth (years)", "year": "2020", "value": "73.2741"}, {"country": "PRK - Korea (Democratic People's Rep. of)", "index": "HDI - Human Development Index", "indicator": "le - Life Expectancy at Birth (years)", "year": "2021", "value": "73.2845"}, {"country": "PRK - Korea (Democratic People's Rep. of)", "index": "GDI - Gender Development Index", "indicator": "le_f - Life Expectancy at Birth, female (years)", "year": "1990", "value": "73.8236"}, {"country": "PRK - Korea (Democratic People's Rep. of)", "index": "GDI - Gender Development Index", "indicator": "le_f - Life Expectancy at Birth, female (years)", "year": "1991", "value": "74.0156"}, {"country": "PRK - Korea (Democratic People's Rep. of)", "index": "GDI - Gender Development Index", "indicator": "le_f - Life Expectancy at Birth, female (years)", "year": "1992", "value": "74.639"}, {"country": "PRK - Korea (Democratic People's Rep. of)", "index": "GDI - Gender Development Index", "indicator": "le_f - Life Expectancy at Birth, female (years)", "year": "1993", "value": "76.3014"}, {"country": "PRK - Korea (Democratic People's Rep. of)", "index": "GDI - Gender Development Index", "indicator": "le_f - Life Expectancy at Birth, female (years)", "year": "1994", "value": "74.9006"}, {"country": "PRK - Korea (Democratic People's Rep. of)", "index": "GDI - Gender Development Index", "indicator": "le_f - Life Expectancy at Birth, female (years)", "year": "1995", "value": "64.24"}, {"country": "PRK - Korea (Democratic People's Rep. of)", "index": "GDI - Gender Development Index", "indicator": "le_f - Life Expectancy at Birth, female (years)", "year": "1996", "value": "64.2467"}, {"country": "PRK - Korea (Democratic People's Rep. of)", "index": "GDI - Gender Development Index", "indicator": "le_f - Life Expectancy at Birth, female (years)", "year": "1997", "value": "64.2412"}, {"country": "PRK - Korea (Democratic People's Rep. of)", "index": "GDI - Gender Development Index", "indicator": "le_f - Life Expectancy at Birth, female (years)", "year": "1998", "value": "64.1118"}, {"country": "PRK - Korea (Democratic People's Rep. of)", "index": "GDI - Gender Development Index", "indicator": "le_f - Life Expectancy at Birth, female (years)", "year": "1999", "value": "63.8998"}, {"country": "PRK - Korea (Democratic People's Rep. of)", "index": "GDI - Gender Development Index", "indicator": "le_f - Life Expectancy at Birth, female (years)", "year": "2000", "value": "63.8133"}, {"country": "PRK - Korea (Democratic People's Rep. of)", "index": "GDI - Gender Development Index", "indicator": "le_f - Life Expectancy at Birth, female (years)", "year": "2001", "value": "63.7561"}, {"country": "PRK - Korea (Democratic People's Rep. of)", "index": "GDI - Gender Development Index", "indicator": "le_f - Life Expectancy at Birth, female (years)", "year": "2002", "value": "63.7652"}, {"country": "PRK - Korea (Democratic People's Rep. of)", "index": "GDI - Gender Development Index", "indicator": "le_f - Life Expectancy at Birth, female (years)", "year": "2003", "value": "73.098"}, {"country": "PRK - Korea (Democratic People's Rep. of)", "index": "GDI - Gender Development Index", "indicator": "le_f - Life Expectancy at Birth, female (years)", "year": "2004", "value": "72.9201"}, {"country": "PRK - Korea (Democratic People's Rep. of)", "index": "GDI - Gender Development Index", "indicator": "le_f - Life Expectancy at Birth, female (years)", "year": "2005", "value": "72.71"}, {"country": "PRK - Korea (Democratic People's Rep. of)", "index": "GDI - Gender Development Index", "indicator": "le_f - Life Expectancy at Birth, female (years)", "year": "2006", "value": "72.4554"}, {"country": "PRK - Korea (Democratic People's Rep. of)", "index": "GDI - Gender Development Index", "indicator": "le_f - Life Expectancy at Birth, female (years)", "year": "2007", "value": "72.2356"}, {"country": "PRK - Korea (Democratic People's Rep. of)", "index": "GDI - Gender Development Index", "indicator": "le_f - Life Expectancy at Birth, female (years)", "year": "2008", "value": "72.2516"}, {"country": "PRK - Korea (Democratic People's Rep. of)", "index": "GDI - Gender Development Index", "indicator": "le_f - Life Expectancy at Birth, female (years)", "year": "2009", "value": "72.9956"}, {"country": "PRK - Korea (Democratic People's Rep. of)", "index": "GDI - Gender Development Index", "indicator": "le_f - Life Expectancy at Birth, female (years)", "year": "2010", "value": "73.5346"}, {"country": "PRK - Korea (Democratic People's Rep. of)", "index": "GDI - Gender Development Index", "indicator": "le_f - Life Expectancy at Birth, female (years)", "year": "2011", "value": "74.0584"}, {"country": "PRK - Korea (Democratic People's Rep. of)", "index": "GDI - Gender Development Index", "indicator": "le_f - Life Expectancy at Birth, female (years)", "year": "2012", "value": "74.634"}, {"country": "PRK - Korea (Democratic People's Rep. of)", "index": "GDI - Gender Development Index", "indicator": "le_f - Life Expectancy at Birth, female (years)", "year": "2013", "value": "75.294"}, {"country": "PRK - Korea (Democratic People's Rep. of)", "index": "GDI - Gender Development Index", "indicator": "le_f - Life Expectancy at Birth, female (years)", "year": "2014", "value": "75.8592"}, {"country": "PRK - Korea (Democratic People's Rep. of)", "index": "GDI - Gender Development Index", "indicator": "le_f - Life Expectancy at Birth, female (years)", "year": "2015", "value": "75.5149"}, {"country": "PRK - Korea (Democratic People's Rep. of)", "index": "GDI - Gender Development Index", "indicator": "le_f - Life Expectancy at Birth, female (years)", "year": "2016", "value": "75.5145"}, {"country": "PRK - Korea (Democratic People's Rep. of)", "index": "GDI - Gender Development Index", "indicator": "le_f - Life Expectancy at Birth, female (years)", "year": "2017", "value": "75.6235"}, {"country": "PRK - Korea (Democratic People's Rep. of)", "index": "GDI - Gender Development Index", "indicator": "le_f - Life Expectancy at Birth, female (years)", "year": "2018", "value": "75.6325"}, {"country": "PRK - Korea (Democratic People's Rep. of)", "index": "GDI - Gender Development Index", "indicator": "le_f - Life Expectancy at Birth, female (years)", "year": "2019", "value": "75.6997"}, {"country": "PRK - Korea (Democratic People's Rep. of)", "index": "GDI - Gender Development Index", "indicator": "le_f - Life Expectancy at Birth, female (years)", "year": "2020", "value": "75.7252"}, {"country": "PRK - Korea (Democratic People's Rep. of)", "index": "GDI - Gender Development Index", "indicator": "le_f - Life Expectancy at Birth, female (years)", "year": "2021", "value": "75.7426"}, {"country": "PRK - Korea (Democratic People's Rep. of)", "index": "GDI - Gender Development Index", "indicator": "le_m - Life Expectancy at Birth, male (years)", "year": "1990", "value": "65.3735"}, {"country": "PRK - Korea (Democratic People's Rep. of)", "index": "GDI - Gender Development Index", "indicator": "le_m - Life Expectancy at Birth, male (years)", "year": "1991", "value": "65.322"}, {"country": "PRK - Korea (Democratic People's Rep. of)", "index": "GDI - Gender Development Index", "indicator": "le_m - Life Expectancy at Birth, male (years)", "year": "1992", "value": "65.6549"}, {"country": "PRK - Korea (Democratic People's Rep. of)", "index": "GDI - Gender Development Index", "indicator": "le_m - Life Expectancy at Birth, male (years)", "year": "1993", "value": "66.0239"}, {"country": "PRK - Korea (Democratic People's Rep. of)", "index": "GDI - Gender Development Index", "indicator": "le_m - Life Expectancy at Birth, male (years)", "year": "1994", "value": "65.1049"}, {"country": "PRK - Korea (Democratic People's Rep. of)", "index": "GDI - Gender Development Index", "indicator": "le_m - Life Expectancy at Birth, male (years)", "year": "1995", "value": "56.659"}, {"country": "PRK - Korea (Democratic People's Rep. of)", "index": "GDI - Gender Development Index", "indicator": "le_m - Life Expectancy at Birth, male (years)", "year": "1996", "value": "56.798"}, {"country": "PRK - Korea (Democratic People's Rep. of)", "index": "GDI - Gender Development Index", "indicator": "le_m - Life Expectancy at Birth, male (years)", "year": "1997", "value": "56.8695"}, {"country": "PRK - Korea (Democratic People's Rep. of)", "index": "GDI - Gender Development Index", "indicator": "le_m - Life Expectancy at Birth, male (years)", "year": "1998", "value": "56.898"}, {"country": "PRK - Korea (Democratic People's Rep. of)", "index": "GDI - Gender Development Index", "indicator": "le_m - Life Expectancy at Birth, male (years)", "year": "1999", "value": "56.932"}, {"country": "PRK - Korea (Democratic People's Rep. of)", "index": "GDI - Gender Development Index", "indicator": "le_m - Life Expectancy at Birth, male (years)", "year": "2000", "value": "56.9871"}, {"country": "PRK - Korea (Democratic People's Rep. of)", "index": "GDI - Gender Development Index", "indicator": "le_m - Life Expectancy at Birth, male (years)", "year": "2001", "value": "57.0521"}, {"country": "PRK - Korea (Democratic People's Rep. of)", "index": "GDI - Gender Development Index", "indicator": "le_m - Life Expectancy at Birth, male (years)", "year": "2002", "value": "57.1773"}, {"country": "PRK - Korea (Democratic People's Rep. of)", "index": "GDI - Gender Development Index", "indicator": "le_m - Life Expectancy at Birth, male (years)", "year": "2003", "value": "65.0315"}, {"country": "PRK - Korea (Democratic People's Rep. of)", "index": "GDI - Gender Development Index", "indicator": "le_m - Life Expectancy at Birth, male (years)", "year": "2004", "value": "65.0556"}, {"country": "PRK - Korea (Democratic People's Rep. of)", "index": "GDI - Gender Development Index", "indicator": "le_m - Life Expectancy at Birth, male (years)", "year": "2005", "value": "65.0356"}, {"country": "PRK - Korea (Democratic People's Rep. of)", "index": "GDI - Gender Development Index", "indicator": "le_m - Life Expectancy at Birth, male (years)", "year": "2006", "value": "64.9692"}, {"country": "PRK - Korea (Democratic People's Rep. of)", "index": "GDI - Gender Development Index", "indicator": "le_m - Life Expectancy at Birth, male (years)", "year": "2007", "value": "64.9069"}, {"country": "PRK - Korea (Democratic People's Rep. of)", "index": "GDI - Gender Development Index", "indicator": "le_m - Life Expectancy at Birth, male (years)", "year": "2008", "value": "65.0293"}, {"country": "PRK - Korea (Democratic People's Rep. of)", "index": "GDI - Gender Development Index", "indicator": "le_m - Life Expectancy at Birth, male (years)", "year": "2009", "value": "65.7117"}, {"country": "PRK - Korea (Democratic People's Rep. of)", "index": "GDI - Gender Development Index", "indicator": "le_m - Life Expectancy at Birth, male (years)", "year": "2010", "value": "66.4999"}, {"country": "PRK - Korea (Democratic People's Rep. of)", "index": "GDI - Gender Development Index", "indicator": "le_m - Life Expectancy at Birth, male (years)", "year": "2011", "value": "67.1306"}, {"country": "PRK - Korea (Democratic People's Rep. of)", "index": "GDI - Gender Development Index", "indicator": "le_m - Life Expectancy at Birth, male (years)", "year": "2012", "value": "67.8977"}, {"country": "PRK - Korea (Democratic People's Rep. of)", "index": "GDI - Gender Development Index", "indicator": "le_m - Life Expectancy at Birth, male (years)", "year": "2013", "value": "68.694"}, {"country": "PRK - Korea (Democratic People's Rep. of)", "index": "GDI - Gender Development Index", "indicator": "le_m - Life Expectancy at Birth, male (years)", "year": "2014", "value": "69.4731"}, {"country": "PRK - Korea (Democratic People's Rep. of)", "index": "GDI - Gender Development Index", "indicator": "le_m - Life Expectancy at Birth, male (years)", "year": "2015", "value": "69.7428"}, {"country": "PRK - Korea (Democratic People's Rep. of)", "index": "GDI - Gender Development Index", "indicator": "le_m - Life Expectancy at Birth, male (years)", "year": "2016", "value": "69.854"}, {"country": "PRK - Korea (Democratic People's Rep. of)", "index": "GDI - Gender Development Index", "indicator": "le_m - Life Expectancy at Birth, male (years)", "year": "2017", "value": "70.1541"}, {"country": "PRK - Korea (Democratic People's Rep. of)", "index": "GDI - Gender Development Index", "indicator": "le_m - Life Expectancy at Birth, male (years)", "year": "2018", "value": "70.3067"}, {"country": "PRK - Korea (Democratic People's Rep. of)", "index": "GDI - Gender Development Index", "indicator": "le_m - Life Expectancy at Birth, male (years)", "year": "2019", "value": "70.6254"}, {"country": "PRK - Korea (Democratic People's Rep. of)", "index": "GDI - Gender Development Index", "indicator": "le_m - Life Expectancy at Birth, male (years)", "year": "2020", "value": "70.7929"}, {"country": "PRK - Korea (Democratic People's Rep. of)", "index": "GDI - Gender Development Index", "indicator": "le_m - Life Expectancy at Birth, male (years)", "year": "2021", "value": "70.8305"}, {"country": "PRK - Korea (Democratic People's Rep. of)", "index": "GII - Gender Inequality Index", "indicator": "lfpr_f - Labour force participation rate, female (% ages 15 and older)", "year": "1990", "value": "76.596"}, {"country": "PRK - Korea (Democratic People's Rep. of)", "index": "GII - Gender Inequality Index", "indicator": "lfpr_f - Labour force participation rate, female (% ages 15 and older)", "year": "1991", "value": "76.833"}, {"country": "PRK - Korea (Democratic People's Rep. of)", "index": "GII - Gender Inequality Index", "indicator": "lfpr_f - Labour force participation rate, female (% ages 15 and older)", "year": "1992", "value": "77.201"}, {"country": "PRK - Korea (Democratic People's Rep. of)", "index": "GII - Gender Inequality Index", "indicator": "lfpr_f - Labour force participation rate, female (% ages 15 and older)", "year": "1993", "value": "77.465"}, {"country": "PRK - Korea (Democratic People's Rep. of)", "index": "GII - Gender Inequality Index", "indicator": "lfpr_f - Labour force participation rate, female (% ages 15 and older)", "year": "1994", "value": "77.625"}, {"country": "PRK - Korea (Democratic People's Rep. of)", "index": "GII - Gender Inequality Index", "indicator": "lfpr_f - Labour force participation rate, female (% ages 15 and older)", "year": "1995", "value": "77.89"}, {"country": "PRK - Korea (Democratic People's Rep. of)", "index": "GII - Gender Inequality Index", "indicator": "lfpr_f - Labour force participation rate, female (% ages 15 and older)", "year": "1996", "value": "78.106"}, {"country": "PRK - Korea (Democratic People's Rep. of)", "index": "GII - Gender Inequality Index", "indicator": "lfpr_f - Labour force participation rate, female (% ages 15 and older)", "year": "1997", "value": "78.475"}, {"country": "PRK - Korea (Democratic People's Rep. of)", "index": "GII - Gender Inequality Index", "indicator": "lfpr_f - Labour force participation rate, female (% ages 15 and older)", "year": "1998", "value": "78.566"}, {"country": "PRK - Korea (Democratic People's Rep. of)", "index": "GII - Gender Inequality Index", "indicator": "lfpr_f - Labour force participation rate, female (% ages 15 and older)", "year": "1999", "value": "78.327"}, {"country": "PRK - Korea (Democratic People's Rep. of)", "index": "GII - Gender Inequality Index", "indicator": "lfpr_f - Labour force participation rate, female (% ages 15 and older)", "year": "2000", "value": "78.347"}, {"country": "PRK - Korea (Democratic People's Rep. of)", "index": "GII - Gender Inequality Index", "indicator": "lfpr_f - Labour force participation rate, female (% ages 15 and older)", "year": "2001", "value": "78.213"}, {"country": "PRK - Korea (Democratic People's Rep. of)", "index": "GII - Gender Inequality Index", "indicator": "lfpr_f - Labour force participation rate, female (% ages 15 and older)", "year": "2002", "value": "78.196"}, {"country": "PRK - Korea (Democratic People's Rep. of)", "index": "GII - Gender Inequality Index", "indicator": "lfpr_f - Labour force participation rate, female (% ages 15 and older)", "year": "2003", "value": "78.15"}, {"country": "PRK - Korea (Democratic People's Rep. of)", "index": "GII - Gender Inequality Index", "indicator": "lfpr_f - Labour force participation rate, female (% ages 15 and older)", "year": "2004", "value": "78.092"}, {"country": "PRK - Korea (Democratic People's Rep. of)", "index": "GII - Gender Inequality Index", "indicator": "lfpr_f - Labour force participation rate, female (% ages 15 and older)", "year": "2005", "value": "77.956"}, {"country": "PRK - Korea (Democratic People's Rep. of)", "index": "GII - Gender Inequality Index", "indicator": "lfpr_f - Labour force participation rate, female (% ages 15 and older)", "year": "2006", "value": "78.035"}, {"country": "PRK - Korea (Democratic People's Rep. of)", "index": "GII - Gender Inequality Index", "indicator": "lfpr_f - Labour force participation rate, female (% ages 15 and older)", "year": "2007", "value": "78.117"}, {"country": "PRK - Korea (Democratic People's Rep. of)", "index": "GII - Gender Inequality Index", "indicator": "lfpr_f - Labour force participation rate, female (% ages 15 and older)", "year": "2008", "value": "78"}, {"country": "PRK - Korea (Democratic People's Rep. of)", "index": "GII - Gender Inequality Index", "indicator": "lfpr_f - Labour force participation rate, female (% ages 15 and older)", "year": "2009", "value": "78.063"}, {"country": "PRK - Korea (Democratic People's Rep. of)", "index": "GII - Gender Inequality Index", "indicator": "lfpr_f - Labour force participation rate, female (% ages 15 and older)", "year": "2010", "value": "78.106"}, {"country": "PRK - Korea (Democratic People's Rep. of)", "index": "GII - Gender Inequality Index", "indicator": "lfpr_f - Labour force participation rate, female (% ages 15 and older)", "year": "2011", "value": "78.089"}, {"country": "PRK - Korea (Democratic People's Rep. of)", "index": "GII - Gender Inequality Index", "indicator": "lfpr_f - Labour force participation rate, female (% ages 15 and older)", "year": "2012", "value": "78.05"}, {"country": "PRK - Korea (Democratic People's Rep. of)", "index": "GII - Gender Inequality Index", "indicator": "lfpr_f - Labour force participation rate, female (% ages 15 and older)", "year": "2013", "value": "78.023"}, {"country": "PRK - Korea (Democratic People's Rep. of)", "index": "GII - Gender Inequality Index", "indicator": "lfpr_f - Labour force participation rate, female (% ages 15 and older)", "year": "2014", "value": "77.997"}, {"country": "PRK - Korea (Democratic People's Rep. of)", "index": "GII - Gender Inequality Index", "indicator": "lfpr_f - Labour force participation rate, female (% ages 15 and older)", "year": "2015", "value": "78.072"}, {"country": "PRK - Korea (Democratic People's Rep. of)", "index": "GII - Gender Inequality Index", "indicator": "lfpr_f - Labour force participation rate, female (% ages 15 and older)", "year": "2016", "value": "77.919"}, {"country": "PRK - Korea (Democratic People's Rep. of)", "index": "GII - Gender Inequality Index", "indicator": "lfpr_f - Labour force participation rate, female (% ages 15 and older)", "year": "2017", "value": "78.105"}, {"country": "PRK - Korea (Democratic People's Rep. of)", "index": "GII - Gender Inequality Index", "indicator": "lfpr_f - Labour force participation rate, female (% ages 15 and older)", "year": "2018", "value": "78.327"}, {"country": "PRK - Korea (Democratic People's Rep. of)", "index": "GII - Gender Inequality Index", "indicator": "lfpr_f - Labour force participation rate, female (% ages 15 and older)", "year": "2019", "value": "78.408"}, {"country": "PRK - Korea (Democratic People's Rep. of)", "index": "GII - Gender Inequality Index", "indicator": "lfpr_f - Labour force participation rate, female (% ages 15 and older)", "year": "2020", "value": "77.501"}, {"country": "PRK - Korea (Democratic People's Rep. of)", "index": "GII - Gender Inequality Index", "indicator": "lfpr_f - Labour force participation rate, female (% ages 15 and older)", "year": "2021", "value": "77.185"}, {"country": "PRK - Korea (Democratic People's Rep. of)", "index": "GII - Gender Inequality Index", "indicator": "lfpr_m - Labour force participation rate, male (% ages 15 and older)", "year": "1990", "value": "86.589"}, {"country": "PRK - Korea (Democratic People's Rep. of)", "index": "GII - Gender Inequality Index", "indicator": "lfpr_m - Labour force participation rate, male (% ages 15 and older)", "year": "1991", "value": "86.634"}, {"country": "PRK - Korea (Democratic People's Rep. of)", "index": "GII - Gender Inequality Index", "indicator": "lfpr_m - Labour force participation rate, male (% ages 15 and older)", "year": "1992", "value": "86.696"}, {"country": "PRK - Korea (Democratic People's Rep. of)", "index": "GII - Gender Inequality Index", "indicator": "lfpr_m - Labour force participation rate, male (% ages 15 and older)", "year": "1993", "value": "86.73"}, {"country": "PRK - Korea (Democratic People's Rep. of)", "index": "GII - Gender Inequality Index", "indicator": "lfpr_m - Labour force participation rate, male (% ages 15 and older)", "year": "1994", "value": "86.747"}, {"country": "PRK - Korea (Democratic People's Rep. of)", "index": "GII - Gender Inequality Index", "indicator": "lfpr_m - Labour force participation rate, male (% ages 15 and older)", "year": "1995", "value": "86.772"}, {"country": "PRK - Korea (Democratic People's Rep. of)", "index": "GII - Gender Inequality Index", "indicator": "lfpr_m - Labour force participation rate, male (% ages 15 and older)", "year": "1996", "value": "86.789"}, {"country": "PRK - Korea (Democratic People's Rep. of)", "index": "GII - Gender Inequality Index", "indicator": "lfpr_m - Labour force participation rate, male (% ages 15 and older)", "year": "1997", "value": "86.81"}, {"country": "PRK - Korea (Democratic People's Rep. of)", "index": "GII - Gender Inequality Index", "indicator": "lfpr_m - Labour force participation rate, male (% ages 15 and older)", "year": "1998", "value": "86.813"}, {"country": "PRK - Korea (Democratic People's Rep. of)", "index": "GII - Gender Inequality Index", "indicator": "lfpr_m - Labour force participation rate, male (% ages 15 and older)", "year": "1999", "value": "86.801"}, {"country": "PRK - Korea (Democratic People's Rep. of)", "index": "GII - Gender Inequality Index", "indicator": "lfpr_m - Labour force participation rate, male (% ages 15 and older)", "year": "2000", "value": "86.801"}, {"country": "PRK - Korea (Democratic People's Rep. of)", "index": "GII - Gender Inequality Index", "indicator": "lfpr_m - Labour force participation rate, male (% ages 15 and older)", "year": "2001", "value": "86.791"}, {"country": "PRK - Korea (Democratic People's Rep. of)", "index": "GII - Gender Inequality Index", "indicator": "lfpr_m - Labour force participation rate, male (% ages 15 and older)", "year": "2002", "value": "86.788"}, {"country": "PRK - Korea (Democratic People's Rep. of)", "index": "GII - Gender Inequality Index", "indicator": "lfpr_m - Labour force participation rate, male (% ages 15 and older)", "year": "2003", "value": "86.782"}, {"country": "PRK - Korea (Democratic People's Rep. of)", "index": "GII - Gender Inequality Index", "indicator": "lfpr_m - Labour force participation rate, male (% ages 15 and older)", "year": "2004", "value": "86.775"}, {"country": "PRK - Korea (Democratic People's Rep. of)", "index": "GII - Gender Inequality Index", "indicator": "lfpr_m - Labour force participation rate, male (% ages 15 and older)", "year": "2005", "value": "86.761"}, {"country": "PRK - Korea (Democratic People's Rep. of)", "index": "GII - Gender Inequality Index", "indicator": "lfpr_m - Labour force participation rate, male (% ages 15 and older)", "year": "2006", "value": "86.765"}, {"country": "PRK - Korea (Democratic People's Rep. of)", "index": "GII - Gender Inequality Index", "indicator": "lfpr_m - Labour force participation rate, male (% ages 15 and older)", "year": "2007", "value": "86.77"}, {"country": "PRK - Korea (Democratic People's Rep. of)", "index": "GII - Gender Inequality Index", "indicator": "lfpr_m - Labour force participation rate, male (% ages 15 and older)", "year": "2008", "value": "86.758"}, {"country": "PRK - Korea (Democratic People's Rep. of)", "index": "GII - Gender Inequality Index", "indicator": "lfpr_m - Labour force participation rate, male (% ages 15 and older)", "year": "2009", "value": "86.761"}, {"country": "PRK - Korea (Democratic People's Rep. of)", "index": "GII - Gender Inequality Index", "indicator": "lfpr_m - Labour force participation rate, male (% ages 15 and older)", "year": "2010", "value": "86.762"}, {"country": "PRK - Korea (Democratic People's Rep. of)", "index": "GII - Gender Inequality Index", "indicator": "lfpr_m - Labour force participation rate, male (% ages 15 and older)", "year": "2011", "value": "86.759"}, {"country": "PRK - Korea (Democratic People's Rep. of)", "index": "GII - Gender Inequality Index", "indicator": "lfpr_m - Labour force participation rate, male (% ages 15 and older)", "year": "2012", "value": "86.754"}, {"country": "PRK - Korea (Democratic People's Rep. of)", "index": "GII - Gender Inequality Index", "indicator": "lfpr_m - Labour force participation rate, male (% ages 15 and older)", "year": "2013", "value": "86.75"}, {"country": "PRK - Korea (Democratic People's Rep. of)", "index": "GII - Gender Inequality Index", "indicator": "lfpr_m - Labour force participation rate, male (% ages 15 and older)", "year": "2014", "value": "86.745"}, {"country": "PRK - Korea (Democratic People's Rep. of)", "index": "GII - Gender Inequality Index", "indicator": "lfpr_m - Labour force participation rate, male (% ages 15 and older)", "year": "2015", "value": "86.75"}, {"country": "PRK - Korea (Democratic People's Rep. of)", "index": "GII - Gender Inequality Index", "indicator": "lfpr_m - Labour force participation rate, male (% ages 15 and older)", "year": "2016", "value": "86.736"}, {"country": "PRK - Korea (Democratic People's Rep. of)", "index": "GII - Gender Inequality Index", "indicator": "lfpr_m - Labour force participation rate, male (% ages 15 and older)", "year": "2017", "value": "86.751"}, {"country": "PRK - Korea (Democratic People's Rep. of)", "index": "GII - Gender Inequality Index", "indicator": "lfpr_m - Labour force participation rate, male (% ages 15 and older)", "year": "2018", "value": "86.764"}, {"country": "PRK - Korea (Democratic People's Rep. of)", "index": "GII - Gender Inequality Index", "indicator": "lfpr_m - Labour force participation rate, male (% ages 15 and older)", "year": "2019", "value": "86.768"}, {"country": "PRK - Korea (Democratic People's Rep. of)", "index": "GII - Gender Inequality Index", "indicator": "lfpr_m - Labour force participation rate, male (% ages 15 and older)", "year": "2020", "value": "86.116"}, {"country": "PRK - Korea (Democratic People's Rep. of)", "index": "GII - Gender Inequality Index", "indicator": "lfpr_m - Labour force participation rate, male (% ages 15 and older)", "year": "2021", "value": "86.141"}, {"country": "PRK - Korea (Democratic People's Rep. of)", "index": "PHDI - Planetary pressures\u2013adjusted Human Development Index", "indicator": "mf - Material footprint per capita (tonnes)", "year": "1990", "value": "1.52"}, {"country": "PRK - Korea (Democratic People's Rep. of)", "index": "PHDI - Planetary pressures\u2013adjusted Human Development Index", "indicator": "mf - Material footprint per capita (tonnes)", "year": "1991", "value": "1.2"}, {"country": "PRK - Korea (Democratic People's Rep. of)", "index": "PHDI - Planetary pressures\u2013adjusted Human Development Index", "indicator": "mf - Material footprint per capita (tonnes)", "year": "1992", "value": "1.66"}, {"country": "PRK - Korea (Democratic People's Rep. of)", "index": "PHDI - Planetary pressures\u2013adjusted Human Development Index", "indicator": "mf - Material footprint per capita (tonnes)", "year": "1993", "value": "2.66"}, {"country": "PRK - Korea (Democratic People's Rep. of)", "index": "PHDI - Planetary pressures\u2013adjusted Human Development Index", "indicator": "mf - Material footprint per capita (tonnes)", "year": "1994", "value": "2.16"}, {"country": "PRK - Korea (Democratic People's Rep. of)", "index": "PHDI - Planetary pressures\u2013adjusted Human Development Index", "indicator": "mf - Material footprint per capita (tonnes)", "year": "1995", "value": "2.27"}, {"country": "PRK - Korea (Democratic People's Rep. of)", "index": "PHDI - Planetary pressures\u2013adjusted Human Development Index", "indicator": "mf - Material footprint per capita (tonnes)", "year": "1996", "value": "2.04"}, {"country": "PRK - Korea (Democratic People's Rep. of)", "index": "PHDI - Planetary pressures\u2013adjusted Human Development Index", "indicator": "mf - Material footprint per capita (tonnes)", "year": "1997", "value": "1.6"}, {"country": "PRK - Korea (Democratic People's Rep. of)", "index": "PHDI - Planetary pressures\u2013adjusted Human Development Index", "indicator": "mf - Material footprint per capita (tonnes)", "year": "1998", "value": "1.29"}, {"country": "PRK - Korea (Democratic People's Rep. of)", "index": "PHDI - Planetary pressures\u2013adjusted Human Development Index", "indicator": "mf - Material footprint per capita (tonnes)", "year": "1999", "value": "1.52"}, {"country": "PRK - Korea (Democratic People's Rep. of)", "index": "PHDI - Planetary pressures\u2013adjusted Human Development Index", "indicator": "mf - Material footprint per capita (tonnes)", "year": "2000", "value": "1.56"}, {"country": "PRK - Korea (Democratic People's Rep. of)", "index": "PHDI - Planetary pressures\u2013adjusted Human Development Index", "indicator": "mf - Material footprint per capita (tonnes)", "year": "2001", "value": "1.32"}, {"country": "PRK - Korea (Democratic People's Rep. of)", "index": "PHDI - Planetary pressures\u2013adjusted Human Development Index", "indicator": "mf - Material footprint per capita (tonnes)", "year": "2002", "value": "1.25"}, {"country": "PRK - Korea (Democratic People's Rep. of)", "index": "PHDI - Planetary pressures\u2013adjusted Human Development Index", "indicator": "mf - Material footprint per capita (tonnes)", "year": "2003", "value": "1.41"}, {"country": "PRK - Korea (Democratic People's Rep. of)", "index": "PHDI - Planetary pressures\u2013adjusted Human Development Index", "indicator": "mf - Material footprint per capita (tonnes)", "year": "2004", "value": "1.16"}, {"country": "PRK - Korea (Democratic People's Rep. of)", "index": "PHDI - Planetary pressures\u2013adjusted Human Development Index", "indicator": "mf - Material footprint per capita (tonnes)", "year": "2005", "value": "1.36"}, {"country": "PRK - Korea (Democratic People's Rep. of)", "index": "PHDI - Planetary pressures\u2013adjusted Human Development Index", "indicator": "mf - Material footprint per capita (tonnes)", "year": "2006", "value": "1.41"}, {"country": "PRK - Korea (Democratic People's Rep. of)", "index": "PHDI - Planetary pressures\u2013adjusted Human Development Index", "indicator": "mf - Material footprint per capita (tonnes)", "year": "2007", "value": "1.33"}, {"country": "PRK - Korea (Democratic People's Rep. of)", "index": "PHDI - Planetary pressures\u2013adjusted Human Development Index", "indicator": "mf - Material footprint per capita (tonnes)", "year": "2008", "value": "1.26"}, {"country": "PRK - Korea (Democratic People's Rep. of)", "index": "PHDI - Planetary pressures\u2013adjusted Human Development Index", "indicator": "mf - Material footprint per capita (tonnes)", "year": "2009", "value": "1.39"}, {"country": "PRK - Korea (Democratic People's Rep. of)", "index": "PHDI - Planetary pressures\u2013adjusted Human Development Index", "indicator": "mf - Material footprint per capita (tonnes)", "year": "2010", "value": "1.06"}, {"country": "PRK - Korea (Democratic People's Rep. of)", "index": "PHDI - Planetary pressures\u2013adjusted Human Development Index", "indicator": "mf - Material footprint per capita (tonnes)", "year": "2011", "value": "0.96"}, {"country": "PRK - Korea (Democratic People's Rep. of)", "index": "PHDI - Planetary pressures\u2013adjusted Human Development Index", "indicator": "mf - Material footprint per capita (tonnes)", "year": "2012", "value": "0.96"}, {"country": "PRK - Korea (Democratic People's Rep. of)", "index": "PHDI - Planetary pressures\u2013adjusted Human Development Index", "indicator": "mf - Material footprint per capita (tonnes)", "year": "2013", "value": "0.87"}, {"country": "PRK - Korea (Democratic People's Rep. of)", "index": "PHDI - Planetary pressures\u2013adjusted Human Development Index", "indicator": "mf - Material footprint per capita (tonnes)", "year": "2014", "value": "0.9"}, {"country": "PRK - Korea (Democratic People's Rep. of)", "index": "PHDI - Planetary pressures\u2013adjusted Human Development Index", "indicator": "mf - Material footprint per capita (tonnes)", "year": "2015", "value": "1.03"}, {"country": "PRK - Korea (Democratic People's Rep. of)", "index": "PHDI - Planetary pressures\u2013adjusted Human Development Index", "indicator": "mf - Material footprint per capita (tonnes)", "year": "2016", "value": "1.14"}, {"country": "PRK - Korea (Democratic People's Rep. of)", "index": "PHDI - Planetary pressures\u2013adjusted Human Development Index", "indicator": "mf - Material footprint per capita (tonnes)", "year": "2017", "value": "0.93"}, {"country": "PRK - Korea (Democratic People's Rep. of)", "index": "PHDI - Planetary pressures\u2013adjusted Human Development Index", "indicator": "mf - Material footprint per capita (tonnes)", "year": "2018", "value": "0.74"}, {"country": "PRK - Korea (Democratic People's Rep. of)", "index": "PHDI - Planetary pressures\u2013adjusted Human Development Index", "indicator": "mf - Material footprint per capita (tonnes)", "year": "2019", "value": "0.75"}, {"country": "PRK - Korea (Democratic People's Rep. of)", "index": "PHDI - Planetary pressures\u2013adjusted Human Development Index", "indicator": "mf - Material footprint per capita (tonnes)", "year": "2020", "value": "0.75"}, {"country": "PRK - Korea (Democratic People's Rep. of)", "index": "PHDI - Planetary pressures\u2013adjusted Human Development Index", "indicator": "mf - Material footprint per capita (tonnes)", "year": "2021", "value": "0.75"}, {"country": "PRK - Korea (Democratic People's Rep. of)", "index": "GII - Gender Inequality Index", "indicator": "mmr - Maternal Mortality Ratio (deaths per 100,000 live births)", "year": "1990", "value": "80"}, {"country": "PRK - Korea (Democratic People's Rep. of)", "index": "GII - Gender Inequality Index", "indicator": "mmr - Maternal Mortality Ratio (deaths per 100,000 live births)", "year": "1991", "value": "64"}, {"country": "PRK - Korea (Democratic People's Rep. of)", "index": "GII - Gender Inequality Index", "indicator": "mmr - Maternal Mortality Ratio (deaths per 100,000 live births)", "year": "1992", "value": "56"}, {"country": "PRK - Korea (Democratic People's Rep. of)", "index": "GII - Gender Inequality Index", "indicator": "mmr - Maternal Mortality Ratio (deaths per 100,000 live births)", "year": "1993", "value": "57"}, {"country": "PRK - Korea (Democratic People's Rep. of)", "index": "GII - Gender Inequality Index", "indicator": "mmr - Maternal Mortality Ratio (deaths per 100,000 live births)", "year": "1994", "value": "70"}, {"country": "PRK - Korea (Democratic People's Rep. of)", "index": "GII - Gender Inequality Index", "indicator": "mmr - Maternal Mortality Ratio (deaths per 100,000 live births)", "year": "1995", "value": "96"}, {"country": "PRK - Korea (Democratic People's Rep. of)", "index": "GII - Gender Inequality Index", "indicator": "mmr - Maternal Mortality Ratio (deaths per 100,000 live births)", "year": "1996", "value": "129"}, {"country": "PRK - Korea (Democratic People's Rep. of)", "index": "GII - Gender Inequality Index", "indicator": "mmr - Maternal Mortality Ratio (deaths per 100,000 live births)", "year": "1997", "value": "156"}, {"country": "PRK - Korea (Democratic People's Rep. of)", "index": "GII - Gender Inequality Index", "indicator": "mmr - Maternal Mortality Ratio (deaths per 100,000 live births)", "year": "1998", "value": "159"}, {"country": "PRK - Korea (Democratic People's Rep. of)", "index": "GII - Gender Inequality Index", "indicator": "mmr - Maternal Mortality Ratio (deaths per 100,000 live births)", "year": "1999", "value": "151"}, {"country": "PRK - Korea (Democratic People's Rep. of)", "index": "GII - Gender Inequality Index", "indicator": "mmr - Maternal Mortality Ratio (deaths per 100,000 live births)", "year": "2000", "value": "139"}, {"country": "PRK - Korea (Democratic People's Rep. of)", "index": "GII - Gender Inequality Index", "indicator": "mmr - Maternal Mortality Ratio (deaths per 100,000 live births)", "year": "2001", "value": "128"}, {"country": "PRK - Korea (Democratic People's Rep. of)", "index": "GII - Gender Inequality Index", "indicator": "mmr - Maternal Mortality Ratio (deaths per 100,000 live births)", "year": "2002", "value": "122"}, {"country": "PRK - Korea (Democratic People's Rep. of)", "index": "GII - Gender Inequality Index", "indicator": "mmr - Maternal Mortality Ratio (deaths per 100,000 live births)", "year": "2003", "value": "121"}, {"country": "PRK - Korea (Democratic People's Rep. of)", "index": "GII - Gender Inequality Index", "indicator": "mmr - Maternal Mortality Ratio (deaths per 100,000 live births)", "year": "2004", "value": "120"}, {"country": "PRK - Korea (Democratic People's Rep. of)", "index": "GII - Gender Inequality Index", "indicator": "mmr - Maternal Mortality Ratio (deaths per 100,000 live births)", "year": "2005", "value": "120"}, {"country": "PRK - Korea (Democratic People's Rep. of)", "index": "GII - Gender Inequality Index", "indicator": "mmr - Maternal Mortality Ratio (deaths per 100,000 live births)", "year": "2006", "value": "120"}, {"country": "PRK - Korea (Democratic People's Rep. of)", "index": "GII - Gender Inequality Index", "indicator": "mmr - Maternal Mortality Ratio (deaths per 100,000 live births)", "year": "2007", "value": "119"}, {"country": "PRK - Korea (Democratic People's Rep. of)", "index": "GII - Gender Inequality Index", "indicator": "mmr - Maternal Mortality Ratio (deaths per 100,000 live births)", "year": "2008", "value": "118"}, {"country": "PRK - Korea (Democratic People's Rep. of)", "index": "GII - Gender Inequality Index", "indicator": "mmr - Maternal Mortality Ratio (deaths per 100,000 live births)", "year": "2009", "value": "113"}, {"country": "PRK - Korea (Democratic People's Rep. of)", "index": "GII - Gender Inequality Index", "indicator": "mmr - Maternal Mortality Ratio (deaths per 100,000 live births)", "year": "2010", "value": "106"}, {"country": "PRK - Korea (Democratic People's Rep. of)", "index": "GII - Gender Inequality Index", "indicator": "mmr - Maternal Mortality Ratio (deaths per 100,000 live births)", "year": "2011", "value": "100"}, {"country": "PRK - Korea (Democratic People's Rep. of)", "index": "GII - Gender Inequality Index", "indicator": "mmr - Maternal Mortality Ratio (deaths per 100,000 live births)", "year": "2012", "value": "96"}, {"country": "PRK - Korea (Democratic People's Rep. of)", "index": "GII - Gender Inequality Index", "indicator": "mmr - Maternal Mortality Ratio (deaths per 100,000 live births)", "year": "2013", "value": "94"}, {"country": "PRK - Korea (Democratic People's Rep. of)", "index": "GII - Gender Inequality Index", "indicator": "mmr - Maternal Mortality Ratio (deaths per 100,000 live births)", "year": "2014", "value": "93"}, {"country": "PRK - Korea (Democratic People's Rep. of)", "index": "GII - Gender Inequality Index", "indicator": "mmr - Maternal Mortality Ratio (deaths per 100,000 live births)", "year": "2015", "value": "91"}, {"country": "PRK - Korea (Democratic People's Rep. of)", "index": "GII - Gender Inequality Index", "indicator": "mmr - Maternal Mortality Ratio (deaths per 100,000 live births)", "year": "2016", "value": "90"}, {"country": "PRK - Korea (Democratic People's Rep. of)", "index": "GII - Gender Inequality Index", "indicator": "mmr - Maternal Mortality Ratio (deaths per 100,000 live births)", "year": "2017", "value": "89"}, {"country": "PRK - Korea (Democratic People's Rep. of)", "index": "GII - Gender Inequality Index", "indicator": "mmr - Maternal Mortality Ratio (deaths per 100,000 live births)", "year": "2018", "value": "89"}, {"country": "PRK - Korea (Democratic People's Rep. of)", "index": "GII - Gender Inequality Index", "indicator": "mmr - Maternal Mortality Ratio (deaths per 100,000 live births)", "year": "2019", "value": "89"}, {"country": "PRK - Korea (Democratic People's Rep. of)", "index": "GII - Gender Inequality Index", "indicator": "mmr - Maternal Mortality Ratio (deaths per 100,000 live births)", "year": "2020", "value": "89"}, {"country": "PRK - Korea (Democratic People's Rep. of)", "index": "GII - Gender Inequality Index", "indicator": "mmr - Maternal Mortality Ratio (deaths per 100,000 live births)", "year": "2021", "value": "89"}, {"country": "PRK - Korea (Democratic People's Rep. of)", "index": "GII - Gender Inequality Index", "indicator": "pr_f - Share of seats in parliament, female (% held by women)", "year": "1990", "value": "20.08733624"}, {"country": "PRK - Korea (Democratic People's Rep. of)", "index": "GII - Gender Inequality Index", "indicator": "pr_f - Share of seats in parliament, female (% held by women)", "year": "1991", "value": "20.08733624"}, {"country": "PRK - Korea (Democratic People's Rep. of)", "index": "GII - Gender Inequality Index", "indicator": "pr_f - Share of seats in parliament, female (% held by women)", "year": "1992", "value": "20.08733624"}, {"country": "PRK - Korea (Democratic People's Rep. of)", "index": "GII - Gender Inequality Index", "indicator": "pr_f - Share of seats in parliament, female (% held by women)", "year": "1993", "value": "20.08733624"}, {"country": "PRK - Korea (Democratic People's Rep. of)", "index": "GII - Gender Inequality Index", "indicator": "pr_f - Share of seats in parliament, female (% held by women)", "year": "1994", "value": "20.08733624"}, {"country": "PRK - Korea (Democratic People's Rep. of)", "index": "GII - Gender Inequality Index", "indicator": "pr_f - Share of seats in parliament, female (% held by women)", "year": "1995", "value": "20.08733624"}, {"country": "PRK - Korea (Democratic People's Rep. of)", "index": "GII - Gender Inequality Index", "indicator": "pr_f - Share of seats in parliament, female (% held by women)", "year": "1996", "value": "20.08733624"}, {"country": "PRK - Korea (Democratic People's Rep. of)", "index": "GII - Gender Inequality Index", "indicator": "pr_f - Share of seats in parliament, female (% held by women)", "year": "1997", "value": "20.08733624"}, {"country": "PRK - Korea (Democratic People's Rep. of)", "index": "GII - Gender Inequality Index", "indicator": "pr_f - Share of seats in parliament, female (% held by women)", "year": "1998", "value": "20.08733624"}, {"country": "PRK - Korea (Democratic People's Rep. of)", "index": "GII - Gender Inequality Index", "indicator": "pr_f - Share of seats in parliament, female (% held by women)", "year": "1999", "value": "20.08733624"}, {"country": "PRK - Korea (Democratic People's Rep. of)", "index": "GII - Gender Inequality Index", "indicator": "pr_f - Share of seats in parliament, female (% held by women)", "year": "2000", "value": "20.08733624"}, {"country": "PRK - Korea (Democratic People's Rep. of)", "index": "GII - Gender Inequality Index", "indicator": "pr_f - Share of seats in parliament, female (% held by women)", "year": "2001", "value": "20.08733624"}, {"country": "PRK - Korea (Democratic People's Rep. of)", "index": "GII - Gender Inequality Index", "indicator": "pr_f - Share of seats in parliament, female (% held by women)", "year": "2002", "value": "20.08733624"}, {"country": "PRK - Korea (Democratic People's Rep. of)", "index": "GII - Gender Inequality Index", "indicator": "pr_f - Share of seats in parliament, female (% held by women)", "year": "2003", "value": "20.08733624"}, {"country": "PRK - Korea (Democratic People's Rep. of)", "index": "GII - Gender Inequality Index", "indicator": "pr_f - Share of seats in parliament, female (% held by women)", "year": "2004", "value": "20.08733624"}, {"country": "PRK - Korea (Democratic People's Rep. of)", "index": "GII - Gender Inequality Index", "indicator": "pr_f - Share of seats in parliament, female (% held by women)", "year": "2005", "value": "20.08733624"}, {"country": "PRK - Korea (Democratic People's Rep. of)", "index": "GII - Gender Inequality Index", "indicator": "pr_f - Share of seats in parliament, female (% held by women)", "year": "2006", "value": "20.08733624"}, {"country": "PRK - Korea (Democratic People's Rep. of)", "index": "GII - Gender Inequality Index", "indicator": "pr_f - Share of seats in parliament, female (% held by women)", "year": "2007", "value": "20.08733624"}, {"country": "PRK - Korea (Democratic People's Rep. of)", "index": "GII - Gender Inequality Index", "indicator": "pr_f - Share of seats in parliament, female (% held by women)", "year": "2008", "value": "20.08733624"}, {"country": "PRK - Korea (Democratic People's Rep. of)", "index": "GII - Gender Inequality Index", "indicator": "pr_f - Share of seats in parliament, female (% held by women)", "year": "2009", "value": "15.57496361"}, {"country": "PRK - Korea (Democratic People's Rep. of)", "index": "GII - Gender Inequality Index", "indicator": "pr_f - Share of seats in parliament, female (% held by women)", "year": "2010", "value": "15.57496361"}, {"country": "PRK - Korea (Democratic People's Rep. of)", "index": "GII - Gender Inequality Index", "indicator": "pr_f - Share of seats in parliament, female (% held by women)", "year": "2011", "value": "15.57496361"}, {"country": "PRK - Korea (Democratic People's Rep. of)", "index": "GII - Gender Inequality Index", "indicator": "pr_f - Share of seats in parliament, female (% held by women)", "year": "2012", "value": "15.57496361"}, {"country": "PRK - Korea (Democratic People's Rep. of)", "index": "GII - Gender Inequality Index", "indicator": "pr_f - Share of seats in parliament, female (% held by women)", "year": "2013", "value": "15.57496361"}, {"country": "PRK - Korea (Democratic People's Rep. of)", "index": "GII - Gender Inequality Index", "indicator": "pr_f - Share of seats in parliament, female (% held by women)", "year": "2014", "value": "16.30276565"}, {"country": "PRK - Korea (Democratic People's Rep. of)", "index": "GII - Gender Inequality Index", "indicator": "pr_f - Share of seats in parliament, female (% held by women)", "year": "2015", "value": "16.30276565"}, {"country": "PRK - Korea (Democratic People's Rep. of)", "index": "GII - Gender Inequality Index", "indicator": "pr_f - Share of seats in parliament, female (% held by women)", "year": "2016", "value": "16.30276565"}, {"country": "PRK - Korea (Democratic People's Rep. of)", "index": "GII - Gender Inequality Index", "indicator": "pr_f - Share of seats in parliament, female (% held by women)", "year": "2017", "value": "16.30276565"}, {"country": "PRK - Korea (Democratic People's Rep. of)", "index": "GII - Gender Inequality Index", "indicator": "pr_f - Share of seats in parliament, female (% held by women)", "year": "2018", "value": "16.30276565"}, {"country": "PRK - Korea (Democratic People's Rep. of)", "index": "GII - Gender Inequality Index", "indicator": "pr_f - Share of seats in parliament, female (% held by women)", "year": "2019", "value": "17.61280932"}, {"country": "PRK - Korea (Democratic People's Rep. of)", "index": "GII - Gender Inequality Index", "indicator": "pr_f - Share of seats in parliament, female (% held by women)", "year": "2020", "value": "17.61280932"}, {"country": "PRK - Korea (Democratic People's Rep. of)", "index": "GII - Gender Inequality Index", "indicator": "pr_f - Share of seats in parliament, female (% held by women)", "year": "2021", "value": "17.61280932"}, {"country": "PRK - Korea (Democratic People's Rep. of)", "index": "GII - Gender Inequality Index", "indicator": "pr_m - Share of seats in parliament, male (% held by men)", "year": "1990", "value": "79.91266376"}, {"country": "PRK - Korea (Democratic People's Rep. of)", "index": "GII - Gender Inequality Index", "indicator": "pr_m - Share of seats in parliament, male (% held by men)", "year": "1991", "value": "79.91266376"}, {"country": "PRK - Korea (Democratic People's Rep. of)", "index": "GII - Gender Inequality Index", "indicator": "pr_m - Share of seats in parliament, male (% held by men)", "year": "1992", "value": "79.91266376"}, {"country": "PRK - Korea (Democratic People's Rep. of)", "index": "GII - Gender Inequality Index", "indicator": "pr_m - Share of seats in parliament, male (% held by men)", "year": "1993", "value": "79.91266376"}, {"country": "PRK - Korea (Democratic People's Rep. of)", "index": "GII - Gender Inequality Index", "indicator": "pr_m - Share of seats in parliament, male (% held by men)", "year": "1994", "value": "79.91266376"}, {"country": "PRK - Korea (Democratic People's Rep. of)", "index": "GII - Gender Inequality Index", "indicator": "pr_m - Share of seats in parliament, male (% held by men)", "year": "1995", "value": "79.91266376"}, {"country": "PRK - Korea (Democratic People's Rep. of)", "index": "GII - Gender Inequality Index", "indicator": "pr_m - Share of seats in parliament, male (% held by men)", "year": "1996", "value": "79.91266376"}, {"country": "PRK - Korea (Democratic People's Rep. of)", "index": "GII - Gender Inequality Index", "indicator": "pr_m - Share of seats in parliament, male (% held by men)", "year": "1997", "value": "79.91266376"}, {"country": "PRK - Korea (Democratic People's Rep. of)", "index": "GII - Gender Inequality Index", "indicator": "pr_m - Share of seats in parliament, male (% held by men)", "year": "1998", "value": "79.91266376"}, {"country": "PRK - Korea (Democratic People's Rep. of)", "index": "GII - Gender Inequality Index", "indicator": "pr_m - Share of seats in parliament, male (% held by men)", "year": "1999", "value": "79.91266376"}, {"country": "PRK - Korea (Democratic People's Rep. of)", "index": "GII - Gender Inequality Index", "indicator": "pr_m - Share of seats in parliament, male (% held by men)", "year": "2000", "value": "79.91266376"}, {"country": "PRK - Korea (Democratic People's Rep. of)", "index": "GII - Gender Inequality Index", "indicator": "pr_m - Share of seats in parliament, male (% held by men)", "year": "2001", "value": "79.91266376"}, {"country": "PRK - Korea (Democratic People's Rep. of)", "index": "GII - Gender Inequality Index", "indicator": "pr_m - Share of seats in parliament, male (% held by men)", "year": "2002", "value": "79.91266376"}, {"country": "PRK - Korea (Democratic People's Rep. of)", "index": "GII - Gender Inequality Index", "indicator": "pr_m - Share of seats in parliament, male (% held by men)", "year": "2003", "value": "79.91266376"}, {"country": "PRK - Korea (Democratic People's Rep. of)", "index": "GII - Gender Inequality Index", "indicator": "pr_m - Share of seats in parliament, male (% held by men)", "year": "2004", "value": "79.91266376"}, {"country": "PRK - Korea (Democratic People's Rep. of)", "index": "GII - Gender Inequality Index", "indicator": "pr_m - Share of seats in parliament, male (% held by men)", "year": "2005", "value": "79.91266376"}, {"country": "PRK - Korea (Democratic People's Rep. of)", "index": "GII - Gender Inequality Index", "indicator": "pr_m - Share of seats in parliament, male (% held by men)", "year": "2006", "value": "79.91266376"}, {"country": "PRK - Korea (Democratic People's Rep. of)", "index": "GII - Gender Inequality Index", "indicator": "pr_m - Share of seats in parliament, male (% held by men)", "year": "2007", "value": "79.91266376"}, {"country": "PRK - Korea (Democratic People's Rep. of)", "index": "GII - Gender Inequality Index", "indicator": "pr_m - Share of seats in parliament, male (% held by men)", "year": "2008", "value": "79.91266376"}, {"country": "PRK - Korea (Democratic People's Rep. of)", "index": "GII - Gender Inequality Index", "indicator": "pr_m - Share of seats in parliament, male (% held by men)", "year": "2009", "value": "84.42503639"}, {"country": "PRK - Korea (Democratic People's Rep. of)", "index": "GII - Gender Inequality Index", "indicator": "pr_m - Share of seats in parliament, male (% held by men)", "year": "2010", "value": "84.42503639"}, {"country": "PRK - Korea (Democratic People's Rep. of)", "index": "GII - Gender Inequality Index", "indicator": "pr_m - Share of seats in parliament, male (% held by men)", "year": "2011", "value": "84.42503639"}, {"country": "PRK - Korea (Democratic People's Rep. of)", "index": "GII - Gender Inequality Index", "indicator": "pr_m - Share of seats in parliament, male (% held by men)", "year": "2012", "value": "84.42503639"}, {"country": "PRK - Korea (Democratic People's Rep. of)", "index": "GII - Gender Inequality Index", "indicator": "pr_m - Share of seats in parliament, male (% held by men)", "year": "2013", "value": "84.42503639"}, {"country": "PRK - Korea (Democratic People's Rep. of)", "index": "GII - Gender Inequality Index", "indicator": "pr_m - Share of seats in parliament, male (% held by men)", "year": "2014", "value": "83.69723435"}, {"country": "PRK - Korea (Democratic People's Rep. of)", "index": "GII - Gender Inequality Index", "indicator": "pr_m - Share of seats in parliament, male (% held by men)", "year": "2015", "value": "83.69723435"}, {"country": "PRK - Korea (Democratic People's Rep. of)", "index": "GII - Gender Inequality Index", "indicator": "pr_m - Share of seats in parliament, male (% held by men)", "year": "2016", "value": "83.69723435"}, {"country": "PRK - Korea (Democratic People's Rep. of)", "index": "GII - Gender Inequality Index", "indicator": "pr_m - Share of seats in parliament, male (% held by men)", "year": "2017", "value": "83.69723435"}, {"country": "PRK - Korea (Democratic People's Rep. of)", "index": "GII - Gender Inequality Index", "indicator": "pr_m - Share of seats in parliament, male (% held by men)", "year": "2018", "value": "83.69723435"}, {"country": "PRK - Korea (Democratic People's Rep. of)", "index": "GII - Gender Inequality Index", "indicator": "pr_m - Share of seats in parliament, male (% held by men)", "year": "2019", "value": "82.38719068"}, {"country": "PRK - Korea (Democratic People's Rep. of)", "index": "GII - Gender Inequality Index", "indicator": "pr_m - Share of seats in parliament, male (% held by men)", "year": "2020", "value": "82.38719068"}, {"country": "PRK - Korea (Democratic People's Rep. of)", "index": "GII - Gender Inequality Index", "indicator": "pr_m - Share of seats in parliament, male (% held by men)", "year": "2021", "value": "82.38719068"}]