[{"country": "MHL - Marshall Islands", "index": "GII - Gender Inequality Index", "indicator": "abr - Adolescent Birth Rate (births per 1,000 women ages 15-19)", "year": "1990", "value": "136.004"}, {"country": "MHL - Marshall Islands", "index": "GII - Gender Inequality Index", "indicator": "abr - Adolescent Birth Rate (births per 1,000 women ages 15-19)", "year": "1991", "value": "139.585"}, {"country": "MHL - Marshall Islands", "index": "GII - Gender Inequality Index", "indicator": "abr - Adolescent Birth Rate (births per 1,000 women ages 15-19)", "year": "1992", "value": "143.255"}, {"country": "MHL - Marshall Islands", "index": "GII - Gender Inequality Index", "indicator": "abr - Adolescent Birth Rate (births per 1,000 women ages 15-19)", "year": "1993", "value": "142.105"}, {"country": "MHL - Marshall Islands", "index": "GII - Gender Inequality Index", "indicator": "abr - Adolescent Birth Rate (births per 1,000 women ages 15-19)", "year": "1994", "value": "138.866"}, {"country": "MHL - Marshall Islands", "index": "GII - Gender Inequality Index", "indicator": "abr - Adolescent Birth Rate (births per 1,000 women ages 15-19)", "year": "1995", "value": "132.41"}, {"country": "MHL - Marshall Islands", "index": "GII - Gender Inequality Index", "indicator": "abr - Adolescent Birth Rate (births per 1,000 women ages 15-19)", "year": "1996", "value": "121.714"}, {"country": "MHL - Marshall Islands", "index": "GII - Gender Inequality Index", "indicator": "abr - Adolescent Birth Rate (births per 1,000 women ages 15-19)", "year": "1997", "value": "113.844"}, {"country": "MHL - Marshall Islands", "index": "GII - Gender Inequality Index", "indicator": "abr - Adolescent Birth Rate (births per 1,000 women ages 15-19)", "year": "1998", "value": "108.009"}, {"country": "MHL - Marshall Islands", "index": "GII - Gender Inequality Index", "indicator": "abr - Adolescent Birth Rate (births per 1,000 women ages 15-19)", "year": "1999", "value": "103.492"}, {"country": "MHL - Marshall Islands", "index": "GII - Gender Inequality Index", "indicator": "abr - Adolescent Birth Rate (births per 1,000 women ages 15-19)", "year": "2000", "value": "99.344"}, {"country": "MHL - Marshall Islands", "index": "GII - Gender Inequality Index", "indicator": "abr - Adolescent Birth Rate (births per 1,000 women ages 15-19)", "year": "2001", "value": "95.366"}, {"country": "MHL - Marshall Islands", "index": "GII - Gender Inequality Index", "indicator": "abr - Adolescent Birth Rate (births per 1,000 women ages 15-19)", "year": "2002", "value": "91.457"}, {"country": "MHL - Marshall Islands", "index": "GII - Gender Inequality Index", "indicator": "abr - Adolescent Birth Rate (births per 1,000 women ages 15-19)", "year": "2003", "value": "89.26"}, {"country": "MHL - Marshall Islands", "index": "GII - Gender Inequality Index", "indicator": "abr - Adolescent Birth Rate (births per 1,000 women ages 15-19)", "year": "2004", "value": "91.005"}, {"country": "MHL - Marshall Islands", "index": "GII - Gender Inequality Index", "indicator": "abr - Adolescent Birth Rate (births per 1,000 women ages 15-19)", "year": "2005", "value": "93.643"}, {"country": "MHL - Marshall Islands", "index": "GII - Gender Inequality Index", "indicator": "abr - Adolescent Birth Rate (births per 1,000 women ages 15-19)", "year": "2006", "value": "92.335"}, {"country": "MHL - Marshall Islands", "index": "GII - Gender Inequality Index", "indicator": "abr - Adolescent Birth Rate (births per 1,000 women ages 15-19)", "year": "2007", "value": "89.651"}, {"country": "MHL - Marshall Islands", "index": "GII - Gender Inequality Index", "indicator": "abr - Adolescent Birth Rate (births per 1,000 women ages 15-19)", "year": "2008", "value": "87.406"}, {"country": "MHL - Marshall Islands", "index": "GII - Gender Inequality Index", "indicator": "abr - Adolescent Birth Rate (births per 1,000 women ages 15-19)", "year": "2009", "value": "84.598"}, {"country": "MHL - Marshall Islands", "index": "GII - Gender Inequality Index", "indicator": "abr - Adolescent Birth Rate (births per 1,000 women ages 15-19)", "year": "2010", "value": "81.151"}, {"country": "MHL - Marshall Islands", "index": "GII - Gender Inequality Index", "indicator": "abr - Adolescent Birth Rate (births per 1,000 women ages 15-19)", "year": "2011", "value": "76.258"}, {"country": "MHL - Marshall Islands", "index": "GII - Gender Inequality Index", "indicator": "abr - Adolescent Birth Rate (births per 1,000 women ages 15-19)", "year": "2012", "value": "72.668"}, {"country": "MHL - Marshall Islands", "index": "GII - Gender Inequality Index", "indicator": "abr - Adolescent Birth Rate (births per 1,000 women ages 15-19)", "year": "2013", "value": "70.001"}, {"country": "MHL - Marshall Islands", "index": "GII - Gender Inequality Index", "indicator": "abr - Adolescent Birth Rate (births per 1,000 women ages 15-19)", "year": "2014", "value": "67.667"}, {"country": "MHL - Marshall Islands", "index": "GII - Gender Inequality Index", "indicator": "abr - Adolescent Birth Rate (births per 1,000 women ages 15-19)", "year": "2015", "value": "66.08"}, {"country": "MHL - Marshall Islands", "index": "GII - Gender Inequality Index", "indicator": "abr - Adolescent Birth Rate (births per 1,000 women ages 15-19)", "year": "2016", "value": "65.329"}, {"country": "MHL - Marshall Islands", "index": "GII - Gender Inequality Index", "indicator": "abr - Adolescent Birth Rate (births per 1,000 women ages 15-19)", "year": "2017", "value": "65.357"}, {"country": "MHL - Marshall Islands", "index": "GII - Gender Inequality Index", "indicator": "abr - Adolescent Birth Rate (births per 1,000 women ages 15-19)", "year": "2018", "value": "65.473"}, {"country": "MHL - Marshall Islands", "index": "GII - Gender Inequality Index", "indicator": "abr - Adolescent Birth Rate (births per 1,000 women ages 15-19)", "year": "2019", "value": "63.645"}, {"country": "MHL - Marshall Islands", "index": "GII - Gender Inequality Index", "indicator": "abr - Adolescent Birth Rate (births per 1,000 women ages 15-19)", "year": "2020", "value": "60.315"}, {"country": "MHL - Marshall Islands", "index": "GII - Gender Inequality Index", "indicator": "abr - Adolescent Birth Rate (births per 1,000 women ages 15-19)", "year": "2021", "value": "58.035"}, {"country": "MHL - Marshall Islands", "index": "PHDI - Planetary pressures\u2013adjusted Human Development Index", "indicator": "co2_prod - Carbon dioxide emissions per capita (production) (tonnes)", "year": "1992", "value": "1.562473348"}, {"country": "MHL - Marshall Islands", "index": "PHDI - Planetary pressures\u2013adjusted Human Development Index", "indicator": "co2_prod - Carbon dioxide emissions per capita (production) (tonnes)", "year": "1993", "value": "1.691156108"}, {"country": "MHL - Marshall Islands", "index": "PHDI - Planetary pressures\u2013adjusted Human Development Index", "indicator": "co2_prod - Carbon dioxide emissions per capita (production) (tonnes)", "year": "1994", "value": "1.678223638"}, {"country": "MHL - Marshall Islands", "index": "PHDI - Planetary pressures\u2013adjusted Human Development Index", "indicator": "co2_prod - Carbon dioxide emissions per capita (production) (tonnes)", "year": "1995", "value": "1.742790891"}, {"country": "MHL - Marshall Islands", "index": "PHDI - Planetary pressures\u2013adjusted Human Development Index", "indicator": "co2_prod - Carbon dioxide emissions per capita (production) (tonnes)", "year": "1996", "value": "1.74016979"}, {"country": "MHL - Marshall Islands", "index": "PHDI - Planetary pressures\u2013adjusted Human Development Index", "indicator": "co2_prod - Carbon dioxide emissions per capita (production) (tonnes)", "year": "1997", "value": "1.743032706"}, {"country": "MHL - Marshall Islands", "index": "PHDI - Planetary pressures\u2013adjusted Human Development Index", "indicator": "co2_prod - Carbon dioxide emissions per capita (production) (tonnes)", "year": "1998", "value": "1.819048376"}, {"country": "MHL - Marshall Islands", "index": "PHDI - Planetary pressures\u2013adjusted Human Development Index", "indicator": "co2_prod - Carbon dioxide emissions per capita (production) (tonnes)", "year": "1999", "value": "1.743966047"}, {"country": "MHL - Marshall Islands", "index": "PHDI - Planetary pressures\u2013adjusted Human Development Index", "indicator": "co2_prod - Carbon dioxide emissions per capita (production) (tonnes)", "year": "2000", "value": "1.949204973"}, {"country": "MHL - Marshall Islands", "index": "PHDI - Planetary pressures\u2013adjusted Human Development Index", "indicator": "co2_prod - Carbon dioxide emissions per capita (production) (tonnes)", "year": "2001", "value": "1.99506048"}, {"country": "MHL - Marshall Islands", "index": "PHDI - Planetary pressures\u2013adjusted Human Development Index", "indicator": "co2_prod - Carbon dioxide emissions per capita (production) (tonnes)", "year": "2002", "value": "2.098911591"}, {"country": "MHL - Marshall Islands", "index": "PHDI - Planetary pressures\u2013adjusted Human Development Index", "indicator": "co2_prod - Carbon dioxide emissions per capita (production) (tonnes)", "year": "2003", "value": "1.987803053"}, {"country": "MHL - Marshall Islands", "index": "PHDI - Planetary pressures\u2013adjusted Human Development Index", "indicator": "co2_prod - Carbon dioxide emissions per capita (production) (tonnes)", "year": "2004", "value": "2.152323959"}, {"country": "MHL - Marshall Islands", "index": "PHDI - Planetary pressures\u2013adjusted Human Development Index", "indicator": "co2_prod - Carbon dioxide emissions per capita (production) (tonnes)", "year": "2005", "value": "2.055448985"}, {"country": "MHL - Marshall Islands", "index": "PHDI - Planetary pressures\u2013adjusted Human Development Index", "indicator": "co2_prod - Carbon dioxide emissions per capita (production) (tonnes)", "year": "2006", "value": "2.168128104"}, {"country": "MHL - Marshall Islands", "index": "PHDI - Planetary pressures\u2013adjusted Human Development Index", "indicator": "co2_prod - Carbon dioxide emissions per capita (production) (tonnes)", "year": "2007", "value": "2.222618687"}, {"country": "MHL - Marshall Islands", "index": "PHDI - Planetary pressures\u2013adjusted Human Development Index", "indicator": "co2_prod - Carbon dioxide emissions per capita (production) (tonnes)", "year": "2008", "value": "2.282906683"}, {"country": "MHL - Marshall Islands", "index": "PHDI - Planetary pressures\u2013adjusted Human Development Index", "indicator": "co2_prod - Carbon dioxide emissions per capita (production) (tonnes)", "year": "2009", "value": "2.344888889"}, {"country": "MHL - Marshall Islands", "index": "PHDI - Planetary pressures\u2013adjusted Human Development Index", "indicator": "co2_prod - Carbon dioxide emissions per capita (production) (tonnes)", "year": "2010", "value": "2.405173331"}, {"country": "MHL - Marshall Islands", "index": "PHDI - Planetary pressures\u2013adjusted Human Development Index", "indicator": "co2_prod - Carbon dioxide emissions per capita (production) (tonnes)", "year": "2011", "value": "2.462896464"}, {"country": "MHL - Marshall Islands", "index": "PHDI - Planetary pressures\u2013adjusted Human Development Index", "indicator": "co2_prod - Carbon dioxide emissions per capita (production) (tonnes)", "year": "2012", "value": "2.390288626"}, {"country": "MHL - Marshall Islands", "index": "PHDI - Planetary pressures\u2013adjusted Human Development Index", "indicator": "co2_prod - Carbon dioxide emissions per capita (production) (tonnes)", "year": "2013", "value": "2.44529137"}, {"country": "MHL - Marshall Islands", "index": "PHDI - Planetary pressures\u2013adjusted Human Development Index", "indicator": "co2_prod - Carbon dioxide emissions per capita (production) (tonnes)", "year": "2014", "value": "2.499169275"}, {"country": "MHL - Marshall Islands", "index": "PHDI - Planetary pressures\u2013adjusted Human Development Index", "indicator": "co2_prod - Carbon dioxide emissions per capita (production) (tonnes)", "year": "2015", "value": "2.487856683"}, {"country": "MHL - Marshall Islands", "index": "PHDI - Planetary pressures\u2013adjusted Human Development Index", "indicator": "co2_prod - Carbon dioxide emissions per capita (production) (tonnes)", "year": "2016", "value": "2.475101758"}, {"country": "MHL - Marshall Islands", "index": "PHDI - Planetary pressures\u2013adjusted Human Development Index", "indicator": "co2_prod - Carbon dioxide emissions per capita (production) (tonnes)", "year": "2017", "value": "2.52437218"}, {"country": "MHL - Marshall Islands", "index": "PHDI - Planetary pressures\u2013adjusted Human Development Index", "indicator": "co2_prod - Carbon dioxide emissions per capita (production) (tonnes)", "year": "2018", "value": "2.509030524"}, {"country": "MHL - Marshall Islands", "index": "PHDI - Planetary pressures\u2013adjusted Human Development Index", "indicator": "co2_prod - Carbon dioxide emissions per capita (production) (tonnes)", "year": "2019", "value": "2.569610995"}, {"country": "MHL - Marshall Islands", "index": "PHDI - Planetary pressures\u2013adjusted Human Development Index", "indicator": "co2_prod - Carbon dioxide emissions per capita (production) (tonnes)", "year": "2020", "value": "2.555837135"}, {"country": "MHL - Marshall Islands", "index": "PHDI - Planetary pressures\u2013adjusted Human Development Index", "indicator": "co2_prod - Carbon dioxide emissions per capita (production) (tonnes)", "year": "2021", "value": "2.555837135"}, {"country": "MHL - Marshall Islands", "index": "HDI - Human Development Index", "indicator": "eys - Expected Years of Schooling (years)", "year": "2002", "value": "12.16722965"}, {"country": "MHL - Marshall Islands", "index": "HDI - Human Development Index", "indicator": "eys - Expected Years of Schooling (years)", "year": "2003", "value": "12.05382319"}, {"country": "MHL - Marshall Islands", "index": "HDI - Human Development Index", "indicator": "eys - Expected Years of Schooling (years)", "year": "2004", "value": "11.94041673"}, {"country": "MHL - Marshall Islands", "index": "HDI - Human Development Index", "indicator": "eys - Expected Years of Schooling (years)", "year": "2005", "value": "11.82701027"}, {"country": "MHL - Marshall Islands", "index": "HDI - Human Development Index", "indicator": "eys - Expected Years of Schooling (years)", "year": "2006", "value": "11.71360381"}, {"country": "MHL - Marshall Islands", "index": "HDI - Human Development Index", "indicator": "eys - Expected Years of Schooling (years)", "year": "2007", "value": "11.60019734"}, {"country": "MHL - Marshall Islands", "index": "HDI - Human Development Index", "indicator": "eys - Expected Years of Schooling (years)", "year": "2008", "value": "11.48679088"}, {"country": "MHL - Marshall Islands", "index": "HDI - Human Development Index", "indicator": "eys - Expected Years of Schooling (years)", "year": "2009", "value": "11.37338442"}, {"country": "MHL - Marshall Islands", "index": "HDI - Human Development Index", "indicator": "eys - Expected Years of Schooling (years)", "year": "2010", "value": "11.25997796"}, {"country": "MHL - Marshall Islands", "index": "HDI - Human Development Index", "indicator": "eys - Expected Years of Schooling (years)", "year": "2011", "value": "11.1465715"}, {"country": "MHL - Marshall Islands", "index": "HDI - Human Development Index", "indicator": "eys - Expected Years of Schooling (years)", "year": "2012", "value": "11.03316503"}, {"country": "MHL - Marshall Islands", "index": "HDI - Human Development Index", "indicator": "eys - Expected Years of Schooling (years)", "year": "2013", "value": "10.91975857"}, {"country": "MHL - Marshall Islands", "index": "HDI - Human Development Index", "indicator": "eys - Expected Years of Schooling (years)", "year": "2014", "value": "10.80635211"}, {"country": "MHL - Marshall Islands", "index": "HDI - Human Development Index", "indicator": "eys - Expected Years of Schooling (years)", "year": "2015", "value": "10.69294565"}, {"country": "MHL - Marshall Islands", "index": "HDI - Human Development Index", "indicator": "eys - Expected Years of Schooling (years)", "year": "2016", "value": "10.57953919"}, {"country": "MHL - Marshall Islands", "index": "HDI - Human Development Index", "indicator": "eys - Expected Years of Schooling (years)", "year": "2017", "value": "10.46613272"}, {"country": "MHL - Marshall Islands", "index": "HDI - Human Development Index", "indicator": "eys - Expected Years of Schooling (years)", "year": "2018", "value": "10.35272626"}, {"country": "MHL - Marshall Islands", "index": "HDI - Human Development Index", "indicator": "eys - Expected Years of Schooling (years)", "year": "2019", "value": "10.2393198"}, {"country": "MHL - Marshall Islands", "index": "HDI - Human Development Index", "indicator": "eys - Expected Years of Schooling (years)", "year": "2020", "value": "10.2393198"}, {"country": "MHL - Marshall Islands", "index": "HDI - Human Development Index", "indicator": "eys - Expected Years of Schooling (years)", "year": "2021", "value": "10.2393198"}, {"country": "MHL - Marshall Islands", "index": "GDI - Gender Development Index", "indicator": "eys_f - Expected Years of Schooling, female (years)", "year": "2002", "value": "12.16956997"}, {"country": "MHL - Marshall Islands", "index": "GDI - Gender Development Index", "indicator": "eys_f - Expected Years of Schooling, female (years)", "year": "2003", "value": "12.06394409"}, {"country": "MHL - Marshall Islands", "index": "GDI - Gender Development Index", "indicator": "eys_f - Expected Years of Schooling, female (years)", "year": "2004", "value": "11.95831821"}, {"country": "MHL - Marshall Islands", "index": "GDI - Gender Development Index", "indicator": "eys_f - Expected Years of Schooling, female (years)", "year": "2005", "value": "11.85269232"}, {"country": "MHL - Marshall Islands", "index": "GDI - Gender Development Index", "indicator": "eys_f - Expected Years of Schooling, female (years)", "year": "2006", "value": "11.74706644"}, {"country": "MHL - Marshall Islands", "index": "GDI - Gender Development Index", "indicator": "eys_f - Expected Years of Schooling, female (years)", "year": "2007", "value": "11.64144056"}, {"country": "MHL - Marshall Islands", "index": "GDI - Gender Development Index", "indicator": "eys_f - Expected Years of Schooling, female (years)", "year": "2008", "value": "11.53581468"}, {"country": "MHL - Marshall Islands", "index": "GDI - Gender Development Index", "indicator": "eys_f - Expected Years of Schooling, female (years)", "year": "2009", "value": "11.4301888"}, {"country": "MHL - Marshall Islands", "index": "GDI - Gender Development Index", "indicator": "eys_f - Expected Years of Schooling, female (years)", "year": "2010", "value": "11.32456291"}, {"country": "MHL - Marshall Islands", "index": "GDI - Gender Development Index", "indicator": "eys_f - Expected Years of Schooling, female (years)", "year": "2011", "value": "11.21893703"}, {"country": "MHL - Marshall Islands", "index": "GDI - Gender Development Index", "indicator": "eys_f - Expected Years of Schooling, female (years)", "year": "2012", "value": "11.11331115"}, {"country": "MHL - Marshall Islands", "index": "GDI - Gender Development Index", "indicator": "eys_f - Expected Years of Schooling, female (years)", "year": "2013", "value": "11.00768527"}, {"country": "MHL - Marshall Islands", "index": "GDI - Gender Development Index", "indicator": "eys_f - Expected Years of Schooling, female (years)", "year": "2014", "value": "10.90205939"}, {"country": "MHL - Marshall Islands", "index": "GDI - Gender Development Index", "indicator": "eys_f - Expected Years of Schooling, female (years)", "year": "2015", "value": "10.7964335"}, {"country": "MHL - Marshall Islands", "index": "GDI - Gender Development Index", "indicator": "eys_f - Expected Years of Schooling, female (years)", "year": "2016", "value": "10.69080762"}, {"country": "MHL - Marshall Islands", "index": "GDI - Gender Development Index", "indicator": "eys_f - Expected Years of Schooling, female (years)", "year": "2017", "value": "10.58518174"}, {"country": "MHL - Marshall Islands", "index": "GDI - Gender Development Index", "indicator": "eys_f - Expected Years of Schooling, female (years)", "year": "2018", "value": "10.47955586"}, {"country": "MHL - Marshall Islands", "index": "GDI - Gender Development Index", "indicator": "eys_f - Expected Years of Schooling, female (years)", "year": "2019", "value": "10.37392998"}, {"country": "MHL - Marshall Islands", "index": "GDI - Gender Development Index", "indicator": "eys_f - Expected Years of Schooling, female (years)", "year": "2020", "value": "10.37392998"}, {"country": "MHL - Marshall Islands", "index": "GDI - Gender Development Index", "indicator": "eys_f - Expected Years of Schooling, female (years)", "year": "2021", "value": "10.37392998"}, {"country": "MHL - Marshall Islands", "index": "GDI - Gender Development Index", "indicator": "eys_m - Expected Years of Schooling, male (years)", "year": "2002", "value": "12.16022015"}, {"country": "MHL - Marshall Islands", "index": "GDI - Gender Development Index", "indicator": "eys_m - Expected Years of Schooling, male (years)", "year": "2003", "value": "12.0395684"}, {"country": "MHL - Marshall Islands", "index": "GDI - Gender Development Index", "indicator": "eys_m - Expected Years of Schooling, male (years)", "year": "2004", "value": "11.91891665"}, {"country": "MHL - Marshall Islands", "index": "GDI - Gender Development Index", "indicator": "eys_m - Expected Years of Schooling, male (years)", "year": "2005", "value": "11.7982649"}, {"country": "MHL - Marshall Islands", "index": "GDI - Gender Development Index", "indicator": "eys_m - Expected Years of Schooling, male (years)", "year": "2006", "value": "11.67761315"}, {"country": "MHL - Marshall Islands", "index": "GDI - Gender Development Index", "indicator": "eys_m - Expected Years of Schooling, male (years)", "year": "2007", "value": "11.5569614"}, {"country": "MHL - Marshall Islands", "index": "GDI - Gender Development Index", "indicator": "eys_m - Expected Years of Schooling, male (years)", "year": "2008", "value": "11.43630965"}, {"country": "MHL - Marshall Islands", "index": "GDI - Gender Development Index", "indicator": "eys_m - Expected Years of Schooling, male (years)", "year": "2009", "value": "11.3156579"}, {"country": "MHL - Marshall Islands", "index": "GDI - Gender Development Index", "indicator": "eys_m - Expected Years of Schooling, male (years)", "year": "2010", "value": "11.19500615"}, {"country": "MHL - Marshall Islands", "index": "GDI - Gender Development Index", "indicator": "eys_m - Expected Years of Schooling, male (years)", "year": "2011", "value": "11.0743544"}, {"country": "MHL - Marshall Islands", "index": "GDI - Gender Development Index", "indicator": "eys_m - Expected Years of Schooling, male (years)", "year": "2012", "value": "10.95370265"}, {"country": "MHL - Marshall Islands", "index": "GDI - Gender Development Index", "indicator": "eys_m - Expected Years of Schooling, male (years)", "year": "2013", "value": "10.8330509"}, {"country": "MHL - Marshall Islands", "index": "GDI - Gender Development Index", "indicator": "eys_m - Expected Years of Schooling, male (years)", "year": "2014", "value": "10.71239915"}, {"country": "MHL - Marshall Islands", "index": "GDI - Gender Development Index", "indicator": "eys_m - Expected Years of Schooling, male (years)", "year": "2015", "value": "10.5917474"}, {"country": "MHL - Marshall Islands", "index": "GDI - Gender Development Index", "indicator": "eys_m - Expected Years of Schooling, male (years)", "year": "2016", "value": "10.47109565"}, {"country": "MHL - Marshall Islands", "index": "GDI - Gender Development Index", "indicator": "eys_m - Expected Years of Schooling, male (years)", "year": "2017", "value": "10.3504439"}, {"country": "MHL - Marshall Islands", "index": "GDI - Gender Development Index", "indicator": "eys_m - Expected Years of Schooling, male (years)", "year": "2018", "value": "10.22979215"}, {"country": "MHL - Marshall Islands", "index": "GDI - Gender Development Index", "indicator": "eys_m - Expected Years of Schooling, male (years)", "year": "2019", "value": "10.1091404"}, {"country": "MHL - Marshall Islands", "index": "GDI - Gender Development Index", "indicator": "eys_m - Expected Years of Schooling, male (years)", "year": "2020", "value": "10.1091404"}, {"country": "MHL - Marshall Islands", "index": "GDI - Gender Development Index", "indicator": "eys_m - Expected Years of Schooling, male (years)", "year": "2021", "value": "10.1091404"}, {"country": "MHL - Marshall Islands", "index": "HDI - Human Development Index", "indicator": "gnipc - Gross National Income Per Capita (2017 PPP$)", "year": "1990", "value": "3882.06304"}, {"country": "MHL - Marshall Islands", "index": "HDI - Human Development Index", "indicator": "gnipc - Gross National Income Per Capita (2017 PPP$)", "year": "1991", "value": "3794.526435"}, {"country": "MHL - Marshall Islands", "index": "HDI - Human Development Index", "indicator": "gnipc - Gross National Income Per Capita (2017 PPP$)", "year": "1992", "value": "4013.924691"}, {"country": "MHL - Marshall Islands", "index": "HDI - Human Development Index", "indicator": "gnipc - Gross National Income Per Capita (2017 PPP$)", "year": "1993", "value": "4223.778283"}, {"country": "MHL - Marshall Islands", "index": "HDI - Human Development Index", "indicator": "gnipc - Gross National Income Per Capita (2017 PPP$)", "year": "1994", "value": "4457.689088"}, {"country": "MHL - Marshall Islands", "index": "HDI - Human Development Index", "indicator": "gnipc - Gross National Income Per Capita (2017 PPP$)", "year": "1995", "value": "4822.140558"}, {"country": "MHL - Marshall Islands", "index": "HDI - Human Development Index", "indicator": "gnipc - Gross National Income Per Capita (2017 PPP$)", "year": "1996", "value": "4338.127309"}, {"country": "MHL - Marshall Islands", "index": "HDI - Human Development Index", "indicator": "gnipc - Gross National Income Per Capita (2017 PPP$)", "year": "1997", "value": "4130.505064"}, {"country": "MHL - Marshall Islands", "index": "HDI - Human Development Index", "indicator": "gnipc - Gross National Income Per Capita (2017 PPP$)", "year": "1998", "value": "4241.190962"}, {"country": "MHL - Marshall Islands", "index": "HDI - Human Development Index", "indicator": "gnipc - Gross National Income Per Capita (2017 PPP$)", "year": "1999", "value": "4288.376549"}, {"country": "MHL - Marshall Islands", "index": "HDI - Human Development Index", "indicator": "gnipc - Gross National Income Per Capita (2017 PPP$)", "year": "2000", "value": "4349.440668"}, {"country": "MHL - Marshall Islands", "index": "HDI - Human Development Index", "indicator": "gnipc - Gross National Income Per Capita (2017 PPP$)", "year": "2001", "value": "4555.632878"}, {"country": "MHL - Marshall Islands", "index": "HDI - Human Development Index", "indicator": "gnipc - Gross National Income Per Capita (2017 PPP$)", "year": "2002", "value": "4485.781282"}, {"country": "MHL - Marshall Islands", "index": "HDI - Human Development Index", "indicator": "gnipc - Gross National Income Per Capita (2017 PPP$)", "year": "2003", "value": "4360.960214"}, {"country": "MHL - Marshall Islands", "index": "HDI - Human Development Index", "indicator": "gnipc - Gross National Income Per Capita (2017 PPP$)", "year": "2004", "value": "4301.059971"}, {"country": "MHL - Marshall Islands", "index": "HDI - Human Development Index", "indicator": "gnipc - Gross National Income Per Capita (2017 PPP$)", "year": "2005", "value": "4414.667322"}, {"country": "MHL - Marshall Islands", "index": "HDI - Human Development Index", "indicator": "gnipc - Gross National Income Per Capita (2017 PPP$)", "year": "2006", "value": "4270.59709"}, {"country": "MHL - Marshall Islands", "index": "HDI - Human Development Index", "indicator": "gnipc - Gross National Income Per Capita (2017 PPP$)", "year": "2007", "value": "4401.900551"}, {"country": "MHL - Marshall Islands", "index": "HDI - Human Development Index", "indicator": "gnipc - Gross National Income Per Capita (2017 PPP$)", "year": "2008", "value": "4001.182216"}, {"country": "MHL - Marshall Islands", "index": "HDI - Human Development Index", "indicator": "gnipc - Gross National Income Per Capita (2017 PPP$)", "year": "2009", "value": "4129.404839"}, {"country": "MHL - Marshall Islands", "index": "HDI - Human Development Index", "indicator": "gnipc - Gross National Income Per Capita (2017 PPP$)", "year": "2010", "value": "4242.328294"}, {"country": "MHL - Marshall Islands", "index": "HDI - Human Development Index", "indicator": "gnipc - Gross National Income Per Capita (2017 PPP$)", "year": "2011", "value": "4240.101358"}, {"country": "MHL - Marshall Islands", "index": "HDI - Human Development Index", "indicator": "gnipc - Gross National Income Per Capita (2017 PPP$)", "year": "2012", "value": "3956.773561"}, {"country": "MHL - Marshall Islands", "index": "HDI - Human Development Index", "indicator": "gnipc - Gross National Income Per Capita (2017 PPP$)", "year": "2013", "value": "4238.739586"}, {"country": "MHL - Marshall Islands", "index": "HDI - Human Development Index", "indicator": "gnipc - Gross National Income Per Capita (2017 PPP$)", "year": "2014", "value": "4361.535384"}, {"country": "MHL - Marshall Islands", "index": "HDI - Human Development Index", "indicator": "gnipc - Gross National Income Per Capita (2017 PPP$)", "year": "2015", "value": "4747.619065"}, {"country": "MHL - Marshall Islands", "index": "HDI - Human Development Index", "indicator": "gnipc - Gross National Income Per Capita (2017 PPP$)", "year": "2016", "value": "4714.772323"}, {"country": "MHL - Marshall Islands", "index": "HDI - Human Development Index", "indicator": "gnipc - Gross National Income Per Capita (2017 PPP$)", "year": "2017", "value": "4771.761214"}, {"country": "MHL - Marshall Islands", "index": "HDI - Human Development Index", "indicator": "gnipc - Gross National Income Per Capita (2017 PPP$)", "year": "2018", "value": "4852.882347"}, {"country": "MHL - Marshall Islands", "index": "HDI - Human Development Index", "indicator": "gnipc - Gross National Income Per Capita (2017 PPP$)", "year": "2019", "value": "4956.337016"}, {"country": "MHL - Marshall Islands", "index": "HDI - Human Development Index", "indicator": "gnipc - Gross National Income Per Capita (2017 PPP$)", "year": "2020", "value": "4727.402503"}, {"country": "MHL - Marshall Islands", "index": "HDI - Human Development Index", "indicator": "gnipc - Gross National Income Per Capita (2017 PPP$)", "year": "2021", "value": "4619.535393"}, {"country": "MHL - Marshall Islands", "index": "HDI - Human Development Index", "indicator": "hdi - Human Development Index (value)", "year": "2011", "value": "0.633"}, {"country": "MHL - Marshall Islands", "index": "HDI - Human Development Index", "indicator": "hdi - Human Development Index (value)", "year": "2012", "value": "0.628"}, {"country": "MHL - Marshall Islands", "index": "HDI - Human Development Index", "indicator": "hdi - Human Development Index (value)", "year": "2013", "value": "0.632"}, {"country": "MHL - Marshall Islands", "index": "HDI - Human Development Index", "indicator": "hdi - Human Development Index (value)", "year": "2014", "value": "0.633"}, {"country": "MHL - Marshall Islands", "index": "HDI - Human Development Index", "indicator": "hdi - Human Development Index (value)", "year": "2015", "value": "0.638"}, {"country": "MHL - Marshall Islands", "index": "HDI - Human Development Index", "indicator": "hdi - Human Development Index (value)", "year": "2016", "value": "0.637"}, {"country": "MHL - Marshall Islands", "index": "HDI - Human Development Index", "indicator": "hdi - Human Development Index (value)", "year": "2017", "value": "0.638"}, {"country": "MHL - Marshall Islands", "index": "HDI - Human Development Index", "indicator": "hdi - Human Development Index (value)", "year": "2018", "value": "0.639"}, {"country": "MHL - Marshall Islands", "index": "HDI - Human Development Index", "indicator": "hdi - Human Development Index (value)", "year": "2019", "value": "0.64"}, {"country": "MHL - Marshall Islands", "index": "HDI - Human Development Index", "indicator": "hdi - Human Development Index (value)", "year": "2020", "value": "0.639"}, {"country": "MHL - Marshall Islands", "index": "HDI - Human Development Index", "indicator": "hdi - Human Development Index (value)", "year": "2021", "value": "0.639"}, {"country": "MHL - Marshall Islands", "index": "HDI - Human Development Index", "indicator": "hdi_rank - HDI Rank", "year": "2021", "value": "131"}, {"country": "MHL - Marshall Islands", "index": "IHDI - Inequality-adjusted Human Development Index", "indicator": "ineq_edu - Inequality in eduation", "year": "2011", "value": "4.779338113"}, {"country": "MHL - Marshall Islands", "index": "IHDI - Inequality-adjusted Human Development Index", "indicator": "ineq_edu - Inequality in eduation", "year": "2012", "value": "4.779338113"}, {"country": "MHL - Marshall Islands", "index": "IHDI - Inequality-adjusted Human Development Index", "indicator": "ineq_edu - Inequality in eduation", "year": "2013", "value": "4.779338113"}, {"country": "MHL - Marshall Islands", "index": "IHDI - Inequality-adjusted Human Development Index", "indicator": "ineq_edu - Inequality in eduation", "year": "2014", "value": "4.779338113"}, {"country": "MHL - Marshall Islands", "index": "IHDI - Inequality-adjusted Human Development Index", "indicator": "ineq_edu - Inequality in eduation", "year": "2015", "value": "4.779338113"}, {"country": "MHL - Marshall Islands", "index": "IHDI - Inequality-adjusted Human Development Index", "indicator": "ineq_edu - Inequality in eduation", "year": "2016", "value": "4.779338113"}, {"country": "MHL - Marshall Islands", "index": "IHDI - Inequality-adjusted Human Development Index", "indicator": "ineq_edu - Inequality in eduation", "year": "2017", "value": "4.779338113"}, {"country": "MHL - Marshall Islands", "index": "IHDI - Inequality-adjusted Human Development Index", "indicator": "ineq_edu - Inequality in eduation", "year": "2018", "value": "4.779338113"}, {"country": "MHL - Marshall Islands", "index": "IHDI - Inequality-adjusted Human Development Index", "indicator": "ineq_edu - Inequality in eduation", "year": "2019", "value": "4.779338113"}, {"country": "MHL - Marshall Islands", "index": "IHDI - Inequality-adjusted Human Development Index", "indicator": "ineq_edu - Inequality in eduation", "year": "2020", "value": "4.779338113"}, {"country": "MHL - Marshall Islands", "index": "IHDI - Inequality-adjusted Human Development Index", "indicator": "ineq_edu - Inequality in eduation", "year": "2021", "value": "4.779338113"}, {"country": "MHL - Marshall Islands", "index": "IHDI - Inequality-adjusted Human Development Index", "indicator": "ineq_le - Inequality in life expectancy", "year": "2010", "value": "20.8083744"}, {"country": "MHL - Marshall Islands", "index": "IHDI - Inequality-adjusted Human Development Index", "indicator": "ineq_le - Inequality in life expectancy", "year": "2011", "value": "20.67235756"}, {"country": "MHL - Marshall Islands", "index": "IHDI - Inequality-adjusted Human Development Index", "indicator": "ineq_le - Inequality in life expectancy", "year": "2012", "value": "20.45575905"}, {"country": "MHL - Marshall Islands", "index": "IHDI - Inequality-adjusted Human Development Index", "indicator": "ineq_le - Inequality in life expectancy", "year": "2013", "value": "20.21379852"}, {"country": "MHL - Marshall Islands", "index": "IHDI - Inequality-adjusted Human Development Index", "indicator": "ineq_le - Inequality in life expectancy", "year": "2014", "value": "19.91314697"}, {"country": "MHL - Marshall Islands", "index": "IHDI - Inequality-adjusted Human Development Index", "indicator": "ineq_le - Inequality in life expectancy", "year": "2015", "value": "19.59774399"}, {"country": "MHL - Marshall Islands", "index": "IHDI - Inequality-adjusted Human Development Index", "indicator": "ineq_le - Inequality in life expectancy", "year": "2016", "value": "19.25924683"}, {"country": "MHL - Marshall Islands", "index": "IHDI - Inequality-adjusted Human Development Index", "indicator": "ineq_le - Inequality in life expectancy", "year": "2017", "value": "18.91902351"}, {"country": "MHL - Marshall Islands", "index": "IHDI - Inequality-adjusted Human Development Index", "indicator": "ineq_le - Inequality in life expectancy", "year": "2018", "value": "18.55545425"}, {"country": "MHL - Marshall Islands", "index": "IHDI - Inequality-adjusted Human Development Index", "indicator": "ineq_le - Inequality in life expectancy", "year": "2019", "value": "18.20243454"}, {"country": "MHL - Marshall Islands", "index": "IHDI - Inequality-adjusted Human Development Index", "indicator": "ineq_le - Inequality in life expectancy", "year": "2020", "value": "17.8416729"}, {"country": "MHL - Marshall Islands", "index": "IHDI - Inequality-adjusted Human Development Index", "indicator": "ineq_le - Inequality in life expectancy", "year": "2021", "value": "17.46094704"}, {"country": "MHL - Marshall Islands", "index": "HDI - Human Development Index", "indicator": "le - Life Expectancy at Birth (years)", "year": "1990", "value": "62.1758"}, {"country": "MHL - Marshall Islands", "index": "HDI - Human Development Index", "indicator": "le - Life Expectancy at Birth (years)", "year": "1991", "value": "62.2817"}, {"country": "MHL - Marshall Islands", "index": "HDI - Human Development Index", "indicator": "le - Life Expectancy at Birth (years)", "year": "1992", "value": "62.3834"}, {"country": "MHL - Marshall Islands", "index": "HDI - Human Development Index", "indicator": "le - Life Expectancy at Birth (years)", "year": "1993", "value": "62.4759"}, {"country": "MHL - Marshall Islands", "index": "HDI - Human Development Index", "indicator": "le - Life Expectancy at Birth (years)", "year": "1994", "value": "62.5584"}, {"country": "MHL - Marshall Islands", "index": "HDI - Human Development Index", "indicator": "le - Life Expectancy at Birth (years)", "year": "1995", "value": "62.774"}, {"country": "MHL - Marshall Islands", "index": "HDI - Human Development Index", "indicator": "le - Life Expectancy at Birth (years)", "year": "1996", "value": "63.0339"}, {"country": "MHL - Marshall Islands", "index": "HDI - Human Development Index", "indicator": "le - Life Expectancy at Birth (years)", "year": "1997", "value": "63.2253"}, {"country": "MHL - Marshall Islands", "index": "HDI - Human Development Index", "indicator": "le - Life Expectancy at Birth (years)", "year": "1998", "value": "63.3636"}, {"country": "MHL - Marshall Islands", "index": "HDI - Human Development Index", "indicator": "le - Life Expectancy at Birth (years)", "year": "1999", "value": "63.48"}, {"country": "MHL - Marshall Islands", "index": "HDI - Human Development Index", "indicator": "le - Life Expectancy at Birth (years)", "year": "2000", "value": "63.2748"}, {"country": "MHL - Marshall Islands", "index": "HDI - Human Development Index", "indicator": "le - Life Expectancy at Birth (years)", "year": "2001", "value": "63.6425"}, {"country": "MHL - Marshall Islands", "index": "HDI - Human Development Index", "indicator": "le - Life Expectancy at Birth (years)", "year": "2002", "value": "63.7195"}, {"country": "MHL - Marshall Islands", "index": "HDI - Human Development Index", "indicator": "le - Life Expectancy at Birth (years)", "year": "2003", "value": "63.7451"}, {"country": "MHL - Marshall Islands", "index": "HDI - Human Development Index", "indicator": "le - Life Expectancy at Birth (years)", "year": "2004", "value": "63.6954"}, {"country": "MHL - Marshall Islands", "index": "HDI - Human Development Index", "indicator": "le - Life Expectancy at Birth (years)", "year": "2005", "value": "63.5852"}, {"country": "MHL - Marshall Islands", "index": "HDI - Human Development Index", "indicator": "le - Life Expectancy at Birth (years)", "year": "2006", "value": "63.4894"}, {"country": "MHL - Marshall Islands", "index": "HDI - Human Development Index", "indicator": "le - Life Expectancy at Birth (years)", "year": "2007", "value": "63.3597"}, {"country": "MHL - Marshall Islands", "index": "HDI - Human Development Index", "indicator": "le - Life Expectancy at Birth (years)", "year": "2008", "value": "63.2355"}, {"country": "MHL - Marshall Islands", "index": "HDI - Human Development Index", "indicator": "le - Life Expectancy at Birth (years)", "year": "2009", "value": "63.2295"}, {"country": "MHL - Marshall Islands", "index": "HDI - Human Development Index", "indicator": "le - Life Expectancy at Birth (years)", "year": "2010", "value": "63.2261"}, {"country": "MHL - Marshall Islands", "index": "HDI - Human Development Index", "indicator": "le - Life Expectancy at Birth (years)", "year": "2011", "value": "63.2558"}, {"country": "MHL - Marshall Islands", "index": "HDI - Human Development Index", "indicator": "le - Life Expectancy at Birth (years)", "year": "2012", "value": "63.3733"}, {"country": "MHL - Marshall Islands", "index": "HDI - Human Development Index", "indicator": "le - Life Expectancy at Birth (years)", "year": "2013", "value": "63.4642"}, {"country": "MHL - Marshall Islands", "index": "HDI - Human Development Index", "indicator": "le - Life Expectancy at Birth (years)", "year": "2014", "value": "63.6229"}, {"country": "MHL - Marshall Islands", "index": "HDI - Human Development Index", "indicator": "le - Life Expectancy at Birth (years)", "year": "2015", "value": "63.8274"}, {"country": "MHL - Marshall Islands", "index": "HDI - Human Development Index", "indicator": "le - Life Expectancy at Birth (years)", "year": "2016", "value": "64.0569"}, {"country": "MHL - Marshall Islands", "index": "HDI - Human Development Index", "indicator": "le - Life Expectancy at Birth (years)", "year": "2017", "value": "64.2696"}, {"country": "MHL - Marshall Islands", "index": "HDI - Human Development Index", "indicator": "le - Life Expectancy at Birth (years)", "year": "2018", "value": "64.5001"}, {"country": "MHL - Marshall Islands", "index": "HDI - Human Development Index", "indicator": "le - Life Expectancy at Birth (years)", "year": "2019", "value": "64.7458"}, {"country": "MHL - Marshall Islands", "index": "HDI - Human Development Index", "indicator": "le - Life Expectancy at Birth (years)", "year": "2020", "value": "64.977"}, {"country": "MHL - Marshall Islands", "index": "HDI - Human Development Index", "indicator": "le - Life Expectancy at Birth (years)", "year": "2021", "value": "65.2688"}, {"country": "MHL - Marshall Islands", "index": "GDI - Gender Development Index", "indicator": "le_f - Life Expectancy at Birth, female (years)", "year": "1990", "value": "65.4765"}, {"country": "MHL - Marshall Islands", "index": "GDI - Gender Development Index", "indicator": "le_f - Life Expectancy at Birth, female (years)", "year": "1991", "value": "65.3827"}, {"country": "MHL - Marshall Islands", "index": "GDI - Gender Development Index", "indicator": "le_f - Life Expectancy at Birth, female (years)", "year": "1992", "value": "65.2422"}, {"country": "MHL - Marshall Islands", "index": "GDI - Gender Development Index", "indicator": "le_f - Life Expectancy at Birth, female (years)", "year": "1993", "value": "65.0866"}, {"country": "MHL - Marshall Islands", "index": "GDI - Gender Development Index", "indicator": "le_f - Life Expectancy at Birth, female (years)", "year": "1994", "value": "65.0643"}, {"country": "MHL - Marshall Islands", "index": "GDI - Gender Development Index", "indicator": "le_f - Life Expectancy at Birth, female (years)", "year": "1995", "value": "65.1832"}, {"country": "MHL - Marshall Islands", "index": "GDI - Gender Development Index", "indicator": "le_f - Life Expectancy at Birth, female (years)", "year": "1996", "value": "65.3698"}, {"country": "MHL - Marshall Islands", "index": "GDI - Gender Development Index", "indicator": "le_f - Life Expectancy at Birth, female (years)", "year": "1997", "value": "65.5167"}, {"country": "MHL - Marshall Islands", "index": "GDI - Gender Development Index", "indicator": "le_f - Life Expectancy at Birth, female (years)", "year": "1998", "value": "65.7177"}, {"country": "MHL - Marshall Islands", "index": "GDI - Gender Development Index", "indicator": "le_f - Life Expectancy at Birth, female (years)", "year": "1999", "value": "65.9228"}, {"country": "MHL - Marshall Islands", "index": "GDI - Gender Development Index", "indicator": "le_f - Life Expectancy at Birth, female (years)", "year": "2000", "value": "65.7204"}, {"country": "MHL - Marshall Islands", "index": "GDI - Gender Development Index", "indicator": "le_f - Life Expectancy at Birth, female (years)", "year": "2001", "value": "66.1383"}, {"country": "MHL - Marshall Islands", "index": "GDI - Gender Development Index", "indicator": "le_f - Life Expectancy at Birth, female (years)", "year": "2002", "value": "66.2573"}, {"country": "MHL - Marshall Islands", "index": "GDI - Gender Development Index", "indicator": "le_f - Life Expectancy at Birth, female (years)", "year": "2003", "value": "66.2568"}, {"country": "MHL - Marshall Islands", "index": "GDI - Gender Development Index", "indicator": "le_f - Life Expectancy at Birth, female (years)", "year": "2004", "value": "66.076"}, {"country": "MHL - Marshall Islands", "index": "GDI - Gender Development Index", "indicator": "le_f - Life Expectancy at Birth, female (years)", "year": "2005", "value": "65.7609"}, {"country": "MHL - Marshall Islands", "index": "GDI - Gender Development Index", "indicator": "le_f - Life Expectancy at Birth, female (years)", "year": "2006", "value": "65.4901"}, {"country": "MHL - Marshall Islands", "index": "GDI - Gender Development Index", "indicator": "le_f - Life Expectancy at Birth, female (years)", "year": "2007", "value": "65.2898"}, {"country": "MHL - Marshall Islands", "index": "GDI - Gender Development Index", "indicator": "le_f - Life Expectancy at Birth, female (years)", "year": "2008", "value": "65.1241"}, {"country": "MHL - Marshall Islands", "index": "GDI - Gender Development Index", "indicator": "le_f - Life Expectancy at Birth, female (years)", "year": "2009", "value": "65.1115"}, {"country": "MHL - Marshall Islands", "index": "GDI - Gender Development Index", "indicator": "le_f - Life Expectancy at Birth, female (years)", "year": "2010", "value": "65.119"}, {"country": "MHL - Marshall Islands", "index": "GDI - Gender Development Index", "indicator": "le_f - Life Expectancy at Birth, female (years)", "year": "2011", "value": "65.1777"}, {"country": "MHL - Marshall Islands", "index": "GDI - Gender Development Index", "indicator": "le_f - Life Expectancy at Birth, female (years)", "year": "2012", "value": "65.2713"}, {"country": "MHL - Marshall Islands", "index": "GDI - Gender Development Index", "indicator": "le_f - Life Expectancy at Birth, female (years)", "year": "2013", "value": "65.3603"}, {"country": "MHL - Marshall Islands", "index": "GDI - Gender Development Index", "indicator": "le_f - Life Expectancy at Birth, female (years)", "year": "2014", "value": "65.4934"}, {"country": "MHL - Marshall Islands", "index": "GDI - Gender Development Index", "indicator": "le_f - Life Expectancy at Birth, female (years)", "year": "2015", "value": "65.7046"}, {"country": "MHL - Marshall Islands", "index": "GDI - Gender Development Index", "indicator": "le_f - Life Expectancy at Birth, female (years)", "year": "2016", "value": "65.9056"}, {"country": "MHL - Marshall Islands", "index": "GDI - Gender Development Index", "indicator": "le_f - Life Expectancy at Birth, female (years)", "year": "2017", "value": "66.1205"}, {"country": "MHL - Marshall Islands", "index": "GDI - Gender Development Index", "indicator": "le_f - Life Expectancy at Birth, female (years)", "year": "2018", "value": "66.3548"}, {"country": "MHL - Marshall Islands", "index": "GDI - Gender Development Index", "indicator": "le_f - Life Expectancy at Birth, female (years)", "year": "2019", "value": "66.6076"}, {"country": "MHL - Marshall Islands", "index": "GDI - Gender Development Index", "indicator": "le_f - Life Expectancy at Birth, female (years)", "year": "2020", "value": "66.8825"}, {"country": "MHL - Marshall Islands", "index": "GDI - Gender Development Index", "indicator": "le_f - Life Expectancy at Birth, female (years)", "year": "2021", "value": "67.1997"}, {"country": "MHL - Marshall Islands", "index": "GDI - Gender Development Index", "indicator": "le_m - Life Expectancy at Birth, male (years)", "year": "1990", "value": "59.4569"}, {"country": "MHL - Marshall Islands", "index": "GDI - Gender Development Index", "indicator": "le_m - Life Expectancy at Birth, male (years)", "year": "1991", "value": "59.7137"}, {"country": "MHL - Marshall Islands", "index": "GDI - Gender Development Index", "indicator": "le_m - Life Expectancy at Birth, male (years)", "year": "1992", "value": "60.0018"}, {"country": "MHL - Marshall Islands", "index": "GDI - Gender Development Index", "indicator": "le_m - Life Expectancy at Birth, male (years)", "year": "1993", "value": "60.2901"}, {"country": "MHL - Marshall Islands", "index": "GDI - Gender Development Index", "indicator": "le_m - Life Expectancy at Birth, male (years)", "year": "1994", "value": "60.4616"}, {"country": "MHL - Marshall Islands", "index": "GDI - Gender Development Index", "indicator": "le_m - Life Expectancy at Birth, male (years)", "year": "1995", "value": "60.756"}, {"country": "MHL - Marshall Islands", "index": "GDI - Gender Development Index", "indicator": "le_m - Life Expectancy at Birth, male (years)", "year": "1996", "value": "61.0755"}, {"country": "MHL - Marshall Islands", "index": "GDI - Gender Development Index", "indicator": "le_m - Life Expectancy at Birth, male (years)", "year": "1997", "value": "61.3066"}, {"country": "MHL - Marshall Islands", "index": "GDI - Gender Development Index", "indicator": "le_m - Life Expectancy at Birth, male (years)", "year": "1998", "value": "61.4016"}, {"country": "MHL - Marshall Islands", "index": "GDI - Gender Development Index", "indicator": "le_m - Life Expectancy at Birth, male (years)", "year": "1999", "value": "61.454"}, {"country": "MHL - Marshall Islands", "index": "GDI - Gender Development Index", "indicator": "le_m - Life Expectancy at Birth, male (years)", "year": "2000", "value": "61.253"}, {"country": "MHL - Marshall Islands", "index": "GDI - Gender Development Index", "indicator": "le_m - Life Expectancy at Birth, male (years)", "year": "2001", "value": "61.577"}, {"country": "MHL - Marshall Islands", "index": "GDI - Gender Development Index", "indicator": "le_m - Life Expectancy at Birth, male (years)", "year": "2002", "value": "61.6191"}, {"country": "MHL - Marshall Islands", "index": "GDI - Gender Development Index", "indicator": "le_m - Life Expectancy at Birth, male (years)", "year": "2003", "value": "61.6631"}, {"country": "MHL - Marshall Islands", "index": "GDI - Gender Development Index", "indicator": "le_m - Life Expectancy at Birth, male (years)", "year": "2004", "value": "61.7146"}, {"country": "MHL - Marshall Islands", "index": "GDI - Gender Development Index", "indicator": "le_m - Life Expectancy at Birth, male (years)", "year": "2005", "value": "61.765"}, {"country": "MHL - Marshall Islands", "index": "GDI - Gender Development Index", "indicator": "le_m - Life Expectancy at Birth, male (years)", "year": "2006", "value": "61.8109"}, {"country": "MHL - Marshall Islands", "index": "GDI - Gender Development Index", "indicator": "le_m - Life Expectancy at Birth, male (years)", "year": "2007", "value": "61.7455"}, {"country": "MHL - Marshall Islands", "index": "GDI - Gender Development Index", "indicator": "le_m - Life Expectancy at Birth, male (years)", "year": "2008", "value": "61.6643"}, {"country": "MHL - Marshall Islands", "index": "GDI - Gender Development Index", "indicator": "le_m - Life Expectancy at Birth, male (years)", "year": "2009", "value": "61.6717"}, {"country": "MHL - Marshall Islands", "index": "GDI - Gender Development Index", "indicator": "le_m - Life Expectancy at Birth, male (years)", "year": "2010", "value": "61.668"}, {"country": "MHL - Marshall Islands", "index": "GDI - Gender Development Index", "indicator": "le_m - Life Expectancy at Birth, male (years)", "year": "2011", "value": "61.6872"}, {"country": "MHL - Marshall Islands", "index": "GDI - Gender Development Index", "indicator": "le_m - Life Expectancy at Birth, male (years)", "year": "2012", "value": "61.8271"}, {"country": "MHL - Marshall Islands", "index": "GDI - Gender Development Index", "indicator": "le_m - Life Expectancy at Birth, male (years)", "year": "2013", "value": "61.9244"}, {"country": "MHL - Marshall Islands", "index": "GDI - Gender Development Index", "indicator": "le_m - Life Expectancy at Birth, male (years)", "year": "2014", "value": "62.1063"}, {"country": "MHL - Marshall Islands", "index": "GDI - Gender Development Index", "indicator": "le_m - Life Expectancy at Birth, male (years)", "year": "2015", "value": "62.307"}, {"country": "MHL - Marshall Islands", "index": "GDI - Gender Development Index", "indicator": "le_m - Life Expectancy at Birth, male (years)", "year": "2016", "value": "62.5587"}, {"country": "MHL - Marshall Islands", "index": "GDI - Gender Development Index", "indicator": "le_m - Life Expectancy at Birth, male (years)", "year": "2017", "value": "62.7699"}, {"country": "MHL - Marshall Islands", "index": "GDI - Gender Development Index", "indicator": "le_m - Life Expectancy at Birth, male (years)", "year": "2018", "value": "62.9964"}, {"country": "MHL - Marshall Islands", "index": "GDI - Gender Development Index", "indicator": "le_m - Life Expectancy at Birth, male (years)", "year": "2019", "value": "63.2329"}, {"country": "MHL - Marshall Islands", "index": "GDI - Gender Development Index", "indicator": "le_m - Life Expectancy at Birth, male (years)", "year": "2020", "value": "63.4261"}, {"country": "MHL - Marshall Islands", "index": "GDI - Gender Development Index", "indicator": "le_m - Life Expectancy at Birth, male (years)", "year": "2021", "value": "63.6922"}, {"country": "MHL - Marshall Islands", "index": "HDI - Human Development Index", "indicator": "mys - Mean Years of Schooling (years)", "year": "2011", "value": "10.88313961"}, {"country": "MHL - Marshall Islands", "index": "HDI - Human Development Index", "indicator": "mys - Mean Years of Schooling (years)", "year": "2012", "value": "10.88313961"}, {"country": "MHL - Marshall Islands", "index": "HDI - Human Development Index", "indicator": "mys - Mean Years of Schooling (years)", "year": "2013", "value": "10.88313961"}, {"country": "MHL - Marshall Islands", "index": "HDI - Human Development Index", "indicator": "mys - Mean Years of Schooling (years)", "year": "2014", "value": "10.88313961"}, {"country": "MHL - Marshall Islands", "index": "HDI - Human Development Index", "indicator": "mys - Mean Years of Schooling (years)", "year": "2015", "value": "10.88313961"}, {"country": "MHL - Marshall Islands", "index": "HDI - Human Development Index", "indicator": "mys - Mean Years of Schooling (years)", "year": "2016", "value": "10.88313961"}, {"country": "MHL - Marshall Islands", "index": "HDI - Human Development Index", "indicator": "mys - Mean Years of Schooling (years)", "year": "2017", "value": "10.88313961"}, {"country": "MHL - Marshall Islands", "index": "HDI - Human Development Index", "indicator": "mys - Mean Years of Schooling (years)", "year": "2018", "value": "10.88313961"}, {"country": "MHL - Marshall Islands", "index": "HDI - Human Development Index", "indicator": "mys - Mean Years of Schooling (years)", "year": "2019", "value": "10.88313961"}, {"country": "MHL - Marshall Islands", "index": "HDI - Human Development Index", "indicator": "mys - Mean Years of Schooling (years)", "year": "2020", "value": "10.88313961"}, {"country": "MHL - Marshall Islands", "index": "HDI - Human Development Index", "indicator": "mys - Mean Years of Schooling (years)", "year": "2021", "value": "10.88313961"}, {"country": "MHL - Marshall Islands", "index": "GDI - Gender Development Index", "indicator": "mys_f - Mean Years of Schooling, female (years)", "year": "2011", "value": "10.70687008"}, {"country": "MHL - Marshall Islands", "index": "GDI - Gender Development Index", "indicator": "mys_f - Mean Years of Schooling, female (years)", "year": "2012", "value": "10.70687008"}, {"country": "MHL - Marshall Islands", "index": "GDI - Gender Development Index", "indicator": "mys_f - Mean Years of Schooling, female (years)", "year": "2013", "value": "10.70687008"}, {"country": "MHL - Marshall Islands", "index": "GDI - Gender Development Index", "indicator": "mys_f - Mean Years of Schooling, female (years)", "year": "2014", "value": "10.70687008"}, {"country": "MHL - Marshall Islands", "index": "GDI - Gender Development Index", "indicator": "mys_f - Mean Years of Schooling, female (years)", "year": "2015", "value": "10.70687008"}, {"country": "MHL - Marshall Islands", "index": "GDI - Gender Development Index", "indicator": "mys_f - Mean Years of Schooling, female (years)", "year": "2016", "value": "10.70687008"}, {"country": "MHL - Marshall Islands", "index": "GDI - Gender Development Index", "indicator": "mys_f - Mean Years of Schooling, female (years)", "year": "2017", "value": "10.70687008"}, {"country": "MHL - Marshall Islands", "index": "GDI - Gender Development Index", "indicator": "mys_f - Mean Years of Schooling, female (years)", "year": "2018", "value": "10.70687008"}, {"country": "MHL - Marshall Islands", "index": "GDI - Gender Development Index", "indicator": "mys_f - Mean Years of Schooling, female (years)", "year": "2019", "value": "10.70687008"}, {"country": "MHL - Marshall Islands", "index": "GDI - Gender Development Index", "indicator": "mys_f - Mean Years of Schooling, female (years)", "year": "2020", "value": "10.70687008"}, {"country": "MHL - Marshall Islands", "index": "GDI - Gender Development Index", "indicator": "mys_f - Mean Years of Schooling, female (years)", "year": "2021", "value": "10.70687008"}, {"country": "MHL - Marshall Islands", "index": "GDI - Gender Development Index", "indicator": "mys_m - Mean Years of Schooling, male (years)", "year": "2011", "value": "11.05574989"}, {"country": "MHL - Marshall Islands", "index": "GDI - Gender Development Index", "indicator": "mys_m - Mean Years of Schooling, male (years)", "year": "2012", "value": "11.05574989"}, {"country": "MHL - Marshall Islands", "index": "GDI - Gender Development Index", "indicator": "mys_m - Mean Years of Schooling, male (years)", "year": "2013", "value": "11.05574989"}, {"country": "MHL - Marshall Islands", "index": "GDI - Gender Development Index", "indicator": "mys_m - Mean Years of Schooling, male (years)", "year": "2014", "value": "11.05574989"}, {"country": "MHL - Marshall Islands", "index": "GDI - Gender Development Index", "indicator": "mys_m - Mean Years of Schooling, male (years)", "year": "2015", "value": "11.05574989"}, {"country": "MHL - Marshall Islands", "index": "GDI - Gender Development Index", "indicator": "mys_m - Mean Years of Schooling, male (years)", "year": "2016", "value": "11.05574989"}, {"country": "MHL - Marshall Islands", "index": "GDI - Gender Development Index", "indicator": "mys_m - Mean Years of Schooling, male (years)", "year": "2017", "value": "11.05574989"}, {"country": "MHL - Marshall Islands", "index": "GDI - Gender Development Index", "indicator": "mys_m - Mean Years of Schooling, male (years)", "year": "2018", "value": "11.05574989"}, {"country": "MHL - Marshall Islands", "index": "GDI - Gender Development Index", "indicator": "mys_m - Mean Years of Schooling, male (years)", "year": "2019", "value": "11.05574989"}, {"country": "MHL - Marshall Islands", "index": "GDI - Gender Development Index", "indicator": "mys_m - Mean Years of Schooling, male (years)", "year": "2020", "value": "11.05574989"}, {"country": "MHL - Marshall Islands", "index": "GDI - Gender Development Index", "indicator": "mys_m - Mean Years of Schooling, male (years)", "year": "2021", "value": "11.05574989"}, {"country": "MHL - Marshall Islands", "index": "GII - Gender Inequality Index", "indicator": "pr_f - Share of seats in parliament, female (% held by women)", "year": "2000", "value": "3.03030303"}, {"country": "MHL - Marshall Islands", "index": "GII - Gender Inequality Index", "indicator": "pr_f - Share of seats in parliament, female (% held by women)", "year": "2001", "value": "3.03030303"}, {"country": "MHL - Marshall Islands", "index": "GII - Gender Inequality Index", "indicator": "pr_f - Share of seats in parliament, female (% held by women)", "year": "2002", "value": "3.03030303"}, {"country": "MHL - Marshall Islands", "index": "GII - Gender Inequality Index", "indicator": "pr_f - Share of seats in parliament, female (% held by women)", "year": "2003", "value": "3.03030303"}, {"country": "MHL - Marshall Islands", "index": "GII - Gender Inequality Index", "indicator": "pr_f - Share of seats in parliament, female (% held by women)", "year": "2004", "value": "3.03030303"}, {"country": "MHL - Marshall Islands", "index": "GII - Gender Inequality Index", "indicator": "pr_f - Share of seats in parliament, female (% held by women)", "year": "2005", "value": "3.03030303"}, {"country": "MHL - Marshall Islands", "index": "GII - Gender Inequality Index", "indicator": "pr_f - Share of seats in parliament, female (% held by women)", "year": "2006", "value": "3.03030303"}, {"country": "MHL - Marshall Islands", "index": "GII - Gender Inequality Index", "indicator": "pr_f - Share of seats in parliament, female (% held by women)", "year": "2007", "value": "3.03030303"}, {"country": "MHL - Marshall Islands", "index": "GII - Gender Inequality Index", "indicator": "pr_f - Share of seats in parliament, female (% held by women)", "year": "2008", "value": "3.03030303"}, {"country": "MHL - Marshall Islands", "index": "GII - Gender Inequality Index", "indicator": "pr_f - Share of seats in parliament, female (% held by women)", "year": "2009", "value": "3.03030303"}, {"country": "MHL - Marshall Islands", "index": "GII - Gender Inequality Index", "indicator": "pr_f - Share of seats in parliament, female (% held by women)", "year": "2010", "value": "3.03030303"}, {"country": "MHL - Marshall Islands", "index": "GII - Gender Inequality Index", "indicator": "pr_f - Share of seats in parliament, female (% held by women)", "year": "2011", "value": "3.03030303"}, {"country": "MHL - Marshall Islands", "index": "GII - Gender Inequality Index", "indicator": "pr_f - Share of seats in parliament, female (% held by women)", "year": "2012", "value": "3.03030303"}, {"country": "MHL - Marshall Islands", "index": "GII - Gender Inequality Index", "indicator": "pr_f - Share of seats in parliament, female (% held by women)", "year": "2013", "value": "3.03030303"}, {"country": "MHL - Marshall Islands", "index": "GII - Gender Inequality Index", "indicator": "pr_f - Share of seats in parliament, female (% held by women)", "year": "2014", "value": "3.03030303"}, {"country": "MHL - Marshall Islands", "index": "GII - Gender Inequality Index", "indicator": "pr_f - Share of seats in parliament, female (% held by women)", "year": "2015", "value": "9.090909091"}, {"country": "MHL - Marshall Islands", "index": "GII - Gender Inequality Index", "indicator": "pr_f - Share of seats in parliament, female (% held by women)", "year": "2016", "value": "9.090909091"}, {"country": "MHL - Marshall Islands", "index": "GII - Gender Inequality Index", "indicator": "pr_f - Share of seats in parliament, female (% held by women)", "year": "2017", "value": "9.090909091"}, {"country": "MHL - Marshall Islands", "index": "GII - Gender Inequality Index", "indicator": "pr_f - Share of seats in parliament, female (% held by women)", "year": "2018", "value": "9.090909091"}, {"country": "MHL - Marshall Islands", "index": "GII - Gender Inequality Index", "indicator": "pr_f - Share of seats in parliament, female (% held by women)", "year": "2019", "value": "6.060606061"}, {"country": "MHL - Marshall Islands", "index": "GII - Gender Inequality Index", "indicator": "pr_f - Share of seats in parliament, female (% held by women)", "year": "2020", "value": "6.060606061"}, {"country": "MHL - Marshall Islands", "index": "GII - Gender Inequality Index", "indicator": "pr_f - Share of seats in parliament, female (% held by women)", "year": "2021", "value": "6.060606061"}, {"country": "MHL - Marshall Islands", "index": "GII - Gender Inequality Index", "indicator": "pr_m - Share of seats in parliament, male (% held by men)", "year": "2000", "value": "96.96969697"}, {"country": "MHL - Marshall Islands", "index": "GII - Gender Inequality Index", "indicator": "pr_m - Share of seats in parliament, male (% held by men)", "year": "2001", "value": "96.96969697"}, {"country": "MHL - Marshall Islands", "index": "GII - Gender Inequality Index", "indicator": "pr_m - Share of seats in parliament, male (% held by men)", "year": "2002", "value": "96.96969697"}, {"country": "MHL - Marshall Islands", "index": "GII - Gender Inequality Index", "indicator": "pr_m - Share of seats in parliament, male (% held by men)", "year": "2003", "value": "96.96969697"}, {"country": "MHL - Marshall Islands", "index": "GII - Gender Inequality Index", "indicator": "pr_m - Share of seats in parliament, male (% held by men)", "year": "2004", "value": "96.96969697"}, {"country": "MHL - Marshall Islands", "index": "GII - Gender Inequality Index", "indicator": "pr_m - Share of seats in parliament, male (% held by men)", "year": "2005", "value": "96.96969697"}, {"country": "MHL - Marshall Islands", "index": "GII - Gender Inequality Index", "indicator": "pr_m - Share of seats in parliament, male (% held by men)", "year": "2006", "value": "96.96969697"}, {"country": "MHL - Marshall Islands", "index": "GII - Gender Inequality Index", "indicator": "pr_m - Share of seats in parliament, male (% held by men)", "year": "2007", "value": "96.96969697"}, {"country": "MHL - Marshall Islands", "index": "GII - Gender Inequality Index", "indicator": "pr_m - Share of seats in parliament, male (% held by men)", "year": "2008", "value": "96.96969697"}, {"country": "MHL - Marshall Islands", "index": "GII - Gender Inequality Index", "indicator": "pr_m - Share of seats in parliament, male (% held by men)", "year": "2009", "value": "96.96969697"}, {"country": "MHL - Marshall Islands", "index": "GII - Gender Inequality Index", "indicator": "pr_m - Share of seats in parliament, male (% held by men)", "year": "2010", "value": "96.96969697"}, {"country": "MHL - Marshall Islands", "index": "GII - Gender Inequality Index", "indicator": "pr_m - Share of seats in parliament, male (% held by men)", "year": "2011", "value": "96.96969697"}, {"country": "MHL - Marshall Islands", "index": "GII - Gender Inequality Index", "indicator": "pr_m - Share of seats in parliament, male (% held by men)", "year": "2012", "value": "96.96969697"}, {"country": "MHL - Marshall Islands", "index": "GII - Gender Inequality Index", "indicator": "pr_m - Share of seats in parliament, male (% held by men)", "year": "2013", "value": "96.96969697"}, {"country": "MHL - Marshall Islands", "index": "GII - Gender Inequality Index", "indicator": "pr_m - Share of seats in parliament, male (% held by men)", "year": "2014", "value": "96.96969697"}, {"country": "MHL - Marshall Islands", "index": "GII - Gender Inequality Index", "indicator": "pr_m - Share of seats in parliament, male (% held by men)", "year": "2015", "value": "90.90909091"}, {"country": "MHL - Marshall Islands", "index": "GII - Gender Inequality Index", "indicator": "pr_m - Share of seats in parliament, male (% held by men)", "year": "2016", "value": "90.90909091"}, {"country": "MHL - Marshall Islands", "index": "GII - Gender Inequality Index", "indicator": "pr_m - Share of seats in parliament, male (% held by men)", "year": "2017", "value": "90.90909091"}, {"country": "MHL - Marshall Islands", "index": "GII - Gender Inequality Index", "indicator": "pr_m - Share of seats in parliament, male (% held by men)", "year": "2018", "value": "90.90909091"}, {"country": "MHL - Marshall Islands", "index": "GII - Gender Inequality Index", "indicator": "pr_m - Share of seats in parliament, male (% held by men)", "year": "2019", "value": "93.93939394"}, {"country": "MHL - Marshall Islands", "index": "GII - Gender Inequality Index", "indicator": "pr_m - Share of seats in parliament, male (% held by men)", "year": "2020", "value": "93.93939394"}, {"country": "MHL - Marshall Islands", "index": "GII - Gender Inequality Index", "indicator": "pr_m - Share of seats in parliament, male (% held by men)", "year": "2021", "value": "93.93939394"}, {"country": "MHL - Marshall Islands", "index": "GII - Gender Inequality Index", "indicator": "se_f - Population with at least some secondary education, female (% ages 25 and older)", "year": "2011", "value": "91.6442337"}, {"country": "MHL - Marshall Islands", "index": "GII - Gender Inequality Index", "indicator": "se_f - Population with at least some secondary education, female (% ages 25 and older)", "year": "2012", "value": "91.6442337"}, {"country": "MHL - Marshall Islands", "index": "GII - Gender Inequality Index", "indicator": "se_f - Population with at least some secondary education, female (% ages 25 and older)", "year": "2013", "value": "91.6442337"}, {"country": "MHL - Marshall Islands", "index": "GII - Gender Inequality Index", "indicator": "se_f - Population with at least some secondary education, female (% ages 25 and older)", "year": "2014", "value": "91.6442337"}, {"country": "MHL - Marshall Islands", "index": "GII - Gender Inequality Index", "indicator": "se_f - Population with at least some secondary education, female (% ages 25 and older)", "year": "2015", "value": "91.6442337"}, {"country": "MHL - Marshall Islands", "index": "GII - Gender Inequality Index", "indicator": "se_f - Population with at least some secondary education, female (% ages 25 and older)", "year": "2016", "value": "91.6442337"}, {"country": "MHL - Marshall Islands", "index": "GII - Gender Inequality Index", "indicator": "se_f - Population with at least some secondary education, female (% ages 25 and older)", "year": "2017", "value": "91.6442337"}, {"country": "MHL - Marshall Islands", "index": "GII - Gender Inequality Index", "indicator": "se_f - Population with at least some secondary education, female (% ages 25 and older)", "year": "2018", "value": "91.6442337"}, {"country": "MHL - Marshall Islands", "index": "GII - Gender Inequality Index", "indicator": "se_f - Population with at least some secondary education, female (% ages 25 and older)", "year": "2019", "value": "91.6442337"}, {"country": "MHL - Marshall Islands", "index": "GII - Gender Inequality Index", "indicator": "se_f - Population with at least some secondary education, female (% ages 25 and older)", "year": "2020", "value": "91.6442337"}, {"country": "MHL - Marshall Islands", "index": "GII - Gender Inequality Index", "indicator": "se_f - Population with at least some secondary education, female (% ages 25 and older)", "year": "2021", "value": "91.6442337"}, {"country": "MHL - Marshall Islands", "index": "GII - Gender Inequality Index", "indicator": "se_m - Population with at least some secondary education, male (% ages 25 and older)", "year": "2011", "value": "92.46858215"}, {"country": "MHL - Marshall Islands", "index": "GII - Gender Inequality Index", "indicator": "se_m - Population with at least some secondary education, male (% ages 25 and older)", "year": "2012", "value": "92.46858215"}, {"country": "MHL - Marshall Islands", "index": "GII - Gender Inequality Index", "indicator": "se_m - Population with at least some secondary education, male (% ages 25 and older)", "year": "2013", "value": "92.46858215"}, {"country": "MHL - Marshall Islands", "index": "GII - Gender Inequality Index", "indicator": "se_m - Population with at least some secondary education, male (% ages 25 and older)", "year": "2014", "value": "92.46858215"}, {"country": "MHL - Marshall Islands", "index": "GII - Gender Inequality Index", "indicator": "se_m - Population with at least some secondary education, male (% ages 25 and older)", "year": "2015", "value": "92.46858215"}, {"country": "MHL - Marshall Islands", "index": "GII - Gender Inequality Index", "indicator": "se_m - Population with at least some secondary education, male (% ages 25 and older)", "year": "2016", "value": "92.46858215"}, {"country": "MHL - Marshall Islands", "index": "GII - Gender Inequality Index", "indicator": "se_m - Population with at least some secondary education, male (% ages 25 and older)", "year": "2017", "value": "92.46858215"}, {"country": "MHL - Marshall Islands", "index": "GII - Gender Inequality Index", "indicator": "se_m - Population with at least some secondary education, male (% ages 25 and older)", "year": "2018", "value": "92.46858215"}, {"country": "MHL - Marshall Islands", "index": "GII - Gender Inequality Index", "indicator": "se_m - Population with at least some secondary education, male (% ages 25 and older)", "year": "2019", "value": "92.46858215"}, {"country": "MHL - Marshall Islands", "index": "GII - Gender Inequality Index", "indicator": "se_m - Population with at least some secondary education, male (% ages 25 and older)", "year": "2020", "value": "92.46858215"}, {"country": "MHL - Marshall Islands", "index": "GII - Gender Inequality Index", "indicator": "se_m - Population with at least some secondary education, male (% ages 25 and older)", "year": "2021", "value": "92.46858215"}]