[{"country": "KNA - Saint Kitts and Nevis", "index": "GII - Gender Inequality Index", "indicator": "abr - Adolescent Birth Rate (births per 1,000 women ages 15-19)", "year": "1990", "value": "80.441"}, {"country": "KNA - Saint Kitts and Nevis", "index": "GII - Gender Inequality Index", "indicator": "abr - Adolescent Birth Rate (births per 1,000 women ages 15-19)", "year": "1991", "value": "75.844"}, {"country": "KNA - Saint Kitts and Nevis", "index": "GII - Gender Inequality Index", "indicator": "abr - Adolescent Birth Rate (births per 1,000 women ages 15-19)", "year": "1992", "value": "70.744"}, {"country": "KNA - Saint Kitts and Nevis", "index": "GII - Gender Inequality Index", "indicator": "abr - Adolescent Birth Rate (births per 1,000 women ages 15-19)", "year": "1993", "value": "69.943"}, {"country": "KNA - Saint Kitts and Nevis", "index": "GII - Gender Inequality Index", "indicator": "abr - Adolescent Birth Rate (births per 1,000 women ages 15-19)", "year": "1994", "value": "67.982"}, {"country": "KNA - Saint Kitts and Nevis", "index": "GII - Gender Inequality Index", "indicator": "abr - Adolescent Birth Rate (births per 1,000 women ages 15-19)", "year": "1995", "value": "68.964"}, {"country": "KNA - Saint Kitts and Nevis", "index": "GII - Gender Inequality Index", "indicator": "abr - Adolescent Birth Rate (births per 1,000 women ages 15-19)", "year": "1996", "value": "67.828"}, {"country": "KNA - Saint Kitts and Nevis", "index": "GII - Gender Inequality Index", "indicator": "abr - Adolescent Birth Rate (births per 1,000 women ages 15-19)", "year": "1997", "value": "69.993"}, {"country": "KNA - Saint Kitts and Nevis", "index": "GII - Gender Inequality Index", "indicator": "abr - Adolescent Birth Rate (births per 1,000 women ages 15-19)", "year": "1998", "value": "71.388"}, {"country": "KNA - Saint Kitts and Nevis", "index": "GII - Gender Inequality Index", "indicator": "abr - Adolescent Birth Rate (births per 1,000 women ages 15-19)", "year": "1999", "value": "72.675"}, {"country": "KNA - Saint Kitts and Nevis", "index": "GII - Gender Inequality Index", "indicator": "abr - Adolescent Birth Rate (births per 1,000 women ages 15-19)", "year": "2000", "value": "71.544"}, {"country": "KNA - Saint Kitts and Nevis", "index": "GII - Gender Inequality Index", "indicator": "abr - Adolescent Birth Rate (births per 1,000 women ages 15-19)", "year": "2001", "value": "67.656"}, {"country": "KNA - Saint Kitts and Nevis", "index": "GII - Gender Inequality Index", "indicator": "abr - Adolescent Birth Rate (births per 1,000 women ages 15-19)", "year": "2002", "value": "63.815"}, {"country": "KNA - Saint Kitts and Nevis", "index": "GII - Gender Inequality Index", "indicator": "abr - Adolescent Birth Rate (births per 1,000 women ages 15-19)", "year": "2003", "value": "60.864"}, {"country": "KNA - Saint Kitts and Nevis", "index": "GII - Gender Inequality Index", "indicator": "abr - Adolescent Birth Rate (births per 1,000 women ages 15-19)", "year": "2004", "value": "58.225"}, {"country": "KNA - Saint Kitts and Nevis", "index": "GII - Gender Inequality Index", "indicator": "abr - Adolescent Birth Rate (births per 1,000 women ages 15-19)", "year": "2005", "value": "55.716"}, {"country": "KNA - Saint Kitts and Nevis", "index": "GII - Gender Inequality Index", "indicator": "abr - Adolescent Birth Rate (births per 1,000 women ages 15-19)", "year": "2006", "value": "53.323"}, {"country": "KNA - Saint Kitts and Nevis", "index": "GII - Gender Inequality Index", "indicator": "abr - Adolescent Birth Rate (births per 1,000 women ages 15-19)", "year": "2007", "value": "50.696"}, {"country": "KNA - Saint Kitts and Nevis", "index": "GII - Gender Inequality Index", "indicator": "abr - Adolescent Birth Rate (births per 1,000 women ages 15-19)", "year": "2008", "value": "49.141"}, {"country": "KNA - Saint Kitts and Nevis", "index": "GII - Gender Inequality Index", "indicator": "abr - Adolescent Birth Rate (births per 1,000 women ages 15-19)", "year": "2009", "value": "47.745"}, {"country": "KNA - Saint Kitts and Nevis", "index": "GII - Gender Inequality Index", "indicator": "abr - Adolescent Birth Rate (births per 1,000 women ages 15-19)", "year": "2010", "value": "46.161"}, {"country": "KNA - Saint Kitts and Nevis", "index": "GII - Gender Inequality Index", "indicator": "abr - Adolescent Birth Rate (births per 1,000 women ages 15-19)", "year": "2011", "value": "45.142"}, {"country": "KNA - Saint Kitts and Nevis", "index": "GII - Gender Inequality Index", "indicator": "abr - Adolescent Birth Rate (births per 1,000 women ages 15-19)", "year": "2012", "value": "43.438"}, {"country": "KNA - Saint Kitts and Nevis", "index": "GII - Gender Inequality Index", "indicator": "abr - Adolescent Birth Rate (births per 1,000 women ages 15-19)", "year": "2013", "value": "42.27"}, {"country": "KNA - Saint Kitts and Nevis", "index": "GII - Gender Inequality Index", "indicator": "abr - Adolescent Birth Rate (births per 1,000 women ages 15-19)", "year": "2014", "value": "41.802"}, {"country": "KNA - Saint Kitts and Nevis", "index": "GII - Gender Inequality Index", "indicator": "abr - Adolescent Birth Rate (births per 1,000 women ages 15-19)", "year": "2015", "value": "41.586"}, {"country": "KNA - Saint Kitts and Nevis", "index": "GII - Gender Inequality Index", "indicator": "abr - Adolescent Birth Rate (births per 1,000 women ages 15-19)", "year": "2016", "value": "41.64"}, {"country": "KNA - Saint Kitts and Nevis", "index": "GII - Gender Inequality Index", "indicator": "abr - Adolescent Birth Rate (births per 1,000 women ages 15-19)", "year": "2017", "value": "41.163"}, {"country": "KNA - Saint Kitts and Nevis", "index": "GII - Gender Inequality Index", "indicator": "abr - Adolescent Birth Rate (births per 1,000 women ages 15-19)", "year": "2018", "value": "40.66"}, {"country": "KNA - Saint Kitts and Nevis", "index": "GII - Gender Inequality Index", "indicator": "abr - Adolescent Birth Rate (births per 1,000 women ages 15-19)", "year": "2019", "value": "40.289"}, {"country": "KNA - Saint Kitts and Nevis", "index": "GII - Gender Inequality Index", "indicator": "abr - Adolescent Birth Rate (births per 1,000 women ages 15-19)", "year": "2020", "value": "39.388"}, {"country": "KNA - Saint Kitts and Nevis", "index": "GII - Gender Inequality Index", "indicator": "abr - Adolescent Birth Rate (births per 1,000 women ages 15-19)", "year": "2021", "value": "38.154"}, {"country": "KNA - Saint Kitts and Nevis", "index": "PHDI - Planetary pressures\u2013adjusted Human Development Index", "indicator": "co2_prod - Carbon dioxide emissions per capita (production) (tonnes)", "year": "1990", "value": "2.639409821"}, {"country": "KNA - Saint Kitts and Nevis", "index": "PHDI - Planetary pressures\u2013adjusted Human Development Index", "indicator": "co2_prod - Carbon dioxide emissions per capita (production) (tonnes)", "year": "1991", "value": "2.631565913"}, {"country": "KNA - Saint Kitts and Nevis", "index": "PHDI - Planetary pressures\u2013adjusted Human Development Index", "indicator": "co2_prod - Carbon dioxide emissions per capita (production) (tonnes)", "year": "1992", "value": "2.700936187"}, {"country": "KNA - Saint Kitts and Nevis", "index": "PHDI - Planetary pressures\u2013adjusted Human Development Index", "indicator": "co2_prod - Carbon dioxide emissions per capita (production) (tonnes)", "year": "1993", "value": "2.761152303"}, {"country": "KNA - Saint Kitts and Nevis", "index": "PHDI - Planetary pressures\u2013adjusted Human Development Index", "indicator": "co2_prod - Carbon dioxide emissions per capita (production) (tonnes)", "year": "1994", "value": "2.905303121"}, {"country": "KNA - Saint Kitts and Nevis", "index": "PHDI - Planetary pressures\u2013adjusted Human Development Index", "indicator": "co2_prod - Carbon dioxide emissions per capita (production) (tonnes)", "year": "1995", "value": "3.047963113"}, {"country": "KNA - Saint Kitts and Nevis", "index": "PHDI - Planetary pressures\u2013adjusted Human Development Index", "indicator": "co2_prod - Carbon dioxide emissions per capita (production) (tonnes)", "year": "1996", "value": "3.105356092"}, {"country": "KNA - Saint Kitts and Nevis", "index": "PHDI - Planetary pressures\u2013adjusted Human Development Index", "indicator": "co2_prod - Carbon dioxide emissions per capita (production) (tonnes)", "year": "1997", "value": "3.334577869"}, {"country": "KNA - Saint Kitts and Nevis", "index": "PHDI - Planetary pressures\u2013adjusted Human Development Index", "indicator": "co2_prod - Carbon dioxide emissions per capita (production) (tonnes)", "year": "1998", "value": "3.475625275"}, {"country": "KNA - Saint Kitts and Nevis", "index": "PHDI - Planetary pressures\u2013adjusted Human Development Index", "indicator": "co2_prod - Carbon dioxide emissions per capita (production) (tonnes)", "year": "1999", "value": "3.696519466"}, {"country": "KNA - Saint Kitts and Nevis", "index": "PHDI - Planetary pressures\u2013adjusted Human Development Index", "indicator": "co2_prod - Carbon dioxide emissions per capita (production) (tonnes)", "year": "2000", "value": "3.907292281"}, {"country": "KNA - Saint Kitts and Nevis", "index": "PHDI - Planetary pressures\u2013adjusted Human Development Index", "indicator": "co2_prod - Carbon dioxide emissions per capita (production) (tonnes)", "year": "2001", "value": "3.943361959"}, {"country": "KNA - Saint Kitts and Nevis", "index": "PHDI - Planetary pressures\u2013adjusted Human Development Index", "indicator": "co2_prod - Carbon dioxide emissions per capita (production) (tonnes)", "year": "2002", "value": "4.380825861"}, {"country": "KNA - Saint Kitts and Nevis", "index": "PHDI - Planetary pressures\u2013adjusted Human Development Index", "indicator": "co2_prod - Carbon dioxide emissions per capita (production) (tonnes)", "year": "2003", "value": "4.325186902"}, {"country": "KNA - Saint Kitts and Nevis", "index": "PHDI - Planetary pressures\u2013adjusted Human Development Index", "indicator": "co2_prod - Carbon dioxide emissions per capita (production) (tonnes)", "year": "2004", "value": "4.587470857"}, {"country": "KNA - Saint Kitts and Nevis", "index": "PHDI - Planetary pressures\u2013adjusted Human Development Index", "indicator": "co2_prod - Carbon dioxide emissions per capita (production) (tonnes)", "year": "2005", "value": "4.222634825"}, {"country": "KNA - Saint Kitts and Nevis", "index": "PHDI - Planetary pressures\u2013adjusted Human Development Index", "indicator": "co2_prod - Carbon dioxide emissions per capita (production) (tonnes)", "year": "2006", "value": "4.256955153"}, {"country": "KNA - Saint Kitts and Nevis", "index": "PHDI - Planetary pressures\u2013adjusted Human Development Index", "indicator": "co2_prod - Carbon dioxide emissions per capita (production) (tonnes)", "year": "2007", "value": "4.524676629"}, {"country": "KNA - Saint Kitts and Nevis", "index": "PHDI - Planetary pressures\u2013adjusted Human Development Index", "indicator": "co2_prod - Carbon dioxide emissions per capita (production) (tonnes)", "year": "2008", "value": "4.486458441"}, {"country": "KNA - Saint Kitts and Nevis", "index": "PHDI - Planetary pressures\u2013adjusted Human Development Index", "indicator": "co2_prod - Carbon dioxide emissions per capita (production) (tonnes)", "year": "2009", "value": "4.598860059"}, {"country": "KNA - Saint Kitts and Nevis", "index": "PHDI - Planetary pressures\u2013adjusted Human Development Index", "indicator": "co2_prod - Carbon dioxide emissions per capita (production) (tonnes)", "year": "2010", "value": "4.485066101"}, {"country": "KNA - Saint Kitts and Nevis", "index": "PHDI - Planetary pressures\u2013adjusted Human Development Index", "indicator": "co2_prod - Carbon dioxide emissions per capita (production) (tonnes)", "year": "2011", "value": "4.668230631"}, {"country": "KNA - Saint Kitts and Nevis", "index": "PHDI - Planetary pressures\u2013adjusted Human Development Index", "indicator": "co2_prod - Carbon dioxide emissions per capita (production) (tonnes)", "year": "2012", "value": "4.406759276"}, {"country": "KNA - Saint Kitts and Nevis", "index": "PHDI - Planetary pressures\u2013adjusted Human Development Index", "indicator": "co2_prod - Carbon dioxide emissions per capita (production) (tonnes)", "year": "2013", "value": "4.440603207"}, {"country": "KNA - Saint Kitts and Nevis", "index": "PHDI - Planetary pressures\u2013adjusted Human Development Index", "indicator": "co2_prod - Carbon dioxide emissions per capita (production) (tonnes)", "year": "2014", "value": "4.546224446"}, {"country": "KNA - Saint Kitts and Nevis", "index": "PHDI - Planetary pressures\u2013adjusted Human Development Index", "indicator": "co2_prod - Carbon dioxide emissions per capita (production) (tonnes)", "year": "2015", "value": "4.579809777"}, {"country": "KNA - Saint Kitts and Nevis", "index": "PHDI - Planetary pressures\u2013adjusted Human Development Index", "indicator": "co2_prod - Carbon dioxide emissions per capita (production) (tonnes)", "year": "2016", "value": "4.613268765"}, {"country": "KNA - Saint Kitts and Nevis", "index": "PHDI - Planetary pressures\u2013adjusted Human Development Index", "indicator": "co2_prod - Carbon dioxide emissions per capita (production) (tonnes)", "year": "2017", "value": "4.646363724"}, {"country": "KNA - Saint Kitts and Nevis", "index": "PHDI - Planetary pressures\u2013adjusted Human Development Index", "indicator": "co2_prod - Carbon dioxide emissions per capita (production) (tonnes)", "year": "2018", "value": "4.681260846"}, {"country": "KNA - Saint Kitts and Nevis", "index": "PHDI - Planetary pressures\u2013adjusted Human Development Index", "indicator": "co2_prod - Carbon dioxide emissions per capita (production) (tonnes)", "year": "2019", "value": "4.536092233"}, {"country": "KNA - Saint Kitts and Nevis", "index": "PHDI - Planetary pressures\u2013adjusted Human Development Index", "indicator": "co2_prod - Carbon dioxide emissions per capita (production) (tonnes)", "year": "2020", "value": "3.985789207"}, {"country": "KNA - Saint Kitts and Nevis", "index": "PHDI - Planetary pressures\u2013adjusted Human Development Index", "indicator": "co2_prod - Carbon dioxide emissions per capita (production) (tonnes)", "year": "2021", "value": "3.985789207"}, {"country": "KNA - Saint Kitts and Nevis", "index": "HDI - Human Development Index", "indicator": "eys - Expected Years of Schooling (years)", "year": "1990", "value": "12.69515827"}, {"country": "KNA - Saint Kitts and Nevis", "index": "HDI - Human Development Index", "indicator": "eys - Expected Years of Schooling (years)", "year": "1991", "value": "12.89924386"}, {"country": "KNA - Saint Kitts and Nevis", "index": "HDI - Human Development Index", "indicator": "eys - Expected Years of Schooling (years)", "year": "1992", "value": "13.1066103"}, {"country": "KNA - Saint Kitts and Nevis", "index": "HDI - Human Development Index", "indicator": "eys - Expected Years of Schooling (years)", "year": "1993", "value": "13.31731033"}, {"country": "KNA - Saint Kitts and Nevis", "index": "HDI - Human Development Index", "indicator": "eys - Expected Years of Schooling (years)", "year": "1994", "value": "13.39694099"}, {"country": "KNA - Saint Kitts and Nevis", "index": "HDI - Human Development Index", "indicator": "eys - Expected Years of Schooling (years)", "year": "1995", "value": "13.47657166"}, {"country": "KNA - Saint Kitts and Nevis", "index": "HDI - Human Development Index", "indicator": "eys - Expected Years of Schooling (years)", "year": "1996", "value": "13.55620232"}, {"country": "KNA - Saint Kitts and Nevis", "index": "HDI - Human Development Index", "indicator": "eys - Expected Years of Schooling (years)", "year": "1997", "value": "13.63583298"}, {"country": "KNA - Saint Kitts and Nevis", "index": "HDI - Human Development Index", "indicator": "eys - Expected Years of Schooling (years)", "year": "1998", "value": "13.71546364"}, {"country": "KNA - Saint Kitts and Nevis", "index": "HDI - Human Development Index", "indicator": "eys - Expected Years of Schooling (years)", "year": "1999", "value": "13.7950943"}, {"country": "KNA - Saint Kitts and Nevis", "index": "HDI - Human Development Index", "indicator": "eys - Expected Years of Schooling (years)", "year": "2000", "value": "13.87472496"}, {"country": "KNA - Saint Kitts and Nevis", "index": "HDI - Human Development Index", "indicator": "eys - Expected Years of Schooling (years)", "year": "2001", "value": "13.95435562"}, {"country": "KNA - Saint Kitts and Nevis", "index": "HDI - Human Development Index", "indicator": "eys - Expected Years of Schooling (years)", "year": "2002", "value": "14.03398628"}, {"country": "KNA - Saint Kitts and Nevis", "index": "HDI - Human Development Index", "indicator": "eys - Expected Years of Schooling (years)", "year": "2003", "value": "14.11361694"}, {"country": "KNA - Saint Kitts and Nevis", "index": "HDI - Human Development Index", "indicator": "eys - Expected Years of Schooling (years)", "year": "2004", "value": "14.1932476"}, {"country": "KNA - Saint Kitts and Nevis", "index": "HDI - Human Development Index", "indicator": "eys - Expected Years of Schooling (years)", "year": "2005", "value": "14.27287827"}, {"country": "KNA - Saint Kitts and Nevis", "index": "HDI - Human Development Index", "indicator": "eys - Expected Years of Schooling (years)", "year": "2006", "value": "14.35250893"}, {"country": "KNA - Saint Kitts and Nevis", "index": "HDI - Human Development Index", "indicator": "eys - Expected Years of Schooling (years)", "year": "2007", "value": "14.43213959"}, {"country": "KNA - Saint Kitts and Nevis", "index": "HDI - Human Development Index", "indicator": "eys - Expected Years of Schooling (years)", "year": "2008", "value": "14.51177025"}, {"country": "KNA - Saint Kitts and Nevis", "index": "HDI - Human Development Index", "indicator": "eys - Expected Years of Schooling (years)", "year": "2009", "value": "14.59273877"}, {"country": "KNA - Saint Kitts and Nevis", "index": "HDI - Human Development Index", "indicator": "eys - Expected Years of Schooling (years)", "year": "2010", "value": "14.67415905"}, {"country": "KNA - Saint Kitts and Nevis", "index": "HDI - Human Development Index", "indicator": "eys - Expected Years of Schooling (years)", "year": "2011", "value": "14.75603362"}, {"country": "KNA - Saint Kitts and Nevis", "index": "HDI - Human Development Index", "indicator": "eys - Expected Years of Schooling (years)", "year": "2012", "value": "14.838365"}, {"country": "KNA - Saint Kitts and Nevis", "index": "HDI - Human Development Index", "indicator": "eys - Expected Years of Schooling (years)", "year": "2013", "value": "14.92115576"}, {"country": "KNA - Saint Kitts and Nevis", "index": "HDI - Human Development Index", "indicator": "eys - Expected Years of Schooling (years)", "year": "2014", "value": "15.00440845"}, {"country": "KNA - Saint Kitts and Nevis", "index": "HDI - Human Development Index", "indicator": "eys - Expected Years of Schooling (years)", "year": "2015", "value": "15.08812564"}, {"country": "KNA - Saint Kitts and Nevis", "index": "HDI - Human Development Index", "indicator": "eys - Expected Years of Schooling (years)", "year": "2016", "value": "15.17230994"}, {"country": "KNA - Saint Kitts and Nevis", "index": "HDI - Human Development Index", "indicator": "eys - Expected Years of Schooling (years)", "year": "2017", "value": "15.25696394"}, {"country": "KNA - Saint Kitts and Nevis", "index": "HDI - Human Development Index", "indicator": "eys - Expected Years of Schooling (years)", "year": "2018", "value": "15.34209028"}, {"country": "KNA - Saint Kitts and Nevis", "index": "HDI - Human Development Index", "indicator": "eys - Expected Years of Schooling (years)", "year": "2019", "value": "15.42769157"}, {"country": "KNA - Saint Kitts and Nevis", "index": "HDI - Human Development Index", "indicator": "eys - Expected Years of Schooling (years)", "year": "2020", "value": "15.42769157"}, {"country": "KNA - Saint Kitts and Nevis", "index": "HDI - Human Development Index", "indicator": "eys - Expected Years of Schooling (years)", "year": "2021", "value": "15.42769157"}, {"country": "KNA - Saint Kitts and Nevis", "index": "GDI - Gender Development Index", "indicator": "eys_f - Expected Years of Schooling, female (years)", "year": "1990", "value": "12.46782251"}, {"country": "KNA - Saint Kitts and Nevis", "index": "GDI - Gender Development Index", "indicator": "eys_f - Expected Years of Schooling, female (years)", "year": "1991", "value": "12.79644071"}, {"country": "KNA - Saint Kitts and Nevis", "index": "GDI - Gender Development Index", "indicator": "eys_f - Expected Years of Schooling, female (years)", "year": "1992", "value": "13.1337204"}, {"country": "KNA - Saint Kitts and Nevis", "index": "GDI - Gender Development Index", "indicator": "eys_f - Expected Years of Schooling, female (years)", "year": "1993", "value": "13.47988987"}, {"country": "KNA - Saint Kitts and Nevis", "index": "GDI - Gender Development Index", "indicator": "eys_f - Expected Years of Schooling, female (years)", "year": "1994", "value": "13.57446054"}, {"country": "KNA - Saint Kitts and Nevis", "index": "GDI - Gender Development Index", "indicator": "eys_f - Expected Years of Schooling, female (years)", "year": "1995", "value": "13.66903121"}, {"country": "KNA - Saint Kitts and Nevis", "index": "GDI - Gender Development Index", "indicator": "eys_f - Expected Years of Schooling, female (years)", "year": "1996", "value": "13.76360188"}, {"country": "KNA - Saint Kitts and Nevis", "index": "GDI - Gender Development Index", "indicator": "eys_f - Expected Years of Schooling, female (years)", "year": "1997", "value": "13.85817254"}, {"country": "KNA - Saint Kitts and Nevis", "index": "GDI - Gender Development Index", "indicator": "eys_f - Expected Years of Schooling, female (years)", "year": "1998", "value": "13.95274321"}, {"country": "KNA - Saint Kitts and Nevis", "index": "GDI - Gender Development Index", "indicator": "eys_f - Expected Years of Schooling, female (years)", "year": "1999", "value": "14.04731388"}, {"country": "KNA - Saint Kitts and Nevis", "index": "GDI - Gender Development Index", "indicator": "eys_f - Expected Years of Schooling, female (years)", "year": "2000", "value": "14.14188455"}, {"country": "KNA - Saint Kitts and Nevis", "index": "GDI - Gender Development Index", "indicator": "eys_f - Expected Years of Schooling, female (years)", "year": "2001", "value": "14.23645522"}, {"country": "KNA - Saint Kitts and Nevis", "index": "GDI - Gender Development Index", "indicator": "eys_f - Expected Years of Schooling, female (years)", "year": "2002", "value": "14.33102589"}, {"country": "KNA - Saint Kitts and Nevis", "index": "GDI - Gender Development Index", "indicator": "eys_f - Expected Years of Schooling, female (years)", "year": "2003", "value": "14.42559656"}, {"country": "KNA - Saint Kitts and Nevis", "index": "GDI - Gender Development Index", "indicator": "eys_f - Expected Years of Schooling, female (years)", "year": "2004", "value": "14.52016722"}, {"country": "KNA - Saint Kitts and Nevis", "index": "GDI - Gender Development Index", "indicator": "eys_f - Expected Years of Schooling, female (years)", "year": "2005", "value": "14.61473789"}, {"country": "KNA - Saint Kitts and Nevis", "index": "GDI - Gender Development Index", "indicator": "eys_f - Expected Years of Schooling, female (years)", "year": "2006", "value": "14.70930856"}, {"country": "KNA - Saint Kitts and Nevis", "index": "GDI - Gender Development Index", "indicator": "eys_f - Expected Years of Schooling, female (years)", "year": "2007", "value": "14.80387923"}, {"country": "KNA - Saint Kitts and Nevis", "index": "GDI - Gender Development Index", "indicator": "eys_f - Expected Years of Schooling, female (years)", "year": "2008", "value": "14.8984499"}, {"country": "KNA - Saint Kitts and Nevis", "index": "GDI - Gender Development Index", "indicator": "eys_f - Expected Years of Schooling, female (years)", "year": "2009", "value": "14.99486452"}, {"country": "KNA - Saint Kitts and Nevis", "index": "GDI - Gender Development Index", "indicator": "eys_f - Expected Years of Schooling, female (years)", "year": "2010", "value": "15.09190308"}, {"country": "KNA - Saint Kitts and Nevis", "index": "GDI - Gender Development Index", "indicator": "eys_f - Expected Years of Schooling, female (years)", "year": "2011", "value": "15.18956962"}, {"country": "KNA - Saint Kitts and Nevis", "index": "GDI - Gender Development Index", "indicator": "eys_f - Expected Years of Schooling, female (years)", "year": "2012", "value": "15.2878682"}, {"country": "KNA - Saint Kitts and Nevis", "index": "GDI - Gender Development Index", "indicator": "eys_f - Expected Years of Schooling, female (years)", "year": "2013", "value": "15.38680293"}, {"country": "KNA - Saint Kitts and Nevis", "index": "GDI - Gender Development Index", "indicator": "eys_f - Expected Years of Schooling, female (years)", "year": "2014", "value": "15.4863779"}, {"country": "KNA - Saint Kitts and Nevis", "index": "GDI - Gender Development Index", "indicator": "eys_f - Expected Years of Schooling, female (years)", "year": "2015", "value": "15.58659726"}, {"country": "KNA - Saint Kitts and Nevis", "index": "GDI - Gender Development Index", "indicator": "eys_f - Expected Years of Schooling, female (years)", "year": "2016", "value": "15.6874652"}, {"country": "KNA - Saint Kitts and Nevis", "index": "GDI - Gender Development Index", "indicator": "eys_f - Expected Years of Schooling, female (years)", "year": "2017", "value": "15.78898589"}, {"country": "KNA - Saint Kitts and Nevis", "index": "GDI - Gender Development Index", "indicator": "eys_f - Expected Years of Schooling, female (years)", "year": "2018", "value": "15.89116357"}, {"country": "KNA - Saint Kitts and Nevis", "index": "GDI - Gender Development Index", "indicator": "eys_f - Expected Years of Schooling, female (years)", "year": "2019", "value": "15.99400249"}, {"country": "KNA - Saint Kitts and Nevis", "index": "GDI - Gender Development Index", "indicator": "eys_f - Expected Years of Schooling, female (years)", "year": "2020", "value": "15.99400249"}, {"country": "KNA - Saint Kitts and Nevis", "index": "GDI - Gender Development Index", "indicator": "eys_f - Expected Years of Schooling, female (years)", "year": "2021", "value": "15.99400249"}, {"country": "KNA - Saint Kitts and Nevis", "index": "GDI - Gender Development Index", "indicator": "eys_m - Expected Years of Schooling, male (years)", "year": "1990", "value": "12.92568753"}, {"country": "KNA - Saint Kitts and Nevis", "index": "GDI - Gender Development Index", "indicator": "eys_m - Expected Years of Schooling, male (years)", "year": "1991", "value": "13.00231665"}, {"country": "KNA - Saint Kitts and Nevis", "index": "GDI - Gender Development Index", "indicator": "eys_m - Expected Years of Schooling, male (years)", "year": "1992", "value": "13.07940006"}, {"country": "KNA - Saint Kitts and Nevis", "index": "GDI - Gender Development Index", "indicator": "eys_m - Expected Years of Schooling, male (years)", "year": "1993", "value": "13.15694046"}, {"country": "KNA - Saint Kitts and Nevis", "index": "GDI - Gender Development Index", "indicator": "eys_m - Expected Years of Schooling, male (years)", "year": "1994", "value": "13.22359441"}, {"country": "KNA - Saint Kitts and Nevis", "index": "GDI - Gender Development Index", "indicator": "eys_m - Expected Years of Schooling, male (years)", "year": "1995", "value": "13.29024836"}, {"country": "KNA - Saint Kitts and Nevis", "index": "GDI - Gender Development Index", "indicator": "eys_m - Expected Years of Schooling, male (years)", "year": "1996", "value": "13.35690231"}, {"country": "KNA - Saint Kitts and Nevis", "index": "GDI - Gender Development Index", "indicator": "eys_m - Expected Years of Schooling, male (years)", "year": "1997", "value": "13.42355626"}, {"country": "KNA - Saint Kitts and Nevis", "index": "GDI - Gender Development Index", "indicator": "eys_m - Expected Years of Schooling, male (years)", "year": "1998", "value": "13.49021022"}, {"country": "KNA - Saint Kitts and Nevis", "index": "GDI - Gender Development Index", "indicator": "eys_m - Expected Years of Schooling, male (years)", "year": "1999", "value": "13.55686417"}, {"country": "KNA - Saint Kitts and Nevis", "index": "GDI - Gender Development Index", "indicator": "eys_m - Expected Years of Schooling, male (years)", "year": "2000", "value": "13.62351812"}, {"country": "KNA - Saint Kitts and Nevis", "index": "GDI - Gender Development Index", "indicator": "eys_m - Expected Years of Schooling, male (years)", "year": "2001", "value": "13.69017207"}, {"country": "KNA - Saint Kitts and Nevis", "index": "GDI - Gender Development Index", "indicator": "eys_m - Expected Years of Schooling, male (years)", "year": "2002", "value": "13.75682602"}, {"country": "KNA - Saint Kitts and Nevis", "index": "GDI - Gender Development Index", "indicator": "eys_m - Expected Years of Schooling, male (years)", "year": "2003", "value": "13.82347997"}, {"country": "KNA - Saint Kitts and Nevis", "index": "GDI - Gender Development Index", "indicator": "eys_m - Expected Years of Schooling, male (years)", "year": "2004", "value": "13.89013392"}, {"country": "KNA - Saint Kitts and Nevis", "index": "GDI - Gender Development Index", "indicator": "eys_m - Expected Years of Schooling, male (years)", "year": "2005", "value": "13.95678787"}, {"country": "KNA - Saint Kitts and Nevis", "index": "GDI - Gender Development Index", "indicator": "eys_m - Expected Years of Schooling, male (years)", "year": "2006", "value": "14.02344182"}, {"country": "KNA - Saint Kitts and Nevis", "index": "GDI - Gender Development Index", "indicator": "eys_m - Expected Years of Schooling, male (years)", "year": "2007", "value": "14.09009577"}, {"country": "KNA - Saint Kitts and Nevis", "index": "GDI - Gender Development Index", "indicator": "eys_m - Expected Years of Schooling, male (years)", "year": "2008", "value": "14.15674973"}, {"country": "KNA - Saint Kitts and Nevis", "index": "GDI - Gender Development Index", "indicator": "eys_m - Expected Years of Schooling, male (years)", "year": "2009", "value": "14.22436173"}, {"country": "KNA - Saint Kitts and Nevis", "index": "GDI - Gender Development Index", "indicator": "eys_m - Expected Years of Schooling, male (years)", "year": "2010", "value": "14.29229664"}, {"country": "KNA - Saint Kitts and Nevis", "index": "GDI - Gender Development Index", "indicator": "eys_m - Expected Years of Schooling, male (years)", "year": "2011", "value": "14.360556"}, {"country": "KNA - Saint Kitts and Nevis", "index": "GDI - Gender Development Index", "indicator": "eys_m - Expected Years of Schooling, male (years)", "year": "2012", "value": "14.42914137"}, {"country": "KNA - Saint Kitts and Nevis", "index": "GDI - Gender Development Index", "indicator": "eys_m - Expected Years of Schooling, male (years)", "year": "2013", "value": "14.49805431"}, {"country": "KNA - Saint Kitts and Nevis", "index": "GDI - Gender Development Index", "indicator": "eys_m - Expected Years of Schooling, male (years)", "year": "2014", "value": "14.56729636"}, {"country": "KNA - Saint Kitts and Nevis", "index": "GDI - Gender Development Index", "indicator": "eys_m - Expected Years of Schooling, male (years)", "year": "2015", "value": "14.63686911"}, {"country": "KNA - Saint Kitts and Nevis", "index": "GDI - Gender Development Index", "indicator": "eys_m - Expected Years of Schooling, male (years)", "year": "2016", "value": "14.70677414"}, {"country": "KNA - Saint Kitts and Nevis", "index": "GDI - Gender Development Index", "indicator": "eys_m - Expected Years of Schooling, male (years)", "year": "2017", "value": "14.77701304"}, {"country": "KNA - Saint Kitts and Nevis", "index": "GDI - Gender Development Index", "indicator": "eys_m - Expected Years of Schooling, male (years)", "year": "2018", "value": "14.84758739"}, {"country": "KNA - Saint Kitts and Nevis", "index": "GDI - Gender Development Index", "indicator": "eys_m - Expected Years of Schooling, male (years)", "year": "2019", "value": "14.9184988"}, {"country": "KNA - Saint Kitts and Nevis", "index": "GDI - Gender Development Index", "indicator": "eys_m - Expected Years of Schooling, male (years)", "year": "2020", "value": "14.9184988"}, {"country": "KNA - Saint Kitts and Nevis", "index": "GDI - Gender Development Index", "indicator": "eys_m - Expected Years of Schooling, male (years)", "year": "2021", "value": "14.9184988"}, {"country": "KNA - Saint Kitts and Nevis", "index": "HDI - Human Development Index", "indicator": "gnipc - Gross National Income Per Capita (2017 PPP$)", "year": "1990", "value": "16158.29547"}, {"country": "KNA - Saint Kitts and Nevis", "index": "HDI - Human Development Index", "indicator": "gnipc - Gross National Income Per Capita (2017 PPP$)", "year": "1991", "value": "15573.09808"}, {"country": "KNA - Saint Kitts and Nevis", "index": "HDI - Human Development Index", "indicator": "gnipc - Gross National Income Per Capita (2017 PPP$)", "year": "1992", "value": "15870.94859"}, {"country": "KNA - Saint Kitts and Nevis", "index": "HDI - Human Development Index", "indicator": "gnipc - Gross National Income Per Capita (2017 PPP$)", "year": "1993", "value": "16711.09332"}, {"country": "KNA - Saint Kitts and Nevis", "index": "HDI - Human Development Index", "indicator": "gnipc - Gross National Income Per Capita (2017 PPP$)", "year": "1994", "value": "17415.83068"}, {"country": "KNA - Saint Kitts and Nevis", "index": "HDI - Human Development Index", "indicator": "gnipc - Gross National Income Per Capita (2017 PPP$)", "year": "1995", "value": "18371.41129"}, {"country": "KNA - Saint Kitts and Nevis", "index": "HDI - Human Development Index", "indicator": "gnipc - Gross National Income Per Capita (2017 PPP$)", "year": "1996", "value": "18939.01031"}, {"country": "KNA - Saint Kitts and Nevis", "index": "HDI - Human Development Index", "indicator": "gnipc - Gross National Income Per Capita (2017 PPP$)", "year": "1997", "value": "19892.8389"}, {"country": "KNA - Saint Kitts and Nevis", "index": "HDI - Human Development Index", "indicator": "gnipc - Gross National Income Per Capita (2017 PPP$)", "year": "1998", "value": "19242.33711"}, {"country": "KNA - Saint Kitts and Nevis", "index": "HDI - Human Development Index", "indicator": "gnipc - Gross National Income Per Capita (2017 PPP$)", "year": "1999", "value": "19595.6866"}, {"country": "KNA - Saint Kitts and Nevis", "index": "HDI - Human Development Index", "indicator": "gnipc - Gross National Income Per Capita (2017 PPP$)", "year": "2000", "value": "21382.2469"}, {"country": "KNA - Saint Kitts and Nevis", "index": "HDI - Human Development Index", "indicator": "gnipc - Gross National Income Per Capita (2017 PPP$)", "year": "2001", "value": "22135.55983"}, {"country": "KNA - Saint Kitts and Nevis", "index": "HDI - Human Development Index", "indicator": "gnipc - Gross National Income Per Capita (2017 PPP$)", "year": "2002", "value": "22072.57967"}, {"country": "KNA - Saint Kitts and Nevis", "index": "HDI - Human Development Index", "indicator": "gnipc - Gross National Income Per Capita (2017 PPP$)", "year": "2003", "value": "20648.14097"}, {"country": "KNA - Saint Kitts and Nevis", "index": "HDI - Human Development Index", "indicator": "gnipc - Gross National Income Per Capita (2017 PPP$)", "year": "2004", "value": "21564.12759"}, {"country": "KNA - Saint Kitts and Nevis", "index": "HDI - Human Development Index", "indicator": "gnipc - Gross National Income Per Capita (2017 PPP$)", "year": "2005", "value": "23569.26264"}, {"country": "KNA - Saint Kitts and Nevis", "index": "HDI - Human Development Index", "indicator": "gnipc - Gross National Income Per Capita (2017 PPP$)", "year": "2006", "value": "24421.80971"}, {"country": "KNA - Saint Kitts and Nevis", "index": "HDI - Human Development Index", "indicator": "gnipc - Gross National Income Per Capita (2017 PPP$)", "year": "2007", "value": "24469.21157"}, {"country": "KNA - Saint Kitts and Nevis", "index": "HDI - Human Development Index", "indicator": "gnipc - Gross National Income Per Capita (2017 PPP$)", "year": "2008", "value": "25740.42117"}, {"country": "KNA - Saint Kitts and Nevis", "index": "HDI - Human Development Index", "indicator": "gnipc - Gross National Income Per Capita (2017 PPP$)", "year": "2009", "value": "24470.42016"}, {"country": "KNA - Saint Kitts and Nevis", "index": "HDI - Human Development Index", "indicator": "gnipc - Gross National Income Per Capita (2017 PPP$)", "year": "2010", "value": "24254.5162"}, {"country": "KNA - Saint Kitts and Nevis", "index": "HDI - Human Development Index", "indicator": "gnipc - Gross National Income Per Capita (2017 PPP$)", "year": "2011", "value": "24533.43415"}, {"country": "KNA - Saint Kitts and Nevis", "index": "HDI - Human Development Index", "indicator": "gnipc - Gross National Income Per Capita (2017 PPP$)", "year": "2012", "value": "23949.32511"}, {"country": "KNA - Saint Kitts and Nevis", "index": "HDI - Human Development Index", "indicator": "gnipc - Gross National Income Per Capita (2017 PPP$)", "year": "2013", "value": "25112.64024"}, {"country": "KNA - Saint Kitts and Nevis", "index": "HDI - Human Development Index", "indicator": "gnipc - Gross National Income Per Capita (2017 PPP$)", "year": "2014", "value": "26349.63781"}, {"country": "KNA - Saint Kitts and Nevis", "index": "HDI - Human Development Index", "indicator": "gnipc - Gross National Income Per Capita (2017 PPP$)", "year": "2015", "value": "26383.79782"}, {"country": "KNA - Saint Kitts and Nevis", "index": "HDI - Human Development Index", "indicator": "gnipc - Gross National Income Per Capita (2017 PPP$)", "year": "2016", "value": "26913.35809"}, {"country": "KNA - Saint Kitts and Nevis", "index": "HDI - Human Development Index", "indicator": "gnipc - Gross National Income Per Capita (2017 PPP$)", "year": "2017", "value": "25739.42918"}, {"country": "KNA - Saint Kitts and Nevis", "index": "HDI - Human Development Index", "indicator": "gnipc - Gross National Income Per Capita (2017 PPP$)", "year": "2018", "value": "26371.81679"}, {"country": "KNA - Saint Kitts and Nevis", "index": "HDI - Human Development Index", "indicator": "gnipc - Gross National Income Per Capita (2017 PPP$)", "year": "2019", "value": "26727.53894"}, {"country": "KNA - Saint Kitts and Nevis", "index": "HDI - Human Development Index", "indicator": "gnipc - Gross National Income Per Capita (2017 PPP$)", "year": "2020", "value": "24474.88162"}, {"country": "KNA - Saint Kitts and Nevis", "index": "HDI - Human Development Index", "indicator": "gnipc - Gross National Income Per Capita (2017 PPP$)", "year": "2021", "value": "23358.33212"}, {"country": "KNA - Saint Kitts and Nevis", "index": "HDI - Human Development Index", "indicator": "hdi - Human Development Index (value)", "year": "2005", "value": "0.746"}, {"country": "KNA - Saint Kitts and Nevis", "index": "HDI - Human Development Index", "indicator": "hdi - Human Development Index (value)", "year": "2006", "value": "0.75"}, {"country": "KNA - Saint Kitts and Nevis", "index": "HDI - Human Development Index", "indicator": "hdi - Human Development Index (value)", "year": "2007", "value": "0.753"}, {"country": "KNA - Saint Kitts and Nevis", "index": "HDI - Human Development Index", "indicator": "hdi - Human Development Index (value)", "year": "2008", "value": "0.757"}, {"country": "KNA - Saint Kitts and Nevis", "index": "HDI - Human Development Index", "indicator": "hdi - Human Development Index (value)", "year": "2009", "value": "0.758"}, {"country": "KNA - Saint Kitts and Nevis", "index": "HDI - Human Development Index", "indicator": "hdi - Human Development Index (value)", "year": "2010", "value": "0.759"}, {"country": "KNA - Saint Kitts and Nevis", "index": "HDI - Human Development Index", "indicator": "hdi - Human Development Index (value)", "year": "2011", "value": "0.764"}, {"country": "KNA - Saint Kitts and Nevis", "index": "HDI - Human Development Index", "indicator": "hdi - Human Development Index (value)", "year": "2012", "value": "0.766"}, {"country": "KNA - Saint Kitts and Nevis", "index": "HDI - Human Development Index", "indicator": "hdi - Human Development Index (value)", "year": "2013", "value": "0.77"}, {"country": "KNA - Saint Kitts and Nevis", "index": "HDI - Human Development Index", "indicator": "hdi - Human Development Index (value)", "year": "2014", "value": "0.772"}, {"country": "KNA - Saint Kitts and Nevis", "index": "HDI - Human Development Index", "indicator": "hdi - Human Development Index (value)", "year": "2015", "value": "0.772"}, {"country": "KNA - Saint Kitts and Nevis", "index": "HDI - Human Development Index", "indicator": "hdi - Human Development Index (value)", "year": "2016", "value": "0.779"}, {"country": "KNA - Saint Kitts and Nevis", "index": "HDI - Human Development Index", "indicator": "hdi - Human Development Index (value)", "year": "2017", "value": "0.778"}, {"country": "KNA - Saint Kitts and Nevis", "index": "HDI - Human Development Index", "indicator": "hdi - Human Development Index (value)", "year": "2018", "value": "0.779"}, {"country": "KNA - Saint Kitts and Nevis", "index": "HDI - Human Development Index", "indicator": "hdi - Human Development Index (value)", "year": "2019", "value": "0.783"}, {"country": "KNA - Saint Kitts and Nevis", "index": "HDI - Human Development Index", "indicator": "hdi - Human Development Index (value)", "year": "2020", "value": "0.779"}, {"country": "KNA - Saint Kitts and Nevis", "index": "HDI - Human Development Index", "indicator": "hdi - Human Development Index (value)", "year": "2021", "value": "0.777"}, {"country": "KNA - Saint Kitts and Nevis", "index": "HDI - Human Development Index", "indicator": "hdi_rank - HDI Rank", "year": "2021", "value": "75"}, {"country": "KNA - Saint Kitts and Nevis", "index": "IHDI - Inequality-adjusted Human Development Index", "indicator": "ineq_le - Inequality in life expectancy", "year": "2010", "value": "10.15888977"}, {"country": "KNA - Saint Kitts and Nevis", "index": "IHDI - Inequality-adjusted Human Development Index", "indicator": "ineq_le - Inequality in life expectancy", "year": "2011", "value": "8.962422371"}, {"country": "KNA - Saint Kitts and Nevis", "index": "IHDI - Inequality-adjusted Human Development Index", "indicator": "ineq_le - Inequality in life expectancy", "year": "2012", "value": "8.457558632"}, {"country": "KNA - Saint Kitts and Nevis", "index": "IHDI - Inequality-adjusted Human Development Index", "indicator": "ineq_le - Inequality in life expectancy", "year": "2013", "value": "9.087021828"}, {"country": "KNA - Saint Kitts and Nevis", "index": "IHDI - Inequality-adjusted Human Development Index", "indicator": "ineq_le - Inequality in life expectancy", "year": "2014", "value": "10.35791492"}, {"country": "KNA - Saint Kitts and Nevis", "index": "IHDI - Inequality-adjusted Human Development Index", "indicator": "ineq_le - Inequality in life expectancy", "year": "2015", "value": "11.15679741"}, {"country": "KNA - Saint Kitts and Nevis", "index": "IHDI - Inequality-adjusted Human Development Index", "indicator": "ineq_le - Inequality in life expectancy", "year": "2016", "value": "7.617222786"}, {"country": "KNA - Saint Kitts and Nevis", "index": "IHDI - Inequality-adjusted Human Development Index", "indicator": "ineq_le - Inequality in life expectancy", "year": "2017", "value": "7.471830368"}, {"country": "KNA - Saint Kitts and Nevis", "index": "IHDI - Inequality-adjusted Human Development Index", "indicator": "ineq_le - Inequality in life expectancy", "year": "2018", "value": "8.310338974"}, {"country": "KNA - Saint Kitts and Nevis", "index": "IHDI - Inequality-adjusted Human Development Index", "indicator": "ineq_le - Inequality in life expectancy", "year": "2019", "value": "8.151934624"}, {"country": "KNA - Saint Kitts and Nevis", "index": "IHDI - Inequality-adjusted Human Development Index", "indicator": "ineq_le - Inequality in life expectancy", "year": "2020", "value": "8.054526329"}, {"country": "KNA - Saint Kitts and Nevis", "index": "IHDI - Inequality-adjusted Human Development Index", "indicator": "ineq_le - Inequality in life expectancy", "year": "2021", "value": "7.958518505"}, {"country": "KNA - Saint Kitts and Nevis", "index": "HDI - Human Development Index", "indicator": "le - Life Expectancy at Birth (years)", "year": "1990", "value": "65.1875"}, {"country": "KNA - Saint Kitts and Nevis", "index": "HDI - Human Development Index", "indicator": "le - Life Expectancy at Birth (years)", "year": "1991", "value": "66.1495"}, {"country": "KNA - Saint Kitts and Nevis", "index": "HDI - Human Development Index", "indicator": "le - Life Expectancy at Birth (years)", "year": "1992", "value": "66.9718"}, {"country": "KNA - Saint Kitts and Nevis", "index": "HDI - Human Development Index", "indicator": "le - Life Expectancy at Birth (years)", "year": "1993", "value": "67.5802"}, {"country": "KNA - Saint Kitts and Nevis", "index": "HDI - Human Development Index", "indicator": "le - Life Expectancy at Birth (years)", "year": "1994", "value": "67.2936"}, {"country": "KNA - Saint Kitts and Nevis", "index": "HDI - Human Development Index", "indicator": "le - Life Expectancy at Birth (years)", "year": "1995", "value": "67.1523"}, {"country": "KNA - Saint Kitts and Nevis", "index": "HDI - Human Development Index", "indicator": "le - Life Expectancy at Birth (years)", "year": "1996", "value": "67.3127"}, {"country": "KNA - Saint Kitts and Nevis", "index": "HDI - Human Development Index", "indicator": "le - Life Expectancy at Birth (years)", "year": "1997", "value": "67.8525"}, {"country": "KNA - Saint Kitts and Nevis", "index": "HDI - Human Development Index", "indicator": "le - Life Expectancy at Birth (years)", "year": "1998", "value": "67.6902"}, {"country": "KNA - Saint Kitts and Nevis", "index": "HDI - Human Development Index", "indicator": "le - Life Expectancy at Birth (years)", "year": "1999", "value": "68.7088"}, {"country": "KNA - Saint Kitts and Nevis", "index": "HDI - Human Development Index", "indicator": "le - Life Expectancy at Birth (years)", "year": "2000", "value": "69.7815"}, {"country": "KNA - Saint Kitts and Nevis", "index": "HDI - Human Development Index", "indicator": "le - Life Expectancy at Birth (years)", "year": "2001", "value": "70.1995"}, {"country": "KNA - Saint Kitts and Nevis", "index": "HDI - Human Development Index", "indicator": "le - Life Expectancy at Birth (years)", "year": "2002", "value": "70.4518"}, {"country": "KNA - Saint Kitts and Nevis", "index": "HDI - Human Development Index", "indicator": "le - Life Expectancy at Birth (years)", "year": "2003", "value": "70.7676"}, {"country": "KNA - Saint Kitts and Nevis", "index": "HDI - Human Development Index", "indicator": "le - Life Expectancy at Birth (years)", "year": "2004", "value": "71.303"}, {"country": "KNA - Saint Kitts and Nevis", "index": "HDI - Human Development Index", "indicator": "le - Life Expectancy at Birth (years)", "year": "2005", "value": "71.3616"}, {"country": "KNA - Saint Kitts and Nevis", "index": "HDI - Human Development Index", "indicator": "le - Life Expectancy at Birth (years)", "year": "2006", "value": "71.2885"}, {"country": "KNA - Saint Kitts and Nevis", "index": "HDI - Human Development Index", "indicator": "le - Life Expectancy at Birth (years)", "year": "2007", "value": "71.3668"}, {"country": "KNA - Saint Kitts and Nevis", "index": "HDI - Human Development Index", "indicator": "le - Life Expectancy at Birth (years)", "year": "2008", "value": "71.3738"}, {"country": "KNA - Saint Kitts and Nevis", "index": "HDI - Human Development Index", "indicator": "le - Life Expectancy at Birth (years)", "year": "2009", "value": "71.3927"}, {"country": "KNA - Saint Kitts and Nevis", "index": "HDI - Human Development Index", "indicator": "le - Life Expectancy at Birth (years)", "year": "2010", "value": "71.2705"}, {"country": "KNA - Saint Kitts and Nevis", "index": "HDI - Human Development Index", "indicator": "le - Life Expectancy at Birth (years)", "year": "2011", "value": "71.5378"}, {"country": "KNA - Saint Kitts and Nevis", "index": "HDI - Human Development Index", "indicator": "le - Life Expectancy at Birth (years)", "year": "2012", "value": "71.669"}, {"country": "KNA - Saint Kitts and Nevis", "index": "HDI - Human Development Index", "indicator": "le - Life Expectancy at Birth (years)", "year": "2013", "value": "71.457"}, {"country": "KNA - Saint Kitts and Nevis", "index": "HDI - Human Development Index", "indicator": "le - Life Expectancy at Birth (years)", "year": "2014", "value": "70.9659"}, {"country": "KNA - Saint Kitts and Nevis", "index": "HDI - Human Development Index", "indicator": "le - Life Expectancy at Birth (years)", "year": "2015", "value": "70.763"}, {"country": "KNA - Saint Kitts and Nevis", "index": "HDI - Human Development Index", "indicator": "le - Life Expectancy at Birth (years)", "year": "2016", "value": "71.7405"}, {"country": "KNA - Saint Kitts and Nevis", "index": "HDI - Human Development Index", "indicator": "le - Life Expectancy at Birth (years)", "year": "2017", "value": "71.8399"}, {"country": "KNA - Saint Kitts and Nevis", "index": "HDI - Human Development Index", "indicator": "le - Life Expectancy at Birth (years)", "year": "2018", "value": "71.4671"}, {"country": "KNA - Saint Kitts and Nevis", "index": "HDI - Human Development Index", "indicator": "le - Life Expectancy at Birth (years)", "year": "2019", "value": "71.5717"}, {"country": "KNA - Saint Kitts and Nevis", "index": "HDI - Human Development Index", "indicator": "le - Life Expectancy at Birth (years)", "year": "2020", "value": "71.6266"}, {"country": "KNA - Saint Kitts and Nevis", "index": "HDI - Human Development Index", "indicator": "le - Life Expectancy at Birth (years)", "year": "2021", "value": "71.6822"}, {"country": "KNA - Saint Kitts and Nevis", "index": "GDI - Gender Development Index", "indicator": "le_f - Life Expectancy at Birth, female (years)", "year": "1990", "value": "67.6097"}, {"country": "KNA - Saint Kitts and Nevis", "index": "GDI - Gender Development Index", "indicator": "le_f - Life Expectancy at Birth, female (years)", "year": "1991", "value": "68.6821"}, {"country": "KNA - Saint Kitts and Nevis", "index": "GDI - Gender Development Index", "indicator": "le_f - Life Expectancy at Birth, female (years)", "year": "1992", "value": "69.7396"}, {"country": "KNA - Saint Kitts and Nevis", "index": "GDI - Gender Development Index", "indicator": "le_f - Life Expectancy at Birth, female (years)", "year": "1993", "value": "70.2183"}, {"country": "KNA - Saint Kitts and Nevis", "index": "GDI - Gender Development Index", "indicator": "le_f - Life Expectancy at Birth, female (years)", "year": "1994", "value": "70.0554"}, {"country": "KNA - Saint Kitts and Nevis", "index": "GDI - Gender Development Index", "indicator": "le_f - Life Expectancy at Birth, female (years)", "year": "1995", "value": "70.0107"}, {"country": "KNA - Saint Kitts and Nevis", "index": "GDI - Gender Development Index", "indicator": "le_f - Life Expectancy at Birth, female (years)", "year": "1996", "value": "69.9959"}, {"country": "KNA - Saint Kitts and Nevis", "index": "GDI - Gender Development Index", "indicator": "le_f - Life Expectancy at Birth, female (years)", "year": "1997", "value": "70.5892"}, {"country": "KNA - Saint Kitts and Nevis", "index": "GDI - Gender Development Index", "indicator": "le_f - Life Expectancy at Birth, female (years)", "year": "1998", "value": "70.2264"}, {"country": "KNA - Saint Kitts and Nevis", "index": "GDI - Gender Development Index", "indicator": "le_f - Life Expectancy at Birth, female (years)", "year": "1999", "value": "71.0147"}, {"country": "KNA - Saint Kitts and Nevis", "index": "GDI - Gender Development Index", "indicator": "le_f - Life Expectancy at Birth, female (years)", "year": "2000", "value": "72.2904"}, {"country": "KNA - Saint Kitts and Nevis", "index": "GDI - Gender Development Index", "indicator": "le_f - Life Expectancy at Birth, female (years)", "year": "2001", "value": "72.8378"}, {"country": "KNA - Saint Kitts and Nevis", "index": "GDI - Gender Development Index", "indicator": "le_f - Life Expectancy at Birth, female (years)", "year": "2002", "value": "73.6723"}, {"country": "KNA - Saint Kitts and Nevis", "index": "GDI - Gender Development Index", "indicator": "le_f - Life Expectancy at Birth, female (years)", "year": "2003", "value": "74.4658"}, {"country": "KNA - Saint Kitts and Nevis", "index": "GDI - Gender Development Index", "indicator": "le_f - Life Expectancy at Birth, female (years)", "year": "2004", "value": "75.1957"}, {"country": "KNA - Saint Kitts and Nevis", "index": "GDI - Gender Development Index", "indicator": "le_f - Life Expectancy at Birth, female (years)", "year": "2005", "value": "74.6386"}, {"country": "KNA - Saint Kitts and Nevis", "index": "GDI - Gender Development Index", "indicator": "le_f - Life Expectancy at Birth, female (years)", "year": "2006", "value": "74.3173"}, {"country": "KNA - Saint Kitts and Nevis", "index": "GDI - Gender Development Index", "indicator": "le_f - Life Expectancy at Birth, female (years)", "year": "2007", "value": "74.6138"}, {"country": "KNA - Saint Kitts and Nevis", "index": "GDI - Gender Development Index", "indicator": "le_f - Life Expectancy at Birth, female (years)", "year": "2008", "value": "74.7684"}, {"country": "KNA - Saint Kitts and Nevis", "index": "GDI - Gender Development Index", "indicator": "le_f - Life Expectancy at Birth, female (years)", "year": "2009", "value": "74.9948"}, {"country": "KNA - Saint Kitts and Nevis", "index": "GDI - Gender Development Index", "indicator": "le_f - Life Expectancy at Birth, female (years)", "year": "2010", "value": "74.4338"}, {"country": "KNA - Saint Kitts and Nevis", "index": "GDI - Gender Development Index", "indicator": "le_f - Life Expectancy at Birth, female (years)", "year": "2011", "value": "74.6136"}, {"country": "KNA - Saint Kitts and Nevis", "index": "GDI - Gender Development Index", "indicator": "le_f - Life Expectancy at Birth, female (years)", "year": "2012", "value": "74.7947"}, {"country": "KNA - Saint Kitts and Nevis", "index": "GDI - Gender Development Index", "indicator": "le_f - Life Expectancy at Birth, female (years)", "year": "2013", "value": "75.196"}, {"country": "KNA - Saint Kitts and Nevis", "index": "GDI - Gender Development Index", "indicator": "le_f - Life Expectancy at Birth, female (years)", "year": "2014", "value": "74.9284"}, {"country": "KNA - Saint Kitts and Nevis", "index": "GDI - Gender Development Index", "indicator": "le_f - Life Expectancy at Birth, female (years)", "year": "2015", "value": "74.9211"}, {"country": "KNA - Saint Kitts and Nevis", "index": "GDI - Gender Development Index", "indicator": "le_f - Life Expectancy at Birth, female (years)", "year": "2016", "value": "75.941"}, {"country": "KNA - Saint Kitts and Nevis", "index": "GDI - Gender Development Index", "indicator": "le_f - Life Expectancy at Birth, female (years)", "year": "2017", "value": "75.9225"}, {"country": "KNA - Saint Kitts and Nevis", "index": "GDI - Gender Development Index", "indicator": "le_f - Life Expectancy at Birth, female (years)", "year": "2018", "value": "75.0846"}, {"country": "KNA - Saint Kitts and Nevis", "index": "GDI - Gender Development Index", "indicator": "le_f - Life Expectancy at Birth, female (years)", "year": "2019", "value": "75.195"}, {"country": "KNA - Saint Kitts and Nevis", "index": "GDI - Gender Development Index", "indicator": "le_f - Life Expectancy at Birth, female (years)", "year": "2020", "value": "75.2665"}, {"country": "KNA - Saint Kitts and Nevis", "index": "GDI - Gender Development Index", "indicator": "le_f - Life Expectancy at Birth, female (years)", "year": "2021", "value": "75.3413"}, {"country": "KNA - Saint Kitts and Nevis", "index": "GDI - Gender Development Index", "indicator": "le_m - Life Expectancy at Birth, male (years)", "year": "1990", "value": "62.7784"}, {"country": "KNA - Saint Kitts and Nevis", "index": "GDI - Gender Development Index", "indicator": "le_m - Life Expectancy at Birth, male (years)", "year": "1991", "value": "63.6563"}, {"country": "KNA - Saint Kitts and Nevis", "index": "GDI - Gender Development Index", "indicator": "le_m - Life Expectancy at Birth, male (years)", "year": "1992", "value": "64.2698"}, {"country": "KNA - Saint Kitts and Nevis", "index": "GDI - Gender Development Index", "indicator": "le_m - Life Expectancy at Birth, male (years)", "year": "1993", "value": "64.9834"}, {"country": "KNA - Saint Kitts and Nevis", "index": "GDI - Gender Development Index", "indicator": "le_m - Life Expectancy at Birth, male (years)", "year": "1994", "value": "64.6017"}, {"country": "KNA - Saint Kitts and Nevis", "index": "GDI - Gender Development Index", "indicator": "le_m - Life Expectancy at Birth, male (years)", "year": "1995", "value": "64.3909"}, {"country": "KNA - Saint Kitts and Nevis", "index": "GDI - Gender Development Index", "indicator": "le_m - Life Expectancy at Birth, male (years)", "year": "1996", "value": "64.704"}, {"country": "KNA - Saint Kitts and Nevis", "index": "GDI - Gender Development Index", "indicator": "le_m - Life Expectancy at Birth, male (years)", "year": "1997", "value": "65.1925"}, {"country": "KNA - Saint Kitts and Nevis", "index": "GDI - Gender Development Index", "indicator": "le_m - Life Expectancy at Birth, male (years)", "year": "1998", "value": "65.2165"}, {"country": "KNA - Saint Kitts and Nevis", "index": "GDI - Gender Development Index", "indicator": "le_m - Life Expectancy at Birth, male (years)", "year": "1999", "value": "66.4448"}, {"country": "KNA - Saint Kitts and Nevis", "index": "GDI - Gender Development Index", "indicator": "le_m - Life Expectancy at Birth, male (years)", "year": "2000", "value": "67.3484"}, {"country": "KNA - Saint Kitts and Nevis", "index": "GDI - Gender Development Index", "indicator": "le_m - Life Expectancy at Birth, male (years)", "year": "2001", "value": "67.673"}, {"country": "KNA - Saint Kitts and Nevis", "index": "GDI - Gender Development Index", "indicator": "le_m - Life Expectancy at Birth, male (years)", "year": "2002", "value": "67.4465"}, {"country": "KNA - Saint Kitts and Nevis", "index": "GDI - Gender Development Index", "indicator": "le_m - Life Expectancy at Birth, male (years)", "year": "2003", "value": "67.3776"}, {"country": "KNA - Saint Kitts and Nevis", "index": "GDI - Gender Development Index", "indicator": "le_m - Life Expectancy at Birth, male (years)", "year": "2004", "value": "67.7551"}, {"country": "KNA - Saint Kitts and Nevis", "index": "GDI - Gender Development Index", "indicator": "le_m - Life Expectancy at Birth, male (years)", "year": "2005", "value": "68.3095"}, {"country": "KNA - Saint Kitts and Nevis", "index": "GDI - Gender Development Index", "indicator": "le_m - Life Expectancy at Birth, male (years)", "year": "2006", "value": "68.4529"}, {"country": "KNA - Saint Kitts and Nevis", "index": "GDI - Gender Development Index", "indicator": "le_m - Life Expectancy at Birth, male (years)", "year": "2007", "value": "68.3654"}, {"country": "KNA - Saint Kitts and Nevis", "index": "GDI - Gender Development Index", "indicator": "le_m - Life Expectancy at Birth, male (years)", "year": "2008", "value": "68.265"}, {"country": "KNA - Saint Kitts and Nevis", "index": "GDI - Gender Development Index", "indicator": "le_m - Life Expectancy at Birth, male (years)", "year": "2009", "value": "68.1289"}, {"country": "KNA - Saint Kitts and Nevis", "index": "GDI - Gender Development Index", "indicator": "le_m - Life Expectancy at Birth, male (years)", "year": "2010", "value": "68.3765"}, {"country": "KNA - Saint Kitts and Nevis", "index": "GDI - Gender Development Index", "indicator": "le_m - Life Expectancy at Birth, male (years)", "year": "2011", "value": "68.7219"}, {"country": "KNA - Saint Kitts and Nevis", "index": "GDI - Gender Development Index", "indicator": "le_m - Life Expectancy at Birth, male (years)", "year": "2012", "value": "68.8121"}, {"country": "KNA - Saint Kitts and Nevis", "index": "GDI - Gender Development Index", "indicator": "le_m - Life Expectancy at Birth, male (years)", "year": "2013", "value": "68.1277"}, {"country": "KNA - Saint Kitts and Nevis", "index": "GDI - Gender Development Index", "indicator": "le_m - Life Expectancy at Birth, male (years)", "year": "2014", "value": "67.472"}, {"country": "KNA - Saint Kitts and Nevis", "index": "GDI - Gender Development Index", "indicator": "le_m - Life Expectancy at Birth, male (years)", "year": "2015", "value": "67.1142"}, {"country": "KNA - Saint Kitts and Nevis", "index": "GDI - Gender Development Index", "indicator": "le_m - Life Expectancy at Birth, male (years)", "year": "2016", "value": "68.0358"}, {"country": "KNA - Saint Kitts and Nevis", "index": "GDI - Gender Development Index", "indicator": "le_m - Life Expectancy at Birth, male (years)", "year": "2017", "value": "68.2118"}, {"country": "KNA - Saint Kitts and Nevis", "index": "GDI - Gender Development Index", "indicator": "le_m - Life Expectancy at Birth, male (years)", "year": "2018", "value": "68.2058"}, {"country": "KNA - Saint Kitts and Nevis", "index": "GDI - Gender Development Index", "indicator": "le_m - Life Expectancy at Birth, male (years)", "year": "2019", "value": "68.2944"}, {"country": "KNA - Saint Kitts and Nevis", "index": "GDI - Gender Development Index", "indicator": "le_m - Life Expectancy at Birth, male (years)", "year": "2020", "value": "68.3217"}, {"country": "KNA - Saint Kitts and Nevis", "index": "GDI - Gender Development Index", "indicator": "le_m - Life Expectancy at Birth, male (years)", "year": "2021", "value": "68.3456"}, {"country": "KNA - Saint Kitts and Nevis", "index": "HDI - Human Development Index", "indicator": "mys - Mean Years of Schooling (years)", "year": "2005", "value": "7.188100859"}, {"country": "KNA - Saint Kitts and Nevis", "index": "HDI - Human Development Index", "indicator": "mys - Mean Years of Schooling (years)", "year": "2006", "value": "7.31505829"}, {"country": "KNA - Saint Kitts and Nevis", "index": "HDI - Human Development Index", "indicator": "mys - Mean Years of Schooling (years)", "year": "2007", "value": "7.444258063"}, {"country": "KNA - Saint Kitts and Nevis", "index": "HDI - Human Development Index", "indicator": "mys - Mean Years of Schooling (years)", "year": "2008", "value": "7.575739785"}, {"country": "KNA - Saint Kitts and Nevis", "index": "HDI - Human Development Index", "indicator": "mys - Mean Years of Schooling (years)", "year": "2009", "value": "7.709543758"}, {"country": "KNA - Saint Kitts and Nevis", "index": "HDI - Human Development Index", "indicator": "mys - Mean Years of Schooling (years)", "year": "2010", "value": "7.845711"}, {"country": "KNA - Saint Kitts and Nevis", "index": "HDI - Human Development Index", "indicator": "mys - Mean Years of Schooling (years)", "year": "2011", "value": "7.98428325"}, {"country": "KNA - Saint Kitts and Nevis", "index": "HDI - Human Development Index", "indicator": "mys - Mean Years of Schooling (years)", "year": "2012", "value": "8.1228555"}, {"country": "KNA - Saint Kitts and Nevis", "index": "HDI - Human Development Index", "indicator": "mys - Mean Years of Schooling (years)", "year": "2013", "value": "8.26142775"}, {"country": "KNA - Saint Kitts and Nevis", "index": "HDI - Human Development Index", "indicator": "mys - Mean Years of Schooling (years)", "year": "2014", "value": "8.4"}, {"country": "KNA - Saint Kitts and Nevis", "index": "HDI - Human Development Index", "indicator": "mys - Mean Years of Schooling (years)", "year": "2015", "value": "8.4"}, {"country": "KNA - Saint Kitts and Nevis", "index": "HDI - Human Development Index", "indicator": "mys - Mean Years of Schooling (years)", "year": "2016", "value": "8.4"}, {"country": "KNA - Saint Kitts and Nevis", "index": "HDI - Human Development Index", "indicator": "mys - Mean Years of Schooling (years)", "year": "2017", "value": "8.4"}, {"country": "KNA - Saint Kitts and Nevis", "index": "HDI - Human Development Index", "indicator": "mys - Mean Years of Schooling (years)", "year": "2018", "value": "8.5"}, {"country": "KNA - Saint Kitts and Nevis", "index": "HDI - Human Development Index", "indicator": "mys - Mean Years of Schooling (years)", "year": "2019", "value": "8.662745"}, {"country": "KNA - Saint Kitts and Nevis", "index": "HDI - Human Development Index", "indicator": "mys - Mean Years of Schooling (years)", "year": "2020", "value": "8.662745"}, {"country": "KNA - Saint Kitts and Nevis", "index": "HDI - Human Development Index", "indicator": "mys - Mean Years of Schooling (years)", "year": "2021", "value": "8.662745"}, {"country": "KNA - Saint Kitts and Nevis", "index": "GII - Gender Inequality Index", "indicator": "pr_f - Share of seats in parliament, female (% held by women)", "year": "1990", "value": "13.33333333"}, {"country": "KNA - Saint Kitts and Nevis", "index": "GII - Gender Inequality Index", "indicator": "pr_f - Share of seats in parliament, female (% held by women)", "year": "1991", "value": "13.33333333"}, {"country": "KNA - Saint Kitts and Nevis", "index": "GII - Gender Inequality Index", "indicator": "pr_f - Share of seats in parliament, female (% held by women)", "year": "1992", "value": "13.33333333"}, {"country": "KNA - Saint Kitts and Nevis", "index": "GII - Gender Inequality Index", "indicator": "pr_f - Share of seats in parliament, female (% held by women)", "year": "1993", "value": "13.33333333"}, {"country": "KNA - Saint Kitts and Nevis", "index": "GII - Gender Inequality Index", "indicator": "pr_f - Share of seats in parliament, female (% held by women)", "year": "1994", "value": "13.33333333"}, {"country": "KNA - Saint Kitts and Nevis", "index": "GII - Gender Inequality Index", "indicator": "pr_f - Share of seats in parliament, female (% held by women)", "year": "1995", "value": "13.33333333"}, {"country": "KNA - Saint Kitts and Nevis", "index": "GII - Gender Inequality Index", "indicator": "pr_f - Share of seats in parliament, female (% held by women)", "year": "1996", "value": "13.33333333"}, {"country": "KNA - Saint Kitts and Nevis", "index": "GII - Gender Inequality Index", "indicator": "pr_f - Share of seats in parliament, female (% held by women)", "year": "1997", "value": "13.33333333"}, {"country": "KNA - Saint Kitts and Nevis", "index": "GII - Gender Inequality Index", "indicator": "pr_f - Share of seats in parliament, female (% held by women)", "year": "1998", "value": "13.33333333"}, {"country": "KNA - Saint Kitts and Nevis", "index": "GII - Gender Inequality Index", "indicator": "pr_f - Share of seats in parliament, female (% held by women)", "year": "1999", "value": "13.33333333"}, {"country": "KNA - Saint Kitts and Nevis", "index": "GII - Gender Inequality Index", "indicator": "pr_f - Share of seats in parliament, female (% held by women)", "year": "2000", "value": "13.33333333"}, {"country": "KNA - Saint Kitts and Nevis", "index": "GII - Gender Inequality Index", "indicator": "pr_f - Share of seats in parliament, female (% held by women)", "year": "2001", "value": "13.33333333"}, {"country": "KNA - Saint Kitts and Nevis", "index": "GII - Gender Inequality Index", "indicator": "pr_f - Share of seats in parliament, female (% held by women)", "year": "2002", "value": "13.33333333"}, {"country": "KNA - Saint Kitts and Nevis", "index": "GII - Gender Inequality Index", "indicator": "pr_f - Share of seats in parliament, female (% held by women)", "year": "2003", "value": "13.33333333"}, {"country": "KNA - Saint Kitts and Nevis", "index": "GII - Gender Inequality Index", "indicator": "pr_f - Share of seats in parliament, female (% held by women)", "year": "2004", "value": "0"}, {"country": "KNA - Saint Kitts and Nevis", "index": "GII - Gender Inequality Index", "indicator": "pr_f - Share of seats in parliament, female (% held by women)", "year": "2005", "value": "0"}, {"country": "KNA - Saint Kitts and Nevis", "index": "GII - Gender Inequality Index", "indicator": "pr_f - Share of seats in parliament, female (% held by women)", "year": "2006", "value": "0"}, {"country": "KNA - Saint Kitts and Nevis", "index": "GII - Gender Inequality Index", "indicator": "pr_f - Share of seats in parliament, female (% held by women)", "year": "2007", "value": "6.666666667"}, {"country": "KNA - Saint Kitts and Nevis", "index": "GII - Gender Inequality Index", "indicator": "pr_f - Share of seats in parliament, female (% held by women)", "year": "2008", "value": "6.666666667"}, {"country": "KNA - Saint Kitts and Nevis", "index": "GII - Gender Inequality Index", "indicator": "pr_f - Share of seats in parliament, female (% held by women)", "year": "2009", "value": "6.666666667"}, {"country": "KNA - Saint Kitts and Nevis", "index": "GII - Gender Inequality Index", "indicator": "pr_f - Share of seats in parliament, female (% held by women)", "year": "2010", "value": "6.666666667"}, {"country": "KNA - Saint Kitts and Nevis", "index": "GII - Gender Inequality Index", "indicator": "pr_f - Share of seats in parliament, female (% held by women)", "year": "2011", "value": "6.666666667"}, {"country": "KNA - Saint Kitts and Nevis", "index": "GII - Gender Inequality Index", "indicator": "pr_f - Share of seats in parliament, female (% held by women)", "year": "2012", "value": "6.666666667"}, {"country": "KNA - Saint Kitts and Nevis", "index": "GII - Gender Inequality Index", "indicator": "pr_f - Share of seats in parliament, female (% held by women)", "year": "2013", "value": "6.666666667"}, {"country": "KNA - Saint Kitts and Nevis", "index": "GII - Gender Inequality Index", "indicator": "pr_f - Share of seats in parliament, female (% held by women)", "year": "2014", "value": "6.666666667"}, {"country": "KNA - Saint Kitts and Nevis", "index": "GII - Gender Inequality Index", "indicator": "pr_f - Share of seats in parliament, female (% held by women)", "year": "2015", "value": "13.33333333"}, {"country": "KNA - Saint Kitts and Nevis", "index": "GII - Gender Inequality Index", "indicator": "pr_f - Share of seats in parliament, female (% held by women)", "year": "2016", "value": "13.33333333"}, {"country": "KNA - Saint Kitts and Nevis", "index": "GII - Gender Inequality Index", "indicator": "pr_f - Share of seats in parliament, female (% held by women)", "year": "2017", "value": "13.33333333"}, {"country": "KNA - Saint Kitts and Nevis", "index": "GII - Gender Inequality Index", "indicator": "pr_f - Share of seats in parliament, female (% held by women)", "year": "2018", "value": "13.33333333"}, {"country": "KNA - Saint Kitts and Nevis", "index": "GII - Gender Inequality Index", "indicator": "pr_f - Share of seats in parliament, female (% held by women)", "year": "2019", "value": "13.33333333"}, {"country": "KNA - Saint Kitts and Nevis", "index": "GII - Gender Inequality Index", "indicator": "pr_f - Share of seats in parliament, female (% held by women)", "year": "2020", "value": "25"}, {"country": "KNA - Saint Kitts and Nevis", "index": "GII - Gender Inequality Index", "indicator": "pr_f - Share of seats in parliament, female (% held by women)", "year": "2021", "value": "25"}, {"country": "KNA - Saint Kitts and Nevis", "index": "GII - Gender Inequality Index", "indicator": "pr_m - Share of seats in parliament, male (% held by men)", "year": "1990", "value": "86.66666667"}, {"country": "KNA - Saint Kitts and Nevis", "index": "GII - Gender Inequality Index", "indicator": "pr_m - Share of seats in parliament, male (% held by men)", "year": "1991", "value": "86.66666667"}, {"country": "KNA - Saint Kitts and Nevis", "index": "GII - Gender Inequality Index", "indicator": "pr_m - Share of seats in parliament, male (% held by men)", "year": "1992", "value": "86.66666667"}, {"country": "KNA - Saint Kitts and Nevis", "index": "GII - Gender Inequality Index", "indicator": "pr_m - Share of seats in parliament, male (% held by men)", "year": "1993", "value": "86.66666667"}, {"country": "KNA - Saint Kitts and Nevis", "index": "GII - Gender Inequality Index", "indicator": "pr_m - Share of seats in parliament, male (% held by men)", "year": "1994", "value": "86.66666667"}, {"country": "KNA - Saint Kitts and Nevis", "index": "GII - Gender Inequality Index", "indicator": "pr_m - Share of seats in parliament, male (% held by men)", "year": "1995", "value": "86.66666667"}, {"country": "KNA - Saint Kitts and Nevis", "index": "GII - Gender Inequality Index", "indicator": "pr_m - Share of seats in parliament, male (% held by men)", "year": "1996", "value": "86.66666667"}, {"country": "KNA - Saint Kitts and Nevis", "index": "GII - Gender Inequality Index", "indicator": "pr_m - Share of seats in parliament, male (% held by men)", "year": "1997", "value": "86.66666667"}, {"country": "KNA - Saint Kitts and Nevis", "index": "GII - Gender Inequality Index", "indicator": "pr_m - Share of seats in parliament, male (% held by men)", "year": "1998", "value": "86.66666667"}, {"country": "KNA - Saint Kitts and Nevis", "index": "GII - Gender Inequality Index", "indicator": "pr_m - Share of seats in parliament, male (% held by men)", "year": "1999", "value": "86.66666667"}, {"country": "KNA - Saint Kitts and Nevis", "index": "GII - Gender Inequality Index", "indicator": "pr_m - Share of seats in parliament, male (% held by men)", "year": "2000", "value": "86.66666667"}, {"country": "KNA - Saint Kitts and Nevis", "index": "GII - Gender Inequality Index", "indicator": "pr_m - Share of seats in parliament, male (% held by men)", "year": "2001", "value": "86.66666667"}, {"country": "KNA - Saint Kitts and Nevis", "index": "GII - Gender Inequality Index", "indicator": "pr_m - Share of seats in parliament, male (% held by men)", "year": "2002", "value": "86.66666667"}, {"country": "KNA - Saint Kitts and Nevis", "index": "GII - Gender Inequality Index", "indicator": "pr_m - Share of seats in parliament, male (% held by men)", "year": "2003", "value": "86.66666667"}, {"country": "KNA - Saint Kitts and Nevis", "index": "GII - Gender Inequality Index", "indicator": "pr_m - Share of seats in parliament, male (% held by men)", "year": "2004", "value": "100"}, {"country": "KNA - Saint Kitts and Nevis", "index": "GII - Gender Inequality Index", "indicator": "pr_m - Share of seats in parliament, male (% held by men)", "year": "2005", "value": "100"}, {"country": "KNA - Saint Kitts and Nevis", "index": "GII - Gender Inequality Index", "indicator": "pr_m - Share of seats in parliament, male (% held by men)", "year": "2006", "value": "100"}, {"country": "KNA - Saint Kitts and Nevis", "index": "GII - Gender Inequality Index", "indicator": "pr_m - Share of seats in parliament, male (% held by men)", "year": "2007", "value": "93.33333333"}, {"country": "KNA - Saint Kitts and Nevis", "index": "GII - Gender Inequality Index", "indicator": "pr_m - Share of seats in parliament, male (% held by men)", "year": "2008", "value": "93.33333333"}, {"country": "KNA - Saint Kitts and Nevis", "index": "GII - Gender Inequality Index", "indicator": "pr_m - Share of seats in parliament, male (% held by men)", "year": "2009", "value": "93.33333333"}, {"country": "KNA - Saint Kitts and Nevis", "index": "GII - Gender Inequality Index", "indicator": "pr_m - Share of seats in parliament, male (% held by men)", "year": "2010", "value": "93.33333333"}, {"country": "KNA - Saint Kitts and Nevis", "index": "GII - Gender Inequality Index", "indicator": "pr_m - Share of seats in parliament, male (% held by men)", "year": "2011", "value": "93.33333333"}, {"country": "KNA - Saint Kitts and Nevis", "index": "GII - Gender Inequality Index", "indicator": "pr_m - Share of seats in parliament, male (% held by men)", "year": "2012", "value": "93.33333333"}, {"country": "KNA - Saint Kitts and Nevis", "index": "GII - Gender Inequality Index", "indicator": "pr_m - Share of seats in parliament, male (% held by men)", "year": "2013", "value": "93.33333333"}, {"country": "KNA - Saint Kitts and Nevis", "index": "GII - Gender Inequality Index", "indicator": "pr_m - Share of seats in parliament, male (% held by men)", "year": "2014", "value": "93.33333333"}, {"country": "KNA - Saint Kitts and Nevis", "index": "GII - Gender Inequality Index", "indicator": "pr_m - Share of seats in parliament, male (% held by men)", "year": "2015", "value": "86.66666667"}, {"country": "KNA - Saint Kitts and Nevis", "index": "GII - Gender Inequality Index", "indicator": "pr_m - Share of seats in parliament, male (% held by men)", "year": "2016", "value": "86.66666667"}, {"country": "KNA - Saint Kitts and Nevis", "index": "GII - Gender Inequality Index", "indicator": "pr_m - Share of seats in parliament, male (% held by men)", "year": "2017", "value": "86.66666667"}, {"country": "KNA - Saint Kitts and Nevis", "index": "GII - Gender Inequality Index", "indicator": "pr_m - Share of seats in parliament, male (% held by men)", "year": "2018", "value": "86.66666667"}, {"country": "KNA - Saint Kitts and Nevis", "index": "GII - Gender Inequality Index", "indicator": "pr_m - Share of seats in parliament, male (% held by men)", "year": "2019", "value": "86.66666667"}, {"country": "KNA - Saint Kitts and Nevis", "index": "GII - Gender Inequality Index", "indicator": "pr_m - Share of seats in parliament, male (% held by men)", "year": "2020", "value": "75"}, {"country": "KNA - Saint Kitts and Nevis", "index": "GII - Gender Inequality Index", "indicator": "pr_m - Share of seats in parliament, male (% held by men)", "year": "2021", "value": "75"}]